age,region,activity,heart_rate,steps,calories,step_range,calories_range,sleep_hours,weight_kg,fitness_level
22,East,Gym,85,10170,433,8k-11k,400-550,5.81,76.0,moderately_fit
20,South,Running,105,11890,545,11k-14k,400-550,5.94,79.1,moderately_fit
50,North,Gym,62,6461,270,5k-8k,250-400,7.19,71.1,unfit
29,North,Gym,77,12858,687,11k-14k,550-700,8.29,67.2,fit
31,North,Walking,68,11024,486,11k-14k,400-550,8.96,82.7,moderately_fit
20,South,Cycling,91,9057,439,8k-11k,400-550,7.78,82.8,moderately_fit
34,East,Running,112,12231,716,11k-14k,>700,9.15,77.4,fit
27,North,Gym,81,9410,267,8k-11k,250-400,7.63,63.1,moderately_fit
36,South,Running,107,13802,771,11k-14k,>700,8.51,80.6,fit
18,West,Sports,89,10624,507,8k-11k,400-550,7.18,77.3,moderately_fit
57,North,Walking,130,7220,210,5k-8k,<250,6.84,90.2,moderately_fit
55,North,Walking,76,7478,232,5k-8k,<250,6.93,73.7,moderately_fit
18,North,Running,106,17550,852,>14k,>700,7.41,86.0,fit
25,East,Running,100,16557,971,>14k,>700,6.98,59.3,fit
58,South,Walking,120,6029,188,5k-8k,<250,7.26,85.9,unfit
26,South,Gym,94,11943,423,11k-14k,400-550,6.62,79.6,moderately_fit
26,West,Gym,76,10826,513,8k-11k,400-550,7.43,80.4,moderately_fit
28,East,Running,103,9548,458,8k-11k,400-550,7.08,53.1,moderately_fit
29,North,Gym,90,5574,227,5k-8k,<250,8.56,58.6,unfit
55,East,Running,94,12225,639,11k-14k,550-700,8.54,83.3,fit
20,North,Sports,85,16041,874,>14k,>700,6.63,78.7,fit
25,East,Sports,83,13508,813,11k-14k,>700,6.94,67.5,fit
49,North,Cycling,85,10990,540,8k-11k,400-550,6.88,74.3,moderately_fit
52,East,Gym,73,5085,260,5k-8k,250-400,7.16,74.6,unfit
28,North,Cycling,97,11368,572,11k-14k,550-700,5.11,66.1,moderately_fit
59,West,Cycling,82,11575,546,11k-14k,400-550,7.66,101.1,moderately_fit
46,North,Cycling,110,10874,398,8k-11k,250-400,5.82,84.9,moderately_fit
28,South,Gym,97,9594,403,8k-11k,400-550,6.43,62.4,moderately_fit
23,North,Walking,77,8921,271,8k-11k,250-400,7.13,78.2,moderately_fit
35,West,Sports,88,12093,511,11k-14k,400-550,8.94,62.6,moderately_fit
23,East,Sports,104,15503,697,>14k,550-700,7.06,69.4,fit
46,North,Running,105,12877,700,11k-14k,550-700,7.73,66.5,fit
29,West,Sports,92,11969,558,11k-14k,550-700,6.07,55.8,moderately_fit
18,South,Cycling,90,9381,410,8k-11k,400-550,6.84,73.6,moderately_fit
36,East,Running,102,16843,775,>14k,>700,6.5,73.0,fit
21,East,Gym,75,7448,352,5k-8k,250-400,7.22,73.8,moderately_fit
24,North,Running,91,15112,691,>14k,550-700,6.24,57.0,fit
30,West,Running,109,16202,839,>14k,>700,8.46,96.4,fit
24,North,Sports,88,16953,867,>14k,>700,6.51,67.8,fit
27,North,Running,104,14779,695,>14k,550-700,7.06,81.4,fit
54,West,Cycling,97,12598,716,11k-14k,>700,6.46,76.7,fit
29,East,Cycling,79,11188,447,11k-14k,400-550,5.93,71.9,moderately_fit
29,North,Gym,62,7865,362,5k-8k,250-400,5.37,63.1,moderately_fit
44,North,Walking,59,12146,464,11k-14k,400-550,4.13,96.3,moderately_fit
20,East,Running,95,11145,532,11k-14k,400-550,7.17,93.8,moderately_fit
43,North,Gym,75,15636,696,>14k,550-700,8.0,69.9,fit
36,West,Cycling,97,14630,759,>14k,>700,6.7,76.2,fit
37,East,Gym,80,7296,398,5k-8k,250-400,5.71,73.8,moderately_fit
25,North,Gym,75,11157,548,11k-14k,400-550,6.19,83.9,moderately_fit
47,South,Gym,86,4572,155,<5k,<250,6.7,93.8,unfit
36,South,Gym,94,10282,548,8k-11k,400-550,6.26,60.2,moderately_fit
66,South,Walking,69,6084,259,5k-8k,250-400,7.44,58.2,unfit
59,East,Sports,99,11612,656,11k-14k,550-700,8.49,73.8,moderately_fit
30,West,Gym,80,8190,350,8k-11k,250-400,6.73,62.8,moderately_fit
34,South,Sports,92,12010,559,11k-14k,550-700,5.58,69.7,moderately_fit
24,South,Sports,99,13670,711,11k-14k,>700,6.18,77.1,fit
27,North,Sports,105,10998,503,8k-11k,400-550,7.06,83.0,moderately_fit
26,East,Running,120,18418,929,>14k,>700,5.93,71.3,fit
40,East,Cycling,84,10565,488,8k-11k,400-550,7.19,83.1,moderately_fit
26,East,Gym,76,10327,365,8k-11k,250-400,7.4,68.5,moderately_fit
75,North,Walking,81,3294,144,<5k,<250,6.29,94.4,unfit
24,West,Cycling,76,7391,362,5k-8k,250-400,7.18,58.6,moderately_fit
21,North,Walking,73,5147,199,5k-8k,<250,5.54,71.9,unfit
31,East,Sports,101,13364,663,11k-14k,550-700,6.45,53.9,fit
61,East,Running,101,8329,331,8k-11k,250-400,7.24,81.6,moderately_fit
29,East,Running,111,16086,819,>14k,>700,6.76,75.1,fit
26,South,Gym,90,13603,662,11k-14k,550-700,7.01,56.5,fit
26,South,Cycling,45,13287,535,11k-14k,400-550,6.08,72.8,moderately_fit
47,North,Running,107,13378,528,11k-14k,400-550,5.8,80.2,moderately_fit
18,East,Cycling,77,13639,570,11k-14k,550-700,6.95,80.7,moderately_fit
26,North,Running,100,17512,850,>14k,>700,8.44,85.3,fit
55,South,Walking,66,6650,251,5k-8k,250-400,4.9,77.8,unfit
48,North,Gym,78,9659,417,8k-11k,400-550,8.38,79.7,moderately_fit
30,East,Gym,45,7786,438,5k-8k,400-550,8.46,58.9,moderately_fit
21,South,Walking,73,5887,162,5k-8k,<250,4.6,71.7,unfit
32,East,Walking,70,6241,202,5k-8k,<250,7.76,76.5,unfit
30,East,Gym,76,8384,420,8k-11k,400-550,5.61,68.5,moderately_fit
56,East,Cycling,120,8042,315,8k-11k,250-400,7.64,78.4,moderately_fit
24,North,Running,94,17839,877,>14k,>700,8.86,75.4,fit
33,East,Gym,90,2210,100,<5k,<250,7.38,61.1,unfit
60,South,Gym,87,6665,340,5k-8k,250-400,7.53,84.3,unfit
24,North,Running,100,16629,792,>14k,>700,8.11,74.2,fit
51,North,Gym,93,9566,425,8k-11k,400-550,10.09,73.2,moderately_fit
29,North,Running,100,11443,516,11k-14k,400-550,6.7,81.2,moderately_fit
66,North,Walking,75,8917,322,8k-11k,250-400,7.74,76.0,moderately_fit
40,South,Gym,107,5073,216,5k-8k,<250,5.73,93.6,unfit
31,North,Gym,75,8258,363,8k-11k,250-400,5.79,79.4,moderately_fit
29,South,Gym,90,8492,339,8k-11k,250-400,7.36,71.9,moderately_fit
22,North,Running,99,13640,880,11k-14k,>700,8.26,78.2,fit
48,North,Sports,89,13799,615,11k-14k,550-700,7.81,85.0,fit
51,West,Walking,80,6271,231,5k-8k,<250,6.1,67.3,unfit
36,South,Cycling,80,11359,549,11k-14k,400-550,6.82,71.9,moderately_fit
18,North,Cycling,86,14198,611,>14k,550-700,6.35,64.6,fit
22,South,Gym,81,8134,269,8k-11k,250-400,7.31,93.1,moderately_fit
53,North,Sports,102,9579,489,8k-11k,400-550,7.72,61.0,moderately_fit
24,North,Gym,80,13790,584,11k-14k,550-700,8.12,77.9,moderately_fit
51,North,Sports,101,11085,456,11k-14k,400-550,5.78,70.3,moderately_fit
53,West,Walking,76,3943,130,<5k,<250,10.16,68.9,unfit
54,East,Walking,71,4367,168,<5k,<250,5.37,81.1,unfit
56,East,Gym,103,9696,375,8k-11k,250-400,6.02,78.9,moderately_fit
22,West,Sports,91,9829,682,8k-11k,550-700,7.04,78.6,moderately_fit
21,West,Gym,45,8617,392,8k-11k,250-400,7.0,73.2,moderately_fit
31,East,Cycling,78,11468,561,11k-14k,550-700,7.82,64.8,moderately_fit
20,East,Cycling,88,11874,461,11k-14k,400-550,7.84,80.8,moderately_fit
53,North,Walking,80,9099,342,8k-11k,250-400,7.15,77.5,moderately_fit
50,North,Gym,93,1740,100,<5k,<250,8.5,67.7,unfit
54,South,Gym,83,8804,264,8k-11k,250-400,7.99,68.9,moderately_fit
29,South,Gym,80,8560,362,8k-11k,250-400,5.71,68.5,moderately_fit
30,West,Cycling,81,14332,626,>14k,550-700,6.82,88.3,fit
53,South,Sports,89,9377,540,8k-11k,400-550,6.6,51.0,moderately_fit
50,East,Cycling,87,8923,408,8k-11k,400-550,7.01,83.0,moderately_fit
67,South,Sports,89,8743,491,8k-11k,400-550,8.47,85.6,moderately_fit
57,North,Walking,50,4597,209,<5k,<250,7.27,86.0,unfit
65,South,Walking,82,4311,113,<5k,<250,6.39,78.8,unfit
51,South,Cycling,81,8987,369,8k-11k,250-400,8.39,73.3,moderately_fit
40,South,Sports,92,15205,808,>14k,>700,8.2,88.5,fit
46,South,Gym,79,6904,298,5k-8k,250-400,5.63,62.2,unfit
19,North,Gym,79,8214,365,8k-11k,250-400,6.07,59.2,moderately_fit
24,South,Cycling,87,10519,520,8k-11k,400-550,7.61,51.1,moderately_fit
50,South,Walking,70,6300,227,5k-8k,<250,6.36,72.1,unfit
53,South,Walking,82,9718,332,8k-11k,250-400,7.27,101.8,moderately_fit
34,South,Cycling,74,8810,471,8k-11k,400-550,6.79,63.2,moderately_fit
33,North,Sports,97,17947,818,>14k,>700,8.02,77.4,fit
56,North,Cycling,86,10090,607,8k-11k,550-700,7.19,72.6,moderately_fit
25,North,Cycling,74,8939,506,8k-11k,400-550,7.8,69.1,moderately_fit
57,South,Walking,71,4825,168,<5k,<250,6.89,68.6,unfit
31,South,Cycling,102,6118,310,5k-8k,250-400,6.92,67.5,unfit
50,West,Walking,67,6506,267,5k-8k,250-400,8.21,67.7,unfit
22,North,Sports,45,15282,624,>14k,550-700,6.93,87.1,fit
24,North,Running,94,14493,592,>14k,550-700,9.53,68.5,moderately_fit
48,South,Cycling,89,11607,375,11k-14k,250-400,5.38,61.4,moderately_fit
53,South,Cycling,93,10271,446,8k-11k,400-550,6.12,90.3,moderately_fit
32,South,Walking,110,9673,410,8k-11k,400-550,6.74,56.4,moderately_fit
47,East,Sports,83,8037,366,8k-11k,250-400,5.66,83.1,moderately_fit
64,East,Walking,73,7312,257,5k-8k,250-400,5.97,78.6,moderately_fit
52,North,Walking,63,9960,350,8k-11k,250-400,7.34,89.3,moderately_fit
26,West,Gym,87,15879,750,>14k,>700,6.82,61.8,fit
55,North,Cycling,82,12590,749,11k-14k,>700,7.94,88.7,fit
24,East,Cycling,74,11948,641,11k-14k,550-700,8.62,76.4,moderately_fit
52,East,Walking,70,4256,155,<5k,<250,7.0,79.0,unfit
32,East,Walking,59,5620,193,5k-8k,<250,5.48,74.9,unfit
59,North,Sports,86,9013,504,8k-11k,400-550,7.07,69.1,moderately_fit
59,North,Walking,85,9533,363,8k-11k,250-400,6.45,109.8,moderately_fit
49,South,Cycling,91,8194,438,8k-11k,400-550,7.34,76.9,moderately_fit
65,North,Gym,106,7315,325,5k-8k,250-400,6.58,77.6,moderately_fit
53,North,Cycling,83,11551,533,11k-14k,400-550,7.3,73.4,moderately_fit
30,South,Running,109,3943,236,<5k,<250,8.19,75.7,unfit
35,South,Running,104,10109,533,8k-11k,400-550,4.78,77.2,moderately_fit
49,East,Sports,103,15196,682,>14k,550-700,7.81,82.7,fit
56,North,Walking,87,8059,232,8k-11k,<250,5.82,75.3,moderately_fit
25,East,Gym,83,12157,449,11k-14k,400-550,5.12,78.1,moderately_fit
64,North,Walking,79,3667,136,<5k,<250,4.83,89.0,unfit
25,West,Sports,89,16022,763,>14k,>700,7.61,89.3,fit
56,South,Cycling,50,6917,399,5k-8k,250-400,6.92,80.6,moderately_fit
29,South,Walking,70,7596,197,5k-8k,<250,8.02,81.9,moderately_fit
42,West,Cycling,70,11816,541,11k-14k,400-550,8.61,65.0,moderately_fit
34,North,Running,113,15898,820,>14k,>700,6.11,70.6,fit
58,North,Sports,86,10767,575,8k-11k,550-700,7.12,65.0,moderately_fit
39,South,Gym,78,8097,390,8k-11k,250-400,8.4,62.3,moderately_fit
18,North,Cycling,81,7381,344,5k-8k,250-400,6.35,70.8,moderately_fit
25,South,Running,116,14547,702,>14k,>700,9.06,77.5,fit
36,North,Walking,71,2703,100,<5k,<250,6.39,78.9,unfit
29,West,Cycling,94,12538,528,11k-14k,400-550,7.56,65.3,moderately_fit
28,South,Gym,64,6886,274,5k-8k,250-400,7.07,80.0,unfit
56,North,Running,99,10721,559,8k-11k,550-700,7.5,66.5,moderately_fit
26,East,Cycling,89,10081,529,8k-11k,400-550,8.02,65.4,moderately_fit
24,North,Running,100,16098,1020,>14k,>700,6.45,70.4,fit
20,North,Gym,99,7891,393,5k-8k,250-400,7.16,62.2,moderately_fit
22,South,Sports,96,13293,642,11k-14k,550-700,7.34,63.6,fit
55,East,Walking,78,6395,225,5k-8k,<250,6.79,80.5,unfit
51,South,Gym,76,7964,405,5k-8k,400-550,8.16,72.6,moderately_fit
27,South,Cycling,93,12261,463,11k-14k,400-550,7.21,70.4,moderately_fit
27,North,Sports,103,9213,426,8k-11k,400-550,7.66,87.9,moderately_fit
22,West,Running,99,11102,572,11k-14k,550-700,8.96,78.6,moderately_fit
45,East,Gym,83,11783,442,11k-14k,400-550,7.78,75.5,moderately_fit
46,North,Cycling,103,5910,336,5k-8k,250-400,7.27,69.7,unfit
65,East,Walking,83,9826,362,8k-11k,250-400,6.08,90.0,moderately_fit
59,South,Walking,69,5537,202,5k-8k,<250,7.8,68.0,unfit
31,North,Sports,106,9747,501,8k-11k,400-550,6.01,68.9,moderately_fit
25,North,Running,105,16883,659,>14k,550-700,7.8,71.5,fit
55,North,Walking,76,4902,182,<5k,<250,6.69,76.5,unfit
45,East,Running,112,13314,678,11k-14k,550-700,7.71,58.0,fit
47,South,Gym,88,11174,436,11k-14k,400-550,7.92,77.7,moderately_fit
40,North,Walking,69,8253,323,8k-11k,250-400,5.99,84.2,moderately_fit
34,North,Gym,87,9999,435,8k-11k,400-550,6.21,76.5,moderately_fit
24,South,Cycling,80,13156,667,11k-14k,550-700,5.88,80.7,fit
28,South,Cycling,96,11300,471,11k-14k,400-550,7.25,71.2,moderately_fit
33,East,Cycling,86,12827,677,11k-14k,550-700,8.22,81.4,fit
37,West,Gym,71,6051,257,5k-8k,250-400,6.25,60.4,unfit
25,South,Cycling,83,15087,764,>14k,>700,5.55,87.4,fit
57,South,Gym,92,7009,227,5k-8k,<250,6.21,92.4,moderately_fit
59,South,Gym,81,7709,391,5k-8k,250-400,7.49,85.6,moderately_fit
56,East,Cycling,90,8176,406,8k-11k,400-550,7.19,82.9,moderately_fit
19,North,Running,82,16718,798,>14k,>700,7.86,49.7,fit
30,North,Cycling,83,13675,771,11k-14k,>700,7.97,62.0,fit
48,East,Sports,80,7919,390,5k-8k,250-400,8.21,79.5,moderately_fit
45,North,Running,100,12092,640,11k-14k,550-700,6.52,67.8,fit
26,North,Running,107,14709,919,>14k,>700,9.06,79.7,fit
58,East,Gym,83,8424,277,8k-11k,250-400,7.01,76.2,moderately_fit
32,North,Gym,77,8337,374,8k-11k,250-400,7.62,66.8,moderately_fit
19,North,Cycling,101,10840,513,8k-11k,400-550,7.25,71.3,moderately_fit
33,South,Cycling,72,13015,515,11k-14k,400-550,7.81,55.5,moderately_fit
33,South,Gym,74,10271,460,8k-11k,400-550,6.49,56.7,moderately_fit
22,North,Walking,62,8217,355,8k-11k,250-400,5.85,66.8,moderately_fit
25,West,Sports,94,15516,792,>14k,>700,7.52,67.5,fit
29,North,Running,110,9886,383,8k-11k,250-400,8.27,69.4,moderately_fit
29,East,Gym,79,11262,582,11k-14k,550-700,8.32,69.6,moderately_fit
58,North,Walking,71,6613,187,5k-8k,<250,6.12,49.4,unfit
29,South,Running,103,9535,470,8k-11k,400-550,8.19,74.8,moderately_fit
31,North,Gym,72,12049,386,11k-14k,250-400,7.34,85.2,moderately_fit
28,North,Walking,76,8646,287,8k-11k,250-400,6.56,63.4,moderately_fit
26,North,Cycling,90,13168,593,11k-14k,550-700,7.4,73.5,moderately_fit
24,South,Cycling,95,10760,433,8k-11k,400-550,7.17,82.6,moderately_fit
34,South,Gym,80,10839,493,8k-11k,400-550,7.48,67.4,moderately_fit
30,North,Walking,130,5898,229,5k-8k,<250,4.8,54.2,unfit
29,West,Running,109,9863,545,8k-11k,400-550,5.78,84.5,moderately_fit
24,North,Gym,77,9567,403,8k-11k,400-550,6.3,61.4,moderately_fit
31,South,Gym,84,10820,512,8k-11k,400-550,7.78,70.8,moderately_fit
35,North,Gym,85,11403,525,11k-14k,400-550,7.41,62.9,moderately_fit
25,South,Gym,85,9910,357,8k-11k,250-400,7.13,61.5,moderately_fit
57,East,Walking,65,6067,194,5k-8k,<250,7.78,69.5,unfit
27,South,Sports,80,14755,609,>14k,550-700,6.75,76.8,fit
28,North,Gym,89,8498,352,8k-11k,250-400,7.43,80.0,moderately_fit
35,North,Gym,92,7461,359,5k-8k,250-400,6.64,83.3,moderately_fit
64,East,Walking,67,8783,276,8k-11k,250-400,6.2,83.5,moderately_fit
25,North,Running,95,13466,532,11k-14k,400-550,8.84,62.1,moderately_fit
55,South,Cycling,77,11331,545,11k-14k,400-550,6.99,70.3,moderately_fit
24,North,Running,103,18478,949,>14k,>700,7.54,68.1,fit
71,North,Cycling,87,8285,414,8k-11k,400-550,7.18,93.0,moderately_fit
62,North,Walking,65,6181,255,5k-8k,250-400,6.46,84.0,unfit
26,West,Cycling,72,15854,905,>14k,>700,7.7,72.2,fit
24,East,Gym,75,6330,294,5k-8k,250-400,5.94,76.5,unfit
23,South,Walking,69,5083,222,5k-8k,<250,5.41,57.7,unfit
26,North,Gym,69,11505,535,11k-14k,400-550,6.92,95.6,moderately_fit
55,South,Walking,130,5209,205,5k-8k,<250,6.28,69.3,unfit
40,South,Running,105,15384,917,>14k,>700,8.0,70.1,fit
58,South,Gym,91,7192,327,5k-8k,250-400,7.98,67.7,moderately_fit
29,North,Cycling,78,13201,479,11k-14k,400-550,6.12,59.8,moderately_fit
64,West,Walking,70,3783,135,<5k,<250,5.45,73.2,unfit
22,South,Running,98,16439,785,>14k,>700,6.98,74.6,fit
30,West,Gym,79,7947,301,5k-8k,250-400,6.57,73.6,moderately_fit
58,North,Gym,84,9133,360,8k-11k,250-400,7.08,66.4,moderately_fit
28,North,Walking,77,12195,415,11k-14k,400-550,7.45,56.5,moderately_fit
32,North,Walking,77,5644,167,5k-8k,<250,6.83,56.7,unfit
59,East,Gym,90,6381,257,5k-8k,250-400,7.67,88.2,unfit
21,North,Cycling,100,11440,518,11k-14k,400-550,6.75,83.6,moderately_fit
38,East,Cycling,88,11206,424,11k-14k,400-550,6.45,75.0,moderately_fit
21,East,Walking,68,3257,139,<5k,<250,5.86,72.6,unfit
28,East,Gym,72,9416,332,8k-11k,250-400,6.69,60.3,moderately_fit
57,East,Walking,68,5483,233,5k-8k,<250,6.66,81.7,unfit
33,East,Running,106,12865,643,11k-14k,550-700,7.25,68.8,fit
46,East,Running,104,13083,702,11k-14k,>700,6.74,45.0,fit
26,South,Gym,68,10351,369,8k-11k,250-400,7.0,58.1,moderately_fit
51,East,Walking,74,6917,225,5k-8k,<250,5.97,90.6,unfit
33,West,Running,98,10268,484,8k-11k,400-550,6.09,82.8,moderately_fit
60,North,Walking,77,5259,175,5k-8k,<250,7.17,77.3,unfit
20,West,Gym,101,9135,400,8k-11k,250-400,6.94,73.2,moderately_fit
36,North,Running,110,14781,618,>14k,550-700,7.37,68.8,fit
59,North,Walking,76,3881,155,<5k,<250,6.75,74.1,unfit
56,North,Cycling,72,9443,581,8k-11k,550-700,7.04,75.6,moderately_fit
28,North,Cycling,99,15222,779,>14k,>700,7.5,60.6,fit
18,East,Gym,69,3347,141,<5k,<250,8.95,75.7,unfit
34,West,Gym,97,8508,443,8k-11k,400-550,8.14,83.4,moderately_fit
29,East,Gym,85,4304,149,<5k,<250,6.28,77.8,unfit
46,West,Running,110,12200,556,11k-14k,550-700,5.54,84.5,moderately_fit
33,North,Sports,94,13788,639,11k-14k,550-700,8.18,72.9,fit
51,North,Walking,73,5218,202,5k-8k,<250,6.98,63.1,unfit
54,South,Cycling,86,11435,564,11k-14k,550-700,7.73,78.4,moderately_fit
48,East,Running,120,16082,1093,>14k,>700,6.73,86.0,fit
26,North,Cycling,100,12364,622,11k-14k,550-700,6.59,83.4,fit
18,West,Cycling,88,10712,532,8k-11k,400-550,7.36,78.6,moderately_fit
31,South,Cycling,89,12300,612,11k-14k,550-700,7.55,75.8,fit
28,West,Running,102,19042,1086,>14k,>700,9.35,90.7,fit
24,South,Cycling,76,8192,388,8k-11k,250-400,8.02,73.8,moderately_fit
27,South,Gym,96,12170,711,11k-14k,>700,7.25,58.7,fit
42,East,Sports,92,7697,376,5k-8k,250-400,4.43,69.5,moderately_fit
54,East,Gym,97,3806,169,<5k,<250,7.25,78.4,unfit
66,North,Gym,89,3716,168,<5k,<250,7.15,59.2,unfit
48,West,Sports,120,10301,537,8k-11k,400-550,6.08,72.8,moderately_fit
29,West,Cycling,69,14277,688,>14k,550-700,7.82,83.2,fit
36,North,Cycling,78,5532,209,5k-8k,<250,8.51,86.8,unfit
23,North,Gym,73,12140,552,11k-14k,550-700,8.94,73.5,moderately_fit
25,South,Sports,91,12010,701,11k-14k,>700,7.33,69.3,fit
29,South,Cycling,84,8362,479,8k-11k,400-550,6.66,78.1,moderately_fit
55,East,Gym,83,9012,352,8k-11k,250-400,8.23,80.6,moderately_fit
50,North,Sports,85,9039,473,8k-11k,400-550,6.43,64.0,moderately_fit
52,East,Walking,45,10704,370,8k-11k,250-400,6.68,74.1,moderately_fit
58,South,Walking,68,6863,236,5k-8k,<250,5.33,82.3,unfit
27,North,Running,116,14267,830,>14k,>700,8.43,45.0,fit
21,South,Gym,63,11420,434,11k-14k,400-550,6.41,69.1,moderately_fit
56,North,Running,90,15230,823,>14k,>700,8.19,76.8,fit
51,North,Walking,83,9121,334,8k-11k,250-400,6.57,84.4,moderately_fit
54,South,Walking,56,7936,266,5k-8k,250-400,7.08,66.0,moderately_fit
28,West,Running,98,18130,912,>14k,>700,7.01,73.1,fit
22,North,Running,112,18209,1093,>14k,>700,7.63,50.4,fit
26,South,Gym,68,11739,441,11k-14k,400-550,7.95,66.2,moderately_fit
44,North,Walking,62,5824,181,5k-8k,<250,6.02,75.7,unfit
27,North,Running,106,17871,878,>14k,>700,7.68,56.5,fit
27,South,Cycling,99,10208,530,8k-11k,400-550,8.45,65.5,moderately_fit
51,East,Cycling,78,10018,536,8k-11k,400-550,6.33,81.9,moderately_fit
56,North,Walking,71,5221,181,5k-8k,<250,5.84,85.0,unfit
21,West,Running,107,16721,718,>14k,>700,6.59,77.3,fit
26,North,Gym,83,12665,388,11k-14k,250-400,6.78,56.5,moderately_fit
31,West,Gym,80,8116,375,8k-11k,250-400,5.55,61.0,moderately_fit
53,West,Sports,93,6437,397,5k-8k,250-400,7.3,75.8,moderately_fit
44,South,Gym,77,10793,462,8k-11k,400-550,8.76,70.6,moderately_fit
61,North,Walking,64,7777,234,5k-8k,<250,6.63,76.5,moderately_fit
28,South,Gym,85,13244,578,11k-14k,550-700,9.09,64.4,moderately_fit
26,South,Sports,91,14541,611,>14k,550-700,5.66,89.4,fit
45,West,Running,91,15050,834,>14k,>700,6.11,64.1,fit
58,South,Gym,98,5539,260,5k-8k,250-400,5.32,85.8,unfit
54,South,Gym,66,9442,442,8k-11k,400-550,4.41,90.0,moderately_fit
50,East,Walking,84,10586,471,8k-11k,400-550,6.6,67.4,moderately_fit
29,West,Cycling,74,9737,557,8k-11k,550-700,6.07,86.5,moderately_fit
45,East,Walking,67,4124,132,<5k,<250,4.32,93.2,unfit
24,West,Running,112,14821,661,>14k,550-700,6.96,67.6,fit
47,South,Running,103,14912,735,>14k,>700,7.33,80.4,fit
34,East,Gym,78,9474,516,8k-11k,400-550,7.33,65.6,moderately_fit
66,East,Walking,73,9007,316,8k-11k,250-400,6.34,93.6,moderately_fit
26,East,Running,93,11618,586,11k-14k,550-700,7.87,53.4,moderately_fit
63,North,Walking,70,2568,108,<5k,<250,5.56,69.3,unfit
59,South,Walking,75,8671,305,8k-11k,250-400,5.49,86.7,moderately_fit
36,South,Walking,67,4224,156,<5k,<250,7.75,80.4,unfit
57,North,Cycling,84,9672,303,8k-11k,250-400,8.85,79.1,moderately_fit
58,North,Cycling,95,12304,648,11k-14k,550-700,5.86,87.3,fit
32,East,Cycling,86,11420,635,11k-14k,550-700,7.43,53.5,moderately_fit
54,South,Gym,93,5855,238,5k-8k,<250,6.1,85.9,unfit
31,North,Running,100,17516,989,>14k,>700,6.29,75.4,fit
48,East,Gym,71,8426,362,8k-11k,250-400,7.23,83.5,moderately_fit
39,West,Gym,79,8047,385,8k-11k,250-400,7.27,70.4,moderately_fit
25,South,Cycling,82,15548,507,>14k,400-550,6.76,83.4,moderately_fit
26,North,Cycling,100,10419,525,8k-11k,400-550,6.83,81.2,moderately_fit
48,West,Cycling,100,8101,309,8k-11k,250-400,6.09,74.1,moderately_fit
28,West,Running,97,11291,560,11k-14k,550-700,8.42,66.3,moderately_fit
30,North,Sports,79,15000,642,>14k,550-700,7.12,74.0,fit
53,North,Sports,85,11035,590,11k-14k,550-700,6.27,67.0,moderately_fit
32,South,Gym,74,7847,317,5k-8k,250-400,6.95,69.7,moderately_fit
29,East,Gym,85,5669,312,5k-8k,250-400,6.68,83.8,unfit
29,North,Running,98,18126,871,>14k,>700,6.51,64.9,fit
44,South,Gym,87,7084,307,5k-8k,250-400,6.12,65.0,moderately_fit
29,South,Cycling,94,6572,347,5k-8k,250-400,6.21,87.0,unfit
30,West,Gym,92,9418,442,8k-11k,400-550,5.89,76.5,moderately_fit
24,South,Running,100,17498,958,>14k,>700,7.35,74.8,fit
29,South,Running,93,16060,981,>14k,>700,6.96,73.7,fit
21,West,Running,107,14943,822,>14k,>700,9.34,62.4,fit
23,North,Gym,92,8562,343,8k-11k,250-400,7.65,86.6,moderately_fit
50,North,Sports,93,8825,395,8k-11k,250-400,7.47,73.3,moderately_fit
27,East,Gym,82,12589,485,11k-14k,400-550,6.69,51.0,moderately_fit
72,North,Cycling,110,2797,140,<5k,<250,6.88,76.2,unfit
25,East,Cycling,76,9067,306,8k-11k,250-400,5.74,86.0,moderately_fit
30,North,Gym,89,8960,403,8k-11k,400-550,5.81,71.2,moderately_fit
32,North,Sports,95,6800,357,5k-8k,250-400,6.11,86.0,moderately_fit
64,West,Gym,99,6388,290,5k-8k,250-400,5.39,80.9,unfit
26,South,Running,130,10519,541,8k-11k,400-550,7.22,66.0,moderately_fit
25,East,Running,103,15724,868,>14k,>700,5.68,64.5,fit
21,North,Running,95,12980,501,11k-14k,400-550,7.6,81.2,moderately_fit
26,North,Gym,69,8467,411,8k-11k,400-550,6.82,77.8,moderately_fit
69,East,Cycling,91,6312,259,5k-8k,250-400,8.78,67.9,unfit
58,South,Gym,103,9023,320,8k-11k,250-400,7.27,85.2,moderately_fit
52,South,Walking,87,6048,226,5k-8k,<250,5.37,74.2,unfit
36,North,Cycling,88,12925,699,11k-14k,550-700,5.84,71.3,fit
25,South,Cycling,85,14459,563,>14k,550-700,8.7,87.0,moderately_fit
22,East,Running,95,13738,534,11k-14k,400-550,6.41,90.9,moderately_fit
18,East,Gym,77,8257,409,8k-11k,400-550,6.33,62.5,moderately_fit
45,East,Gym,72,7152,267,5k-8k,250-400,6.61,53.9,moderately_fit
52,East,Walking,55,11510,401,11k-14k,400-550,6.45,78.5,moderately_fit
44,South,Running,114,10547,611,8k-11k,550-700,8.8,85.8,moderately_fit
60,South,Sports,97,8923,407,8k-11k,400-550,7.36,76.0,moderately_fit
28,East,Walking,75,7895,260,5k-8k,250-400,6.57,65.9,moderately_fit
37,North,Gym,80,10099,461,8k-11k,400-550,6.91,63.7,moderately_fit
43,North,Cycling,83,10258,517,8k-11k,400-550,7.26,75.6,moderately_fit
47,West,Walking,76,10001,362,8k-11k,250-400,7.31,61.6,moderately_fit
54,North,Walking,64,6551,245,5k-8k,<250,5.98,73.9,unfit
53,North,Gym,98,7293,298,5k-8k,250-400,6.5,73.6,moderately_fit
39,South,Cycling,89,12709,554,11k-14k,550-700,8.17,79.3,moderately_fit
56,East,Cycling,90,6743,306,5k-8k,250-400,6.64,86.1,unfit
28,South,Cycling,92,12547,566,11k-14k,550-700,6.55,67.6,moderately_fit
39,South,Gym,90,7672,405,5k-8k,400-550,8.23,62.1,moderately_fit
58,West,Cycling,120,12014,601,11k-14k,550-700,6.9,65.1,fit
27,East,Walking,130,10245,436,8k-11k,400-550,6.38,81.1,moderately_fit
43,East,Gym,79,7898,389,5k-8k,250-400,6.65,89.8,moderately_fit
24,North,Gym,71,7424,410,5k-8k,400-550,6.46,59.0,moderately_fit
29,North,Gym,50,4611,195,<5k,<250,6.69,91.0,unfit
53,South,Walking,77,6583,205,5k-8k,<250,6.22,95.8,unfit
30,North,Running,101,7402,364,5k-8k,250-400,8.19,64.0,moderately_fit
60,North,Gym,89,6987,263,5k-8k,250-400,6.11,76.8,unfit
18,North,Gym,81,8597,391,8k-11k,250-400,8.95,77.4,moderately_fit
32,South,Cycling,81,12275,629,11k-14k,550-700,6.53,72.4,fit
28,East,Cycling,83,11165,637,11k-14k,550-700,8.07,68.2,moderately_fit
52,East,Walking,81,5053,175,5k-8k,<250,5.07,87.8,unfit
36,North,Gym,81,10922,492,8k-11k,400-550,6.33,80.9,moderately_fit
40,South,Gym,74,5805,246,5k-8k,<250,6.78,65.5,unfit
68,North,Walking,87,6459,228,5k-8k,<250,5.63,85.6,unfit
28,South,Cycling,94,16355,648,>14k,550-700,7.78,75.2,fit
33,South,Walking,62,9131,384,8k-11k,250-400,7.06,71.5,moderately_fit
57,South,Walking,95,5109,209,5k-8k,<250,5.79,73.3,unfit
53,West,Walking,45,4096,149,<5k,<250,4.68,67.4,unfit
56,East,Cycling,94,11296,562,11k-14k,550-700,7.83,75.0,moderately_fit
65,East,Walking,85,3044,100,<5k,<250,6.58,74.5,unfit
28,West,Running,99,14018,700,>14k,550-700,6.81,77.3,fit
29,East,Walking,63,8862,289,8k-11k,250-400,5.92,85.3,moderately_fit
52,East,Cycling,130,6757,299,5k-8k,250-400,6.5,73.0,unfit
29,South,Sports,98,9386,606,8k-11k,550-700,8.05,75.0,moderately_fit
46,South,Running,110,8246,401,8k-11k,400-550,6.96,66.7,moderately_fit
36,East,Cycling,75,14546,774,>14k,>700,8.58,72.9,fit
29,North,Cycling,70,15366,573,>14k,550-700,9.57,79.1,moderately_fit
59,East,Cycling,86,12929,694,11k-14k,550-700,7.86,76.8,fit
54,West,Cycling,82,13663,817,11k-14k,>700,9.46,73.9,fit
53,East,Walking,89,4867,144,<5k,<250,7.2,73.3,unfit
57,North,Gym,85,2868,116,<5k,<250,6.64,81.2,unfit
28,South,Sports,86,16391,794,>14k,>700,8.84,71.1,fit
38,East,Gym,77,10989,474,8k-11k,400-550,6.84,65.6,moderately_fit
31,West,Sports,79,13995,633,11k-14k,550-700,9.63,83.3,fit
44,South,Running,112,9279,496,8k-11k,400-550,6.79,69.1,moderately_fit
26,East,Running,92,14491,712,>14k,>700,8.23,84.1,fit
24,West,Running,85,14877,773,>14k,>700,7.31,59.2,fit
35,North,Cycling,80,10482,504,8k-11k,400-550,6.13,94.1,moderately_fit
30,East,Gym,85,7074,339,5k-8k,250-400,6.11,85.2,moderately_fit
24,North,Walking,71,3878,157,<5k,<250,4.1,60.0,unfit
48,South,Cycling,93,7718,286,5k-8k,250-400,7.13,76.3,moderately_fit
55,South,Sports,99,2614,144,<5k,<250,7.72,78.1,unfit
37,East,Cycling,86,9447,542,8k-11k,400-550,5.04,66.7,moderately_fit
35,East,Gym,83,7329,286,5k-8k,250-400,3.88,86.5,moderately_fit
57,South,Walking,70,3584,119,<5k,<250,5.61,86.5,unfit
35,West,Sports,98,12528,553,11k-14k,550-700,7.3,83.0,moderately_fit
57,East,Walking,64,5233,172,5k-8k,<250,5.5,86.6,unfit
29,East,Running,94,13086,711,11k-14k,>700,7.45,66.1,fit
50,South,Walking,79,9075,387,8k-11k,250-400,5.91,80.1,moderately_fit
26,North,Gym,88,8663,422,8k-11k,400-550,5.6,77.0,moderately_fit
25,South,Gym,93,10667,394,8k-11k,250-400,7.72,60.8,moderately_fit
28,West,Gym,81,6625,291,5k-8k,250-400,7.31,67.6,unfit
68,North,Cycling,94,8638,489,8k-11k,400-550,6.82,84.0,moderately_fit
52,West,Walking,75,5981,231,5k-8k,<250,4.62,63.7,unfit
30,East,Gym,79,9431,392,8k-11k,250-400,6.45,74.5,moderately_fit
48,East,Running,101,8325,459,8k-11k,400-550,6.39,75.1,moderately_fit
59,East,Sports,104,6622,331,5k-8k,250-400,6.64,63.6,unfit
45,South,Cycling,86,8974,345,8k-11k,250-400,6.33,83.1,moderately_fit
50,East,Walking,76,8954,359,8k-11k,250-400,6.15,94.5,moderately_fit
18,South,Walking,65,5119,220,5k-8k,<250,6.15,67.3,unfit
54,East,Gym,80,11801,489,11k-14k,400-550,7.86,72.1,moderately_fit
22,East,Cycling,74,9913,506,8k-11k,400-550,6.46,72.5,moderately_fit
19,East,Gym,72,10141,513,8k-11k,400-550,7.08,76.0,moderately_fit
55,East,Walking,77,8031,362,8k-11k,250-400,5.57,66.1,moderately_fit
43,North,Cycling,84,9110,457,8k-11k,400-550,6.47,81.2,moderately_fit
26,North,Running,96,13469,665,11k-14k,550-700,6.64,72.3,fit
35,East,Running,108,17639,815,>14k,>700,8.2,56.7,fit
34,North,Gym,130,11674,609,11k-14k,550-700,6.61,68.0,moderately_fit
24,South,Gym,84,11351,537,11k-14k,400-550,6.81,71.2,moderately_fit
28,South,Gym,93,8968,373,8k-11k,250-400,6.51,67.9,moderately_fit
25,North,Gym,72,9342,462,8k-11k,400-550,6.85,73.9,moderately_fit
18,North,Sports,90,10319,510,8k-11k,400-550,7.02,70.1,moderately_fit
71,East,Walking,83,4605,171,<5k,<250,5.95,73.8,unfit
60,South,Gym,110,7368,302,5k-8k,250-400,5.05,93.5,moderately_fit
55,South,Gym,78,7449,368,5k-8k,250-400,6.39,61.5,moderately_fit
69,West,Walking,69,5872,232,5k-8k,<250,6.61,73.1,unfit
24,North,Cycling,83,14298,747,>14k,>700,7.87,80.7,fit
61,North,Running,104,6165,311,5k-8k,250-400,5.76,84.7,unfit
34,East,Sports,94,10030,576,8k-11k,550-700,5.84,72.8,moderately_fit
69,East,Walking,78,7568,308,5k-8k,250-400,5.88,95.5,moderately_fit
47,South,Walking,74,11385,306,11k-14k,250-400,6.02,67.8,moderately_fit
58,West,Walking,70,3719,149,<5k,<250,4.24,85.7,unfit
33,West,Gym,67,7436,396,5k-8k,250-400,6.97,58.8,moderately_fit
53,North,Gym,88,4395,225,<5k,<250,7.93,75.3,unfit
25,North,Cycling,86,6348,199,5k-8k,<250,6.4,75.1,unfit
30,East,Gym,80,9886,454,8k-11k,400-550,6.79,77.9,moderately_fit
25,North,Sports,88,13878,651,11k-14k,550-700,7.46,66.2,fit
32,North,Running,119,12701,525,11k-14k,400-550,7.1,60.9,moderately_fit
28,East,Running,111,13128,924,11k-14k,>700,6.62,90.1,fit
23,South,Gym,86,9388,407,8k-11k,400-550,6.36,70.8,moderately_fit
24,South,Gym,120,8178,402,8k-11k,400-550,6.91,61.2,moderately_fit
44,North,Sports,119,10637,592,8k-11k,550-700,7.83,69.9,moderately_fit
31,East,Gym,82,12600,533,11k-14k,400-550,6.96,81.8,moderately_fit
37,South,Cycling,94,8411,457,8k-11k,400-550,8.02,85.9,moderately_fit
28,North,Running,91,13150,655,11k-14k,550-700,7.06,65.9,fit
46,North,Sports,93,10254,633,8k-11k,550-700,6.99,95.5,moderately_fit
23,South,Cycling,76,10181,444,8k-11k,400-550,8.35,65.8,moderately_fit
29,West,Gym,90,9436,423,8k-11k,400-550,6.05,66.3,moderately_fit
35,West,Running,105,5800,297,5k-8k,250-400,7.97,66.0,unfit
26,North,Walking,74,8719,338,8k-11k,250-400,6.7,63.2,moderately_fit
31,East,Running,97,10783,610,8k-11k,550-700,6.65,75.5,moderately_fit
20,East,Gym,91,7765,269,5k-8k,250-400,5.85,65.1,moderately_fit
32,East,Running,86,13097,666,11k-14k,550-700,7.24,63.3,fit
28,South,Gym,76,5859,232,5k-8k,<250,7.1,67.5,unfit
61,North,Sports,93,12601,466,11k-14k,400-550,8.54,87.8,moderately_fit
24,East,Running,102,11928,693,11k-14k,550-700,7.41,51.3,moderately_fit
43,North,Sports,97,17415,922,>14k,>700,5.56,81.0,fit
20,North,Walking,71,9153,352,8k-11k,250-400,6.7,60.9,moderately_fit
56,South,Gym,84,6045,265,5k-8k,250-400,8.21,91.6,unfit
18,West,Gym,75,9234,435,8k-11k,400-550,7.05,87.8,moderately_fit
30,North,Running,96,14245,657,>14k,550-700,7.58,69.7,fit
30,East,Sports,89,16206,941,>14k,>700,5.26,89.6,fit
18,North,Sports,78,15375,823,>14k,>700,8.14,62.4,fit
27,West,Gym,81,11588,481,11k-14k,400-550,6.13,58.9,moderately_fit
31,South,Sports,100,11109,470,11k-14k,400-550,5.89,55.9,moderately_fit
31,North,Cycling,97,9542,424,8k-11k,400-550,6.51,57.3,moderately_fit
29,North,Sports,93,13640,655,11k-14k,550-700,7.25,72.5,fit
48,South,Running,117,16000,605,>14k,550-700,6.5,64.4,fit
29,North,Sports,100,11701,495,11k-14k,400-550,7.81,97.3,moderately_fit
54,North,Cycling,91,7408,362,5k-8k,250-400,5.84,72.0,moderately_fit
27,East,Gym,84,6816,287,5k-8k,250-400,7.06,64.2,unfit
52,South,Walking,61,2839,100,<5k,<250,5.55,71.3,unfit
31,East,Gym,79,8016,355,8k-11k,250-400,6.65,77.0,moderately_fit
26,North,Running,98,13436,825,11k-14k,>700,8.52,77.1,fit
52,South,Cycling,96,9229,467,8k-11k,400-550,7.41,86.8,moderately_fit
20,South,Cycling,81,13194,573,11k-14k,550-700,7.25,73.2,moderately_fit
39,North,Cycling,82,9148,410,8k-11k,400-550,6.14,87.7,moderately_fit
31,South,Gym,92,13621,536,11k-14k,400-550,6.65,73.0,moderately_fit
47,North,Gym,88,5219,193,5k-8k,<250,6.31,78.1,unfit
61,East,Walking,85,7072,276,5k-8k,250-400,4.36,82.7,moderately_fit
29,East,Cycling,86,8071,510,8k-11k,400-550,7.46,71.3,moderately_fit
24,South,Gym,69,7473,312,5k-8k,250-400,5.67,71.5,moderately_fit
22,North,Gym,70,10435,514,8k-11k,400-550,6.6,62.8,moderately_fit
62,North,Gym,82,9675,428,8k-11k,400-550,7.12,64.4,moderately_fit
30,South,Walking,76,6800,261,5k-8k,250-400,5.73,84.7,unfit
29,East,Gym,93,9478,399,8k-11k,250-400,5.83,70.4,moderately_fit
64,North,Walking,64,8072,260,8k-11k,250-400,6.95,70.9,moderately_fit
19,North,Sports,85,9857,582,8k-11k,550-700,5.61,73.2,moderately_fit
22,North,Gym,76,11658,543,11k-14k,400-550,6.06,83.9,moderately_fit
52,South,Cycling,94,7557,396,5k-8k,250-400,7.15,84.9,moderately_fit
25,North,Gym,75,10141,539,8k-11k,400-550,6.76,81.0,moderately_fit
57,South,Cycling,86,10229,603,8k-11k,550-700,6.79,67.9,moderately_fit
23,North,Running,105,10972,572,8k-11k,550-700,8.6,62.4,moderately_fit
18,South,Cycling,88,10133,347,8k-11k,250-400,7.65,64.6,moderately_fit
45,North,Sports,82,12324,666,11k-14k,550-700,7.85,80.1,fit
38,South,Running,113,12219,549,11k-14k,400-550,6.51,79.6,moderately_fit
29,North,Sports,78,10262,535,8k-11k,400-550,8.67,73.0,moderately_fit
56,North,Gym,86,7953,315,5k-8k,250-400,6.28,91.5,moderately_fit
23,South,Cycling,76,8901,441,8k-11k,400-550,7.44,72.2,moderately_fit
54,South,Gym,77,4643,278,<5k,250-400,7.2,86.4,unfit
32,South,Sports,92,5815,266,5k-8k,250-400,6.47,54.1,unfit
35,East,Cycling,78,11539,751,11k-14k,>700,5.9,79.0,moderately_fit
26,West,Gym,54,9546,408,8k-11k,400-550,6.67,93.2,moderately_fit
51,North,Gym,79,9151,428,8k-11k,400-550,6.4,79.4,moderately_fit
50,East,Cycling,81,12494,549,11k-14k,400-550,5.82,76.0,moderately_fit
25,South,Cycling,82,10836,599,8k-11k,550-700,6.44,73.8,moderately_fit
55,North,Sports,87,9619,529,8k-11k,400-550,7.82,78.4,moderately_fit
56,West,Walking,63,6659,201,5k-8k,<250,5.61,66.7,unfit
47,East,Gym,92,6641,329,5k-8k,250-400,7.56,79.1,unfit
58,West,Gym,89,3689,160,<5k,<250,7.34,73.5,unfit
33,North,Gym,77,6120,245,5k-8k,<250,7.23,71.5,unfit
21,North,Gym,76,9700,345,8k-11k,250-400,9.02,63.8,moderately_fit
23,South,Running,106,17499,1015,>14k,>700,6.48,78.1,fit
37,East,Gym,86,12651,555,11k-14k,550-700,7.28,60.3,moderately_fit
56,North,Walking,68,5403,165,5k-8k,<250,6.35,73.9,unfit
46,West,Gym,88,8552,328,8k-11k,250-400,6.88,86.7,moderately_fit
60,South,Cycling,94,13317,782,11k-14k,>700,4.44,88.8,fit
49,South,Gym,85,9225,347,8k-11k,250-400,6.21,74.3,moderately_fit
32,South,Gym,94,9409,421,8k-11k,400-550,6.38,54.7,moderately_fit
60,East,Gym,82,7725,411,5k-8k,400-550,6.86,93.3,moderately_fit
61,North,Walking,80,6870,148,5k-8k,<250,4.95,76.0,unfit
53,West,Sports,101,6915,314,5k-8k,250-400,6.89,72.1,unfit
29,South,Gym,120,11168,548,11k-14k,400-550,6.0,74.2,moderately_fit
66,North,Cycling,88,9257,385,8k-11k,250-400,6.07,81.9,moderately_fit
26,West,Running,106,17464,777,>14k,>700,5.31,69.3,fit
27,West,Cycling,92,12515,648,11k-14k,550-700,5.57,72.8,fit
30,East,Gym,71,11753,495,11k-14k,400-550,6.44,75.7,moderately_fit
57,West,Walking,73,4074,127,<5k,<250,7.27,65.4,unfit
63,South,Cycling,120,6908,274,5k-8k,250-400,6.94,73.0,unfit
28,West,Gym,90,9715,480,8k-11k,400-550,6.84,79.5,moderately_fit
64,North,Cycling,91,6441,298,5k-8k,250-400,7.5,92.4,unfit
42,East,Gym,77,10538,441,8k-11k,400-550,5.96,84.5,moderately_fit
21,East,Cycling,78,8221,357,8k-11k,250-400,5.9,64.4,moderately_fit
36,North,Sports,75,11041,506,11k-14k,400-550,7.43,81.7,moderately_fit
23,South,Sports,83,11150,593,11k-14k,550-700,6.86,63.9,moderately_fit
24,South,Gym,71,7743,296,5k-8k,250-400,7.51,66.5,moderately_fit
32,East,Gym,87,5639,207,5k-8k,<250,6.16,62.6,unfit
23,North,Sports,97,12671,717,11k-14k,>700,7.94,68.5,fit
23,East,Cycling,76,11392,503,11k-14k,400-550,6.11,65.9,moderately_fit
25,North,Walking,69,11435,373,11k-14k,250-400,6.51,82.8,moderately_fit
48,South,Running,96,19463,1175,>14k,>700,7.78,63.7,fit
38,West,Gym,91,5996,262,5k-8k,250-400,5.98,80.6,unfit
30,South,Sports,85,7202,299,5k-8k,250-400,5.69,88.6,moderately_fit
57,South,Walking,74,3518,115,<5k,<250,5.56,75.1,unfit
21,North,Running,112,14514,859,>14k,>700,7.01,85.8,fit
28,East,Running,106,17375,905,>14k,>700,6.86,57.4,fit
34,West,Sports,92,10409,629,8k-11k,550-700,8.36,86.4,moderately_fit
54,West,Cycling,88,10565,561,8k-11k,550-700,6.22,65.7,moderately_fit
38,East,Gym,72,6669,324,5k-8k,250-400,7.93,74.7,unfit
54,North,Gym,80,6382,265,5k-8k,250-400,7.82,64.5,unfit
60,North,Sports,94,9776,521,8k-11k,400-550,6.9,83.2,moderately_fit
24,North,Cycling,90,11492,508,11k-14k,400-550,5.32,91.4,moderately_fit
21,South,Running,96,14591,829,>14k,>700,6.34,65.8,fit
46,North,Cycling,91,7055,401,5k-8k,400-550,7.88,61.1,moderately_fit
50,North,Walking,68,8745,295,8k-11k,250-400,6.18,72.6,moderately_fit
75,South,Cycling,98,10485,569,8k-11k,550-700,8.2,90.4,moderately_fit
50,North,Walking,77,8763,342,8k-11k,250-400,6.3,80.7,moderately_fit
28,East,Running,106,11968,693,11k-14k,550-700,6.04,101.4,moderately_fit
55,West,Cycling,101,9338,507,8k-11k,400-550,7.21,77.6,moderately_fit
50,East,Walking,82,5243,223,5k-8k,<250,8.28,90.2,unfit
29,East,Running,93,10975,545,8k-11k,400-550,6.56,54.1,moderately_fit
57,East,Walking,74,6489,228,5k-8k,<250,7.88,94.6,unfit
30,North,Gym,90,3894,160,<5k,<250,9.48,72.1,unfit
66,North,Cycling,50,10277,499,8k-11k,400-550,6.29,78.7,moderately_fit
43,North,Cycling,80,7093,374,5k-8k,250-400,5.48,58.9,moderately_fit
21,North,Gym,88,9017,351,8k-11k,250-400,5.91,64.4,moderately_fit
27,East,Running,97,7292,366,5k-8k,250-400,6.22,69.0,moderately_fit
52,West,Gym,91,12252,440,11k-14k,400-550,6.29,81.9,moderately_fit
52,West,Walking,80,7503,292,5k-8k,250-400,6.55,75.5,moderately_fit
58,North,Cycling,95,9014,427,8k-11k,400-550,5.17,100.0,moderately_fit
59,West,Walking,66,4437,147,<5k,<250,6.28,59.2,unfit
30,North,Cycling,97,8375,469,8k-11k,400-550,7.64,77.5,moderately_fit
53,East,Walking,89,5732,204,5k-8k,<250,6.47,51.3,unfit
36,North,Gym,77,9555,363,8k-11k,250-400,7.62,72.9,moderately_fit
31,North,Walking,80,6846,202,5k-8k,<250,6.92,77.2,unfit
25,South,Gym,85,10860,529,8k-11k,400-550,8.44,68.6,moderately_fit
21,West,Cycling,45,16399,804,>14k,>700,6.3,84.8,fit
45,North,Gym,77,5517,227,5k-8k,<250,9.34,82.6,unfit
36,North,Walking,78,7512,273,5k-8k,250-400,5.61,77.8,moderately_fit
55,West,Sports,102,14146,477,>14k,400-550,6.13,80.9,moderately_fit
34,West,Cycling,80,9943,424,8k-11k,400-550,7.02,66.6,moderately_fit
39,North,Gym,87,8252,353,8k-11k,250-400,7.1,71.7,moderately_fit
30,East,Sports,97,13113,828,11k-14k,>700,7.42,94.7,fit
29,North,Gym,79,10956,481,8k-11k,400-550,8.24,69.6,moderately_fit
30,South,Cycling,95,13664,721,11k-14k,>700,9.26,61.6,fit
47,South,Walking,59,6671,215,5k-8k,<250,6.76,91.2,unfit
60,South,Gym,75,5212,177,5k-8k,<250,8.77,88.6,unfit
42,South,Running,114,14282,668,>14k,550-700,8.4,73.3,fit
29,South,Gym,89,6849,230,5k-8k,<250,4.98,62.2,unfit
32,South,Cycling,81,11709,538,11k-14k,400-550,7.78,86.8,moderately_fit
62,East,Gym,93,7259,345,5k-8k,250-400,4.77,75.2,moderately_fit
22,East,Cycling,96,11811,525,11k-14k,400-550,8.25,77.7,moderately_fit
30,South,Sports,98,11754,658,11k-14k,550-700,7.76,82.4,moderately_fit
31,North,Running,104,16705,895,>14k,>700,8.24,71.8,fit
18,East,Running,99,16854,810,>14k,>700,5.88,79.3,fit
31,East,Cycling,93,12696,578,11k-14k,550-700,7.75,69.8,moderately_fit
57,East,Cycling,87,7720,423,5k-8k,400-550,7.45,71.1,moderately_fit
18,South,Gym,81,5894,228,5k-8k,<250,6.35,54.2,unfit
39,North,Running,96,11708,640,11k-14k,550-700,7.57,84.1,moderately_fit
27,East,Running,93,15407,690,>14k,550-700,6.44,67.5,fit
47,North,Sports,94,10567,509,8k-11k,400-550,6.6,77.1,moderately_fit
30,West,Running,101,12501,691,11k-14k,550-700,8.22,75.0,fit
32,East,Gym,93,9620,478,8k-11k,400-550,6.84,74.8,moderately_fit
33,North,Running,112,12698,635,11k-14k,550-700,7.55,69.0,fit
52,South,Cycling,79,9401,474,8k-11k,400-550,7.23,72.2,moderately_fit
44,East,Sports,98,5774,215,5k-8k,<250,7.55,76.0,unfit
26,North,Cycling,92,13277,500,11k-14k,400-550,7.25,47.6,moderately_fit
31,South,Sports,90,13405,782,11k-14k,>700,5.04,49.7,fit
34,East,Gym,85,14213,640,>14k,550-700,6.1,80.2,fit
29,East,Running,121,11764,642,11k-14k,550-700,6.68,87.8,moderately_fit
53,North,Cycling,87,7942,288,5k-8k,250-400,5.29,82.7,moderately_fit
30,South,Gym,66,9635,368,8k-11k,250-400,7.04,88.4,moderately_fit
53,West,Walking,85,6065,225,5k-8k,<250,5.63,84.0,unfit
28,West,Cycling,88,15149,554,>14k,550-700,6.18,76.4,moderately_fit
48,East,Cycling,91,8579,450,8k-11k,400-550,5.18,63.2,moderately_fit
51,West,Sports,105,9755,467,8k-11k,400-550,6.73,79.8,moderately_fit
64,South,Sports,85,7607,474,5k-8k,400-550,7.4,71.7,moderately_fit
28,South,Gym,91,13142,523,11k-14k,400-550,7.03,58.4,moderately_fit
23,South,Sports,89,13784,519,11k-14k,400-550,7.76,77.3,moderately_fit
26,North,Gym,62,13393,560,11k-14k,550-700,6.52,73.8,moderately_fit
28,South,Cycling,74,18487,833,>14k,>700,8.1,74.7,fit
34,South,Gym,91,7026,309,5k-8k,250-400,7.62,70.4,moderately_fit
36,East,Gym,82,11495,646,11k-14k,550-700,6.71,90.4,moderately_fit
31,East,Sports,99,11231,705,11k-14k,>700,6.87,79.7,moderately_fit
26,South,Gym,91,7747,234,5k-8k,<250,8.89,64.8,moderately_fit
43,North,Cycling,93,6334,288,5k-8k,250-400,6.68,74.3,unfit
24,North,Gym,74,14920,717,>14k,>700,8.7,56.3,fit
68,North,Walking,74,7337,250,5k-8k,<250,7.19,67.7,moderately_fit
27,East,Gym,80,8836,434,8k-11k,400-550,6.08,66.8,moderately_fit
31,North,Cycling,82,12514,513,11k-14k,400-550,7.14,74.4,moderately_fit
56,South,Walking,70,2355,100,<5k,<250,5.96,78.0,unfit
56,South,Walking,79,5784,208,5k-8k,<250,5.69,76.9,unfit
32,East,Cycling,78,8975,424,8k-11k,400-550,7.12,45.0,moderately_fit
32,West,Gym,76,12680,560,11k-14k,550-700,6.2,59.9,moderately_fit
52,East,Gym,88,11515,610,11k-14k,550-700,6.13,70.7,moderately_fit
50,North,Sports,101,12452,669,11k-14k,550-700,7.23,82.9,fit
32,South,Gym,90,11435,498,11k-14k,400-550,7.98,69.0,moderately_fit
28,North,Running,111,12050,681,11k-14k,550-700,6.89,72.8,fit
20,North,Cycling,82,13632,495,11k-14k,400-550,7.36,67.1,moderately_fit
29,North,Cycling,77,7671,351,5k-8k,250-400,7.35,87.2,moderately_fit
49,North,Cycling,84,5734,241,5k-8k,<250,6.28,78.9,unfit
23,North,Sports,81,12302,655,11k-14k,550-700,8.52,67.8,fit
47,North,Walking,76,7513,267,5k-8k,250-400,6.08,90.3,moderately_fit
22,North,Sports,96,14148,704,>14k,>700,6.47,65.4,fit
28,East,Sports,96,8990,428,8k-11k,400-550,8.42,69.1,moderately_fit
35,West,Sports,89,7647,343,5k-8k,250-400,7.52,58.6,moderately_fit
27,West,Running,106,12745,604,11k-14k,550-700,8.18,79.1,fit
63,North,Cycling,92,6208,306,5k-8k,250-400,6.21,79.0,unfit
52,South,Walking,81,7410,325,5k-8k,250-400,8.38,82.2,moderately_fit
58,West,Cycling,96,6267,286,5k-8k,250-400,5.91,92.1,unfit
36,North,Gym,86,13660,592,11k-14k,550-700,7.79,91.6,moderately_fit
50,East,Cycling,103,10345,507,8k-11k,400-550,7.84,73.0,moderately_fit
31,South,Cycling,89,10592,544,8k-11k,400-550,7.03,74.7,moderately_fit
45,West,Walking,66,4265,231,<5k,<250,7.34,77.5,unfit
37,West,Sports,101,8050,292,8k-11k,250-400,5.73,76.6,moderately_fit
61,East,Gym,77,6331,286,5k-8k,250-400,6.96,78.1,unfit
22,East,Running,101,12863,792,11k-14k,>700,8.14,82.7,fit
20,North,Gym,81,5537,281,5k-8k,250-400,8.07,66.4,unfit
32,North,Sports,91,15215,839,>14k,>700,8.04,91.4,fit
31,South,Running,90,10384,439,8k-11k,400-550,5.11,68.6,moderately_fit
27,North,Running,112,15157,900,>14k,>700,8.1,64.4,fit
26,North,Running,100,15526,834,>14k,>700,7.54,63.8,fit
57,North,Cycling,102,4832,178,<5k,<250,8.55,72.6,unfit
56,West,Running,102,10045,540,8k-11k,400-550,7.24,77.5,moderately_fit
26,North,Gym,65,5942,236,5k-8k,<250,5.1,55.4,unfit
60,North,Walking,130,6575,211,5k-8k,<250,6.46,60.4,unfit
19,South,Running,101,15087,700,>14k,550-700,5.81,62.0,fit
32,South,Sports,88,11593,479,11k-14k,400-550,7.39,74.1,moderately_fit
30,North,Cycling,78,8989,382,8k-11k,250-400,6.15,74.4,moderately_fit
20,West,Gym,76,12819,475,11k-14k,400-550,8.34,67.7,moderately_fit
29,South,Gym,85,8322,395,8k-11k,250-400,7.1,73.4,moderately_fit
57,South,Gym,90,3706,170,<5k,<250,4.94,74.4,unfit
50,North,Cycling,82,7079,367,5k-8k,250-400,8.55,70.5,moderately_fit
60,South,Walking,82,1745,100,<5k,<250,8.84,85.4,unfit
37,East,Cycling,88,8844,456,8k-11k,400-550,6.45,75.7,moderately_fit
23,North,Gym,83,7394,331,5k-8k,250-400,5.71,74.8,moderately_fit
62,South,Walking,78,7042,326,5k-8k,250-400,5.27,78.7,moderately_fit
26,North,Walking,67,8717,351,8k-11k,250-400,4.35,73.4,moderately_fit
29,West,Cycling,98,11651,690,11k-14k,550-700,7.67,77.9,moderately_fit
45,North,Sports,106,13027,584,11k-14k,550-700,6.49,94.8,moderately_fit
21,West,Gym,72,6853,290,5k-8k,250-400,6.23,66.1,unfit
56,North,Gym,73,8262,373,8k-11k,250-400,6.65,71.5,moderately_fit
51,South,Walking,75,3363,104,<5k,<250,7.81,90.8,unfit
70,East,Cycling,83,6647,381,5k-8k,250-400,6.85,74.1,moderately_fit
43,North,Cycling,92,10852,508,8k-11k,400-550,6.68,74.9,moderately_fit
55,South,Walking,76,4963,181,<5k,<250,5.45,71.5,unfit
26,North,Gym,77,13549,541,11k-14k,400-550,7.44,81.7,moderately_fit
44,North,Cycling,130,9049,471,8k-11k,400-550,6.19,72.1,moderately_fit
30,East,Cycling,75,13041,542,11k-14k,400-550,6.69,64.0,moderately_fit
22,North,Walking,65,7257,315,5k-8k,250-400,7.56,65.5,moderately_fit
31,East,Cycling,85,11289,538,11k-14k,400-550,5.79,79.7,moderately_fit
28,North,Cycling,91,10287,417,8k-11k,400-550,5.44,72.3,moderately_fit
69,North,Gym,78,7042,318,5k-8k,250-400,6.38,80.2,moderately_fit
23,East,Running,88,19679,1122,>14k,>700,7.15,75.6,fit
24,South,Running,85,19029,765,>14k,>700,7.68,59.4,fit
51,North,Gym,76,6582,297,5k-8k,250-400,6.86,81.1,unfit
28,South,Running,96,13312,758,11k-14k,>700,7.32,85.7,fit
30,North,Sports,94,12087,646,11k-14k,550-700,8.8,81.9,fit
23,West,Gym,79,11271,592,11k-14k,550-700,7.46,65.2,moderately_fit
33,North,Cycling,88,15436,858,>14k,>700,6.8,69.8,fit
54,North,Walking,65,8651,273,8k-11k,250-400,6.41,63.6,moderately_fit
57,East,Walking,74,5386,186,5k-8k,<250,6.24,77.4,unfit
23,North,Running,106,15709,819,>14k,>700,8.08,52.9,fit
66,North,Sports,90,9404,454,8k-11k,400-550,8.55,67.9,moderately_fit
27,South,Gym,93,7885,407,5k-8k,400-550,6.85,67.7,moderately_fit
28,West,Sports,73,14667,616,>14k,550-700,5.93,64.6,fit
51,West,Walking,64,1211,100,<5k,<250,7.67,82.1,unfit
55,East,Walking,73,8038,297,8k-11k,250-400,5.6,91.2,moderately_fit
22,South,Gym,79,10763,555,8k-11k,550-700,7.09,72.9,moderately_fit
46,East,Cycling,85,5243,312,5k-8k,250-400,4.53,85.7,unfit
27,South,Running,90,10974,410,8k-11k,400-550,6.6,71.4,moderately_fit
23,North,Running,110,8302,405,8k-11k,400-550,8.03,75.4,moderately_fit
63,West,Gym,91,11241,482,11k-14k,400-550,7.63,78.3,moderately_fit
36,North,Cycling,45,8080,318,8k-11k,250-400,6.18,81.8,moderately_fit
65,North,Gym,87,9142,378,8k-11k,250-400,7.35,94.7,moderately_fit
64,West,Walking,69,7438,231,5k-8k,<250,4.01,87.6,moderately_fit
18,East,Cycling,130,11698,493,11k-14k,400-550,6.06,54.6,moderately_fit
59,North,Running,85,8906,444,8k-11k,400-550,6.39,67.3,moderately_fit
31,North,Gym,69,10415,519,8k-11k,400-550,7.95,75.5,moderately_fit
29,South,Gym,76,9805,552,8k-11k,550-700,6.67,73.1,moderately_fit
41,South,Cycling,89,12500,532,11k-14k,400-550,7.63,85.0,moderately_fit
22,South,Gym,76,6800,326,5k-8k,250-400,7.68,68.7,unfit
55,North,Cycling,86,11596,710,11k-14k,>700,7.17,69.6,moderately_fit
46,West,Gym,106,11502,422,11k-14k,400-550,8.27,70.0,moderately_fit
51,North,Gym,86,7158,315,5k-8k,250-400,6.13,71.8,moderately_fit
22,South,Gym,81,7343,296,5k-8k,250-400,7.18,72.3,moderately_fit
26,South,Sports,91,11098,686,11k-14k,550-700,5.1,75.4,moderately_fit
55,North,Sports,91,8193,438,8k-11k,400-550,7.84,88.0,moderately_fit
75,North,Sports,90,7607,387,5k-8k,250-400,7.76,69.6,moderately_fit
55,West,Walking,72,4550,180,<5k,<250,6.07,71.3,unfit
28,West,Cycling,80,12341,586,11k-14k,550-700,6.58,82.1,moderately_fit
19,North,Running,89,16810,1050,>14k,>700,8.36,76.7,fit
34,West,Cycling,80,9822,426,8k-11k,400-550,6.63,82.2,moderately_fit
27,North,Gym,83,4513,163,<5k,<250,7.95,78.8,unfit
61,South,Cycling,88,9667,444,8k-11k,400-550,6.68,68.7,moderately_fit
59,North,Sports,83,5758,222,5k-8k,<250,7.65,94.7,unfit
62,West,Walking,73,6152,187,5k-8k,<250,5.2,69.7,unfit
29,North,Gym,84,9446,374,8k-11k,250-400,6.42,75.2,moderately_fit
21,South,Gym,83,8977,379,8k-11k,250-400,7.1,86.3,moderately_fit
31,East,Gym,67,10745,511,8k-11k,400-550,8.94,57.3,moderately_fit
40,North,Running,107,13890,778,11k-14k,>700,8.5,75.7,fit
22,South,Cycling,95,12649,604,11k-14k,550-700,6.85,58.9,fit
53,North,Walking,69,7775,258,5k-8k,250-400,7.79,87.2,moderately_fit
30,East,Cycling,73,10007,399,8k-11k,250-400,6.98,61.4,moderately_fit
60,North,Gym,92,6133,255,5k-8k,250-400,7.71,69.4,unfit
28,South,Gym,73,12026,362,11k-14k,250-400,6.78,76.2,moderately_fit
22,West,Running,103,16525,668,>14k,550-700,6.52,77.6,fit
34,North,Gym,67,7759,370,5k-8k,250-400,6.49,75.2,moderately_fit
31,North,Cycling,82,5950,240,5k-8k,<250,5.36,79.0,unfit
33,East,Gym,68,9980,424,8k-11k,400-550,6.48,81.3,moderately_fit
32,East,Cycling,110,12094,504,11k-14k,400-550,6.0,75.8,moderately_fit
43,West,Gym,70,5302,268,5k-8k,250-400,7.32,71.9,unfit
25,North,Sports,81,10271,628,8k-11k,550-700,8.0,57.4,moderately_fit
23,South,Cycling,101,10580,356,8k-11k,250-400,6.76,60.6,moderately_fit
32,East,Gym,78,10197,445,8k-11k,400-550,5.63,82.0,moderately_fit
51,East,Gym,62,14008,654,>14k,550-700,8.01,79.8,fit
55,South,Walking,74,8262,311,8k-11k,250-400,6.11,75.2,moderately_fit
62,North,Cycling,96,4708,237,<5k,<250,8.34,73.6,unfit
25,North,Gym,82,8442,415,8k-11k,400-550,7.29,57.1,moderately_fit
31,North,Cycling,91,10723,597,8k-11k,550-700,9.07,81.7,moderately_fit
25,West,Walking,62,8631,295,8k-11k,250-400,6.3,65.9,moderately_fit
56,North,Walking,71,4348,144,<5k,<250,4.45,75.3,unfit
26,South,Gym,120,10927,481,8k-11k,400-550,7.14,79.9,moderately_fit
37,South,Gym,110,7450,276,5k-8k,250-400,6.03,66.4,moderately_fit
24,South,Running,106,16148,867,>14k,>700,6.32,72.9,fit
29,South,Gym,88,9456,465,8k-11k,400-550,8.29,70.1,moderately_fit
26,East,Cycling,80,16473,788,>14k,>700,7.48,71.4,fit
21,South,Cycling,45,14207,669,>14k,550-700,6.49,60.7,fit
68,North,Walking,65,7961,260,5k-8k,250-400,6.53,85.2,moderately_fit
20,South,Running,104,11627,845,11k-14k,>700,7.33,73.5,moderately_fit
53,East,Gym,75,6336,251,5k-8k,250-400,5.11,85.9,unfit
33,West,Cycling,101,11617,437,11k-14k,400-550,8.06,73.5,moderately_fit
22,East,Running,120,10899,588,8k-11k,550-700,8.04,58.0,moderately_fit
33,East,Walking,79,9290,313,8k-11k,250-400,6.13,70.9,moderately_fit
30,South,Gym,86,9526,326,8k-11k,250-400,7.23,58.6,moderately_fit
49,South,Running,107,15199,857,>14k,>700,6.07,92.9,fit
31,West,Sports,110,13079,742,11k-14k,>700,9.11,69.1,fit
28,South,Cycling,84,11312,515,11k-14k,400-550,8.12,72.6,moderately_fit
74,North,Walking,72,4767,215,<5k,<250,5.97,83.4,unfit
29,West,Cycling,86,9197,437,8k-11k,400-550,6.1,68.4,moderately_fit
24,East,Sports,97,10409,591,8k-11k,550-700,6.71,83.5,moderately_fit
24,South,Walking,65,9457,274,8k-11k,250-400,5.73,71.5,moderately_fit
28,West,Cycling,89,12870,655,11k-14k,550-700,7.61,64.1,fit
51,North,Gym,97,10885,577,8k-11k,550-700,6.52,74.4,moderately_fit
55,South,Running,45,9662,440,8k-11k,400-550,5.52,80.8,moderately_fit
32,South,Cycling,97,13686,618,11k-14k,550-700,6.76,67.9,fit
41,North,Sports,95,10565,556,8k-11k,550-700,6.47,71.7,moderately_fit
66,East,Walking,80,6599,225,5k-8k,<250,7.32,84.0,unfit
53,North,Cycling,87,12428,552,11k-14k,550-700,9.22,74.9,moderately_fit
19,North,Gym,67,15110,621,>14k,550-700,6.9,72.5,fit
33,South,Running,112,16717,965,>14k,>700,7.4,74.9,fit
25,South,Sports,45,12900,575,11k-14k,550-700,6.4,64.9,moderately_fit
47,North,Cycling,77,11082,500,11k-14k,400-550,7.87,70.7,moderately_fit
38,West,Gym,89,11789,415,11k-14k,400-550,6.78,57.4,moderately_fit
35,South,Cycling,86,12414,744,11k-14k,>700,7.24,85.4,fit
36,North,Walking,72,6241,238,5k-8k,<250,7.33,76.5,unfit
25,North,Gym,91,11070,428,11k-14k,400-550,7.61,67.8,moderately_fit
26,East,Cycling,90,14619,752,>14k,>700,6.92,64.3,fit
59,South,Gym,80,11797,500,11k-14k,400-550,7.79,58.1,moderately_fit
30,North,Running,93,13986,698,11k-14k,550-700,9.0,57.9,fit
33,North,Cycling,85,8008,346,8k-11k,250-400,7.51,89.6,moderately_fit
29,South,Gym,82,4817,212,<5k,<250,7.52,60.6,unfit
63,North,Walking,75,7191,276,5k-8k,250-400,7.09,74.9,moderately_fit
62,East,Gym,85,3233,152,<5k,<250,5.95,88.1,unfit
24,West,Sports,87,13280,552,11k-14k,550-700,7.68,59.3,moderately_fit
27,North,Cycling,79,13974,922,11k-14k,>700,7.06,74.2,fit
56,West,Gym,85,7058,258,5k-8k,250-400,8.26,71.8,moderately_fit
29,West,Walking,79,4421,123,<5k,<250,6.64,66.1,unfit
24,West,Running,90,10620,434,8k-11k,400-550,6.79,71.6,moderately_fit
36,West,Cycling,89,8260,457,8k-11k,400-550,6.88,59.3,moderately_fit
23,East,Gym,88,9356,356,8k-11k,250-400,8.73,66.3,moderately_fit
32,South,Running,83,17212,990,>14k,>700,10.3,72.3,fit
52,South,Sports,117,10082,512,8k-11k,400-550,7.6,58.1,moderately_fit
32,South,Running,100,20059,1349,>14k,>700,6.6,88.4,fit
25,West,Gym,75,12135,564,11k-14k,550-700,5.63,85.0,moderately_fit
48,North,Cycling,96,10338,450,8k-11k,400-550,6.72,61.6,moderately_fit
68,North,Walking,74,5190,195,5k-8k,<250,6.56,72.6,unfit
27,North,Gym,71,8155,391,8k-11k,250-400,6.48,85.7,moderately_fit
53,East,Sports,92,10339,555,8k-11k,550-700,5.99,80.1,moderately_fit
28,East,Gym,78,10689,584,8k-11k,550-700,7.38,74.1,moderately_fit
29,South,Gym,50,10069,478,8k-11k,400-550,6.66,81.1,moderately_fit
40,North,Running,109,11304,665,11k-14k,550-700,7.05,79.6,moderately_fit
49,East,Sports,85,7733,409,5k-8k,400-550,7.56,76.5,moderately_fit
39,North,Cycling,76,14976,713,>14k,>700,6.88,67.2,fit
22,South,Walking,82,9055,330,8k-11k,250-400,10.12,70.7,moderately_fit
31,South,Cycling,85,11848,584,11k-14k,550-700,7.78,87.6,moderately_fit
32,West,Running,111,15119,870,>14k,>700,5.87,86.9,fit
61,South,Gym,92,9886,416,8k-11k,400-550,7.77,75.2,moderately_fit
29,South,Running,95,12496,528,11k-14k,400-550,7.93,55.9,moderately_fit
41,East,Gym,81,8142,274,8k-11k,250-400,7.37,72.3,moderately_fit
35,South,Sports,89,9645,477,8k-11k,400-550,8.63,46.6,moderately_fit
67,North,Gym,80,6715,275,5k-8k,250-400,7.44,85.2,unfit
48,South,Gym,76,6310,238,5k-8k,<250,6.04,70.8,unfit
32,West,Cycling,91,8364,391,8k-11k,250-400,6.27,63.0,moderately_fit
25,South,Gym,74,5484,207,5k-8k,<250,6.65,59.4,unfit
33,East,Cycling,79,14945,779,>14k,>700,8.09,67.4,fit
58,West,Walking,74,5197,186,5k-8k,<250,5.67,66.3,unfit
32,East,Gym,77,10283,465,8k-11k,400-550,5.88,78.1,moderately_fit
23,East,Cycling,84,11840,560,11k-14k,550-700,9.87,48.3,moderately_fit
27,East,Cycling,86,12523,634,11k-14k,550-700,7.22,77.0,fit
30,West,Gym,91,4191,165,<5k,<250,6.38,80.1,unfit
53,West,Gym,81,6491,331,5k-8k,250-400,4.23,83.6,unfit
21,West,Running,111,18178,828,>14k,>700,6.4,61.4,fit
29,South,Running,107,19729,876,>14k,>700,6.5,69.9,fit
56,South,Walking,130,5244,226,5k-8k,<250,6.48,74.9,unfit
65,North,Cycling,98,7616,388,5k-8k,250-400,7.01,63.1,moderately_fit
43,South,Gym,87,10999,459,8k-11k,400-550,7.42,63.8,moderately_fit
22,West,Sports,95,13755,727,11k-14k,>700,5.93,76.7,fit
29,West,Running,88,13988,726,11k-14k,>700,8.68,61.1,fit
22,South,Cycling,81,11518,460,11k-14k,400-550,8.4,85.3,moderately_fit
52,South,Walking,130,5045,183,5k-8k,<250,5.58,81.2,unfit
33,North,Cycling,96,9286,514,8k-11k,400-550,9.04,62.3,moderately_fit
21,South,Gym,72,10130,418,8k-11k,400-550,5.71,80.1,moderately_fit
25,East,Cycling,88,12231,576,11k-14k,550-700,6.26,70.6,moderately_fit
27,South,Gym,91,10321,486,8k-11k,400-550,6.09,84.1,moderately_fit
27,North,Running,94,12043,705,11k-14k,>700,6.67,72.8,fit
20,South,Gym,78,13198,635,11k-14k,550-700,6.05,77.7,fit
66,North,Walking,81,2197,100,<5k,<250,6.05,85.5,unfit
26,West,Running,99,15788,837,>14k,>700,8.03,68.5,fit
58,South,Gym,79,5983,281,5k-8k,250-400,6.7,75.2,unfit
32,West,Cycling,98,8715,356,8k-11k,250-400,10.39,77.1,moderately_fit
50,North,Walking,82,5643,224,5k-8k,<250,7.92,80.1,unfit
44,North,Gym,80,4287,193,<5k,<250,8.29,87.6,unfit
21,South,Cycling,87,12645,683,11k-14k,550-700,6.26,78.6,fit
30,East,Cycling,75,15076,737,>14k,>700,6.86,76.9,fit
56,South,Walking,78,4684,132,<5k,<250,6.03,61.5,unfit
47,North,Cycling,84,15557,804,>14k,>700,6.11,84.6,fit
26,North,Cycling,76,9207,381,8k-11k,250-400,9.26,73.3,moderately_fit
43,South,Sports,50,9775,444,8k-11k,400-550,8.28,70.3,moderately_fit
52,North,Walking,82,8906,350,8k-11k,250-400,6.31,76.0,moderately_fit
60,North,Cycling,98,5647,232,5k-8k,<250,7.62,52.7,unfit
60,East,Walking,78,5306,168,5k-8k,<250,6.59,93.4,unfit
48,North,Cycling,97,13897,655,11k-14k,550-700,6.22,79.6,fit
36,North,Gym,85,5852,276,5k-8k,250-400,7.78,91.5,unfit
38,North,Cycling,92,11876,507,11k-14k,400-550,7.3,99.3,moderately_fit
34,West,Cycling,91,11996,454,11k-14k,400-550,6.68,46.5,moderately_fit
27,South,Running,100,8331,371,8k-11k,250-400,6.14,64.9,moderately_fit
26,West,Running,93,12353,631,11k-14k,550-700,7.89,69.0,fit
27,North,Cycling,80,17233,693,>14k,550-700,7.13,72.5,fit
55,East,Gym,79,8092,263,8k-11k,250-400,6.14,68.0,moderately_fit
28,North,Walking,57,8234,316,8k-11k,250-400,7.7,83.4,moderately_fit
31,South,Walking,74,7782,284,5k-8k,250-400,6.64,86.4,moderately_fit
47,East,Cycling,85,14787,583,>14k,550-700,5.44,60.4,moderately_fit
23,East,Cycling,91,9165,439,8k-11k,400-550,8.67,78.6,moderately_fit
49,East,Cycling,89,7823,394,5k-8k,250-400,5.71,64.0,moderately_fit
63,East,Walking,81,5378,204,5k-8k,<250,5.98,82.5,unfit
44,North,Running,104,14067,713,>14k,>700,7.34,66.5,fit
39,South,Gym,89,8984,315,8k-11k,250-400,5.83,84.0,moderately_fit
40,South,Sports,87,11548,620,11k-14k,550-700,7.04,85.1,moderately_fit
32,West,Gym,110,7686,339,5k-8k,250-400,8.57,73.8,moderately_fit
28,North,Running,106,15821,959,>14k,>700,8.68,87.4,fit
23,West,Running,94,8823,426,8k-11k,400-550,8.12,67.2,moderately_fit
30,South,Sports,86,10591,487,8k-11k,400-550,8.19,77.5,moderately_fit
24,East,Gym,82,7547,363,5k-8k,250-400,8.12,75.9,moderately_fit
68,North,Walking,76,3130,102,<5k,<250,7.44,78.8,unfit
64,South,Gym,81,2481,117,<5k,<250,7.19,86.0,unfit
64,East,Gym,75,7514,411,5k-8k,400-550,6.65,87.3,moderately_fit
70,South,Walking,87,6085,207,5k-8k,<250,5.76,74.3,unfit
49,West,Cycling,97,10611,494,8k-11k,400-550,6.62,79.5,moderately_fit
25,East,Running,118,17123,1071,>14k,>700,5.3,70.7,fit
23,South,Cycling,94,14388,787,>14k,>700,7.93,72.6,fit
66,West,Walking,76,1361,100,<5k,<250,6.9,95.3,unfit
26,East,Gym,91,11043,429,11k-14k,400-550,7.13,61.3,moderately_fit
50,East,Cycling,87,9896,454,8k-11k,400-550,6.84,88.7,moderately_fit
35,North,Cycling,88,11068,499,11k-14k,400-550,7.6,69.1,moderately_fit
25,South,Cycling,86,11130,545,11k-14k,400-550,7.33,67.2,moderately_fit
20,East,Cycling,82,10464,425,8k-11k,400-550,7.05,66.3,moderately_fit
29,West,Gym,79,10586,556,8k-11k,550-700,7.78,71.3,moderately_fit
20,North,Gym,97,7415,374,5k-8k,250-400,6.94,71.2,moderately_fit
22,North,Gym,84,12490,526,11k-14k,400-550,7.59,63.9,moderately_fit
29,South,Sports,102,10802,694,8k-11k,550-700,8.13,49.7,moderately_fit
60,North,Gym,75,2096,100,<5k,<250,5.92,82.7,unfit
42,East,Gym,79,8681,364,8k-11k,250-400,7.54,71.8,moderately_fit
28,East,Gym,72,6389,292,5k-8k,250-400,4.42,61.1,unfit
51,South,Cycling,96,6364,316,5k-8k,250-400,7.99,74.7,unfit
23,West,Cycling,94,13309,726,11k-14k,>700,8.15,69.9,fit
31,South,Sports,95,14210,637,>14k,550-700,8.02,95.2,fit
37,East,Gym,102,8460,367,8k-11k,250-400,8.01,79.7,moderately_fit
36,North,Cycling,96,5527,262,5k-8k,250-400,8.4,83.5,unfit
54,South,Walking,74,7142,311,5k-8k,250-400,6.41,79.0,moderately_fit
50,West,Walking,73,5654,196,5k-8k,<250,7.14,77.9,unfit
52,North,Walking,77,8943,371,8k-11k,250-400,7.42,80.1,moderately_fit
54,South,Walking,83,10014,391,8k-11k,250-400,5.84,64.7,moderately_fit
29,North,Running,106,9387,477,8k-11k,400-550,5.93,67.4,moderately_fit
28,North,Sports,87,18314,1170,>14k,>700,7.72,65.6,fit
53,North,Walking,69,3016,105,<5k,<250,7.26,70.4,unfit
25,North,Sports,110,11047,521,11k-14k,400-550,8.33,59.2,moderately_fit
37,West,Gym,84,11299,439,11k-14k,400-550,7.02,67.2,moderately_fit
27,East,Running,108,11935,626,11k-14k,550-700,7.42,82.3,moderately_fit
55,North,Walking,79,4400,141,<5k,<250,6.6,60.9,unfit
31,East,Running,105,8580,473,8k-11k,400-550,6.76,78.5,moderately_fit
64,North,Walking,75,2875,100,<5k,<250,7.3,101.2,unfit
27,South,Running,101,11656,585,11k-14k,550-700,7.93,93.4,moderately_fit
26,North,Cycling,71,13296,481,11k-14k,400-550,7.1,71.0,moderately_fit
53,North,Cycling,73,13396,662,11k-14k,550-700,7.26,78.9,fit
52,West,Walking,76,4669,163,<5k,<250,6.34,92.7,unfit
33,North,Cycling,81,9798,472,8k-11k,400-550,9.14,64.6,moderately_fit
43,East,Cycling,79,7515,382,5k-8k,250-400,7.79,90.7,moderately_fit
45,South,Sports,105,6839,357,5k-8k,250-400,5.81,75.0,moderately_fit
24,North,Running,104,9823,499,8k-11k,400-550,7.3,88.1,moderately_fit
38,East,Sports,86,8077,489,8k-11k,400-550,6.84,66.1,moderately_fit
51,South,Cycling,86,9234,393,8k-11k,250-400,7.28,83.2,moderately_fit
28,North,Cycling,90,9628,598,8k-11k,550-700,6.67,84.4,moderately_fit
44,North,Walking,71,5858,264,5k-8k,250-400,7.45,76.0,unfit
34,North,Running,107,14590,962,>14k,>700,7.2,58.8,fit
45,West,Running,118,12022,631,11k-14k,550-700,7.39,85.0,fit
47,South,Walking,71,4124,142,<5k,<250,6.77,82.6,unfit
57,North,Walking,70,7834,298,5k-8k,250-400,6.6,70.5,moderately_fit
31,West,Sports,110,6819,362,5k-8k,250-400,5.85,75.9,moderately_fit
48,North,Running,110,9678,537,8k-11k,400-550,6.41,76.1,moderately_fit
21,North,Gym,50,14105,468,>14k,400-550,6.16,62.6,moderately_fit
22,North,Running,95,15621,774,>14k,>700,7.57,61.1,fit
43,South,Walking,76,3070,104,<5k,<250,5.91,59.1,unfit
21,North,Running,109,9950,402,8k-11k,400-550,6.57,78.6,moderately_fit
18,South,Running,92,13980,710,11k-14k,>700,7.06,64.3,fit
43,West,Gym,86,7116,258,5k-8k,250-400,7.54,80.6,moderately_fit
50,North,Cycling,77,11212,487,11k-14k,400-550,6.97,86.5,moderately_fit
53,North,Walking,71,8394,289,8k-11k,250-400,6.57,68.7,moderately_fit
22,South,Cycling,85,10390,620,8k-11k,550-700,7.01,69.9,moderately_fit
62,South,Sports,101,8923,491,8k-11k,400-550,9.76,66.8,moderately_fit
51,West,Walking,73,4174,165,<5k,<250,6.53,85.2,unfit
61,South,Cycling,82,8165,442,8k-11k,400-550,6.79,63.7,moderately_fit
50,North,Gym,87,5304,242,5k-8k,<250,4.57,79.1,unfit
53,North,Gym,86,7727,326,5k-8k,250-400,6.9,73.6,moderately_fit
53,North,Walking,83,4880,186,<5k,<250,8.11,85.4,unfit
25,East,Running,108,16176,677,>14k,550-700,5.87,70.7,fit
75,North,Sports,100,10683,547,8k-11k,400-550,6.41,101.2,moderately_fit
26,North,Gym,67,12701,606,11k-14k,550-700,9.19,70.6,fit
36,South,Gym,93,8890,438,8k-11k,400-550,5.57,75.2,moderately_fit
33,North,Gym,87,10517,508,8k-11k,400-550,7.8,81.3,moderately_fit
29,South,Running,102,12401,645,11k-14k,550-700,7.05,77.1,fit
30,North,Sports,95,9857,475,8k-11k,400-550,6.03,64.5,moderately_fit
51,West,Gym,77,4381,216,<5k,<250,7.57,79.7,unfit
40,North,Gym,84,9429,472,8k-11k,400-550,4.73,68.8,moderately_fit
22,West,Running,98,8448,415,8k-11k,400-550,8.17,88.7,moderately_fit
41,North,Gym,68,10649,412,8k-11k,400-550,6.25,53.1,moderately_fit
30,East,Walking,77,6642,217,5k-8k,<250,5.28,85.0,unfit
48,North,Running,113,11121,678,11k-14k,550-700,8.62,75.4,moderately_fit
34,East,Gym,86,10618,430,8k-11k,400-550,6.79,60.3,moderately_fit
53,North,Cycling,72,4615,198,<5k,<250,8.07,63.8,unfit
28,South,Running,97,13333,604,11k-14k,550-700,8.97,73.4,fit
55,East,Cycling,91,12986,507,11k-14k,400-550,6.22,65.6,moderately_fit
58,South,Sports,87,8823,541,8k-11k,400-550,4.73,82.7,moderately_fit
23,South,Sports,74,9258,401,8k-11k,400-550,7.76,67.1,moderately_fit
30,North,Gym,77,8333,333,8k-11k,250-400,6.75,75.8,moderately_fit
53,North,Sports,86,13238,594,11k-14k,550-700,7.69,62.1,moderately_fit
30,South,Cycling,92,9127,470,8k-11k,400-550,8.92,48.1,moderately_fit
52,North,Cycling,45,5430,261,5k-8k,250-400,5.3,63.1,unfit
62,North,Walking,65,4719,197,<5k,<250,5.91,95.6,unfit
61,North,Walking,53,2897,120,<5k,<250,6.77,90.5,unfit
29,North,Sports,90,6406,340,5k-8k,250-400,7.28,79.2,unfit
29,South,Gym,83,11150,450,11k-14k,400-550,6.56,80.9,moderately_fit
50,South,Walking,64,8389,323,8k-11k,250-400,7.74,80.7,moderately_fit
27,West,Gym,84,10447,460,8k-11k,400-550,4.18,94.5,moderately_fit
33,South,Sports,130,13933,578,11k-14k,550-700,5.61,69.5,moderately_fit
63,West,Gym,85,5984,239,5k-8k,<250,7.68,86.1,unfit
27,East,Sports,86,15599,765,>14k,>700,6.73,68.0,fit
44,West,Gym,81,6695,274,5k-8k,250-400,7.83,79.8,unfit
43,East,Gym,84,8334,389,8k-11k,250-400,8.63,89.3,moderately_fit
75,East,Gym,88,4090,150,<5k,<250,5.48,75.6,unfit
51,South,Gym,83,4294,133,<5k,<250,6.61,58.5,unfit
20,North,Gym,87,8277,330,8k-11k,250-400,5.73,65.2,moderately_fit
58,North,Walking,71,10325,424,8k-11k,400-550,7.17,61.2,moderately_fit
58,West,Walking,73,8933,304,8k-11k,250-400,5.56,79.9,moderately_fit
30,West,Gym,76,11137,367,11k-14k,250-400,8.49,71.1,moderately_fit
52,East,Running,110,10314,515,8k-11k,400-550,6.65,61.2,moderately_fit
38,West,Gym,74,7538,370,5k-8k,250-400,6.27,46.2,moderately_fit
27,West,Gym,78,13683,542,11k-14k,400-550,7.92,72.0,moderately_fit
58,South,Walking,84,5911,201,5k-8k,<250,6.49,111.8,unfit
57,South,Walking,73,7501,280,5k-8k,250-400,7.35,75.2,moderately_fit
38,South,Sports,74,9882,486,8k-11k,400-550,5.93,68.0,moderately_fit
27,South,Gym,50,8656,434,8k-11k,400-550,6.95,57.4,moderately_fit
26,North,Gym,72,11418,374,11k-14k,250-400,8.31,78.8,moderately_fit
19,South,Running,88,12693,799,11k-14k,>700,7.28,61.0,fit
20,East,Running,45,15844,699,>14k,550-700,5.77,57.9,fit
30,South,Running,110,11699,831,11k-14k,>700,9.04,84.5,moderately_fit
35,West,Gym,78,10142,516,8k-11k,400-550,5.79,67.0,moderately_fit
57,North,Running,112,8909,457,8k-11k,400-550,6.51,79.1,moderately_fit
26,North,Running,111,19457,1177,>14k,>700,5.95,78.1,fit
50,East,Walking,71,6164,235,5k-8k,<250,7.52,60.9,unfit
26,East,Gym,80,11402,616,11k-14k,550-700,9.88,63.4,moderately_fit
24,North,Running,95,14338,770,>14k,>700,7.11,90.0,fit
30,South,Cycling,96,9786,394,8k-11k,250-400,9.2,64.8,moderately_fit
23,South,Sports,99,14002,738,>14k,>700,9.39,65.2,fit
27,West,Running,98,17561,1082,>14k,>700,7.41,67.9,fit
54,South,Cycling,91,5499,247,5k-8k,<250,7.0,88.2,unfit
27,North,Gym,82,9727,452,8k-11k,400-550,6.64,88.6,moderately_fit
29,South,Cycling,87,10849,635,8k-11k,550-700,7.36,74.5,moderately_fit
48,West,Cycling,99,10124,557,8k-11k,550-700,9.14,76.6,moderately_fit
53,East,Gym,89,11051,469,11k-14k,400-550,7.17,72.8,moderately_fit
29,East,Gym,88,11307,407,11k-14k,400-550,6.74,80.6,moderately_fit
33,North,Walking,92,9513,383,8k-11k,250-400,6.47,68.3,moderately_fit
30,West,Cycling,89,11697,444,11k-14k,400-550,7.69,70.9,moderately_fit
52,East,Walking,67,5319,159,5k-8k,<250,6.04,94.4,unfit
56,East,Walking,77,1123,100,<5k,<250,6.21,79.4,unfit
46,North,Gym,84,11671,398,11k-14k,250-400,6.36,81.1,moderately_fit
28,West,Gym,77,3083,117,<5k,<250,5.99,67.6,unfit
48,East,Cycling,87,13568,666,11k-14k,550-700,7.78,72.4,fit
27,West,Running,109,16322,869,>14k,>700,6.32,55.2,fit
30,South,Gym,81,14121,732,>14k,>700,6.94,82.3,fit
63,North,Gym,81,7664,341,5k-8k,250-400,6.66,75.3,moderately_fit
23,North,Cycling,82,12850,745,11k-14k,>700,8.1,68.7,fit
34,South,Sports,92,11150,638,11k-14k,550-700,6.9,86.1,moderately_fit
55,South,Gym,85,7722,411,5k-8k,400-550,7.58,89.4,moderately_fit
30,South,Running,106,11625,532,11k-14k,400-550,5.7,66.4,moderately_fit
58,South,Walking,83,5631,185,5k-8k,<250,7.69,74.1,unfit
47,East,Running,113,9560,475,8k-11k,400-550,7.86,56.3,moderately_fit
64,North,Cycling,93,8435,334,8k-11k,250-400,8.49,84.7,moderately_fit
28,North,Running,111,13923,709,11k-14k,>700,7.58,77.7,fit
25,West,Gym,83,9482,339,8k-11k,250-400,7.24,64.5,moderately_fit
27,South,Running,102,13829,564,11k-14k,550-700,6.83,75.3,moderately_fit
24,South,Sports,95,10934,626,8k-11k,550-700,7.44,79.3,moderately_fit
34,South,Sports,100,13012,601,11k-14k,550-700,6.08,63.4,fit
49,South,Cycling,86,10307,443,8k-11k,400-550,6.39,74.2,moderately_fit
56,North,Walking,83,6525,196,5k-8k,<250,5.82,79.8,unfit
20,South,Gym,83,7512,331,5k-8k,250-400,6.66,75.6,moderately_fit
62,West,Cycling,78,10163,591,8k-11k,550-700,4.59,84.6,moderately_fit
21,South,Gym,86,7890,316,5k-8k,250-400,5.85,67.6,moderately_fit
24,North,Running,102,12831,702,11k-14k,>700,5.75,63.6,fit
29,East,Running,105,14175,937,>14k,>700,8.85,55.5,fit
55,South,Gym,94,10408,527,8k-11k,400-550,5.9,74.5,moderately_fit
31,North,Running,97,10076,460,8k-11k,400-550,6.34,78.8,moderately_fit
65,West,Cycling,97,5768,252,5k-8k,250-400,7.07,97.9,unfit
28,North,Gym,75,4426,160,<5k,<250,7.18,81.1,unfit
32,West,Cycling,81,12145,466,11k-14k,400-550,7.6,74.2,moderately_fit
49,South,Cycling,97,8676,497,8k-11k,400-550,6.56,76.2,moderately_fit
19,East,Sports,130,13974,563,11k-14k,550-700,7.02,64.5,moderately_fit
26,South,Running,99,15214,806,>14k,>700,8.78,59.3,fit
28,North,Running,83,16364,1016,>14k,>700,7.21,80.9,fit
55,East,Sports,75,9796,483,8k-11k,400-550,7.3,89.6,moderately_fit
63,West,Gym,101,5226,219,5k-8k,<250,7.9,67.2,unfit
47,East,Running,100,12796,816,11k-14k,>700,8.08,88.4,fit
33,South,Gym,94,10036,459,8k-11k,400-550,5.19,75.6,moderately_fit
22,West,Walking,71,7089,239,5k-8k,<250,6.87,79.1,moderately_fit
43,North,Running,112,12772,668,11k-14k,550-700,7.32,93.0,fit
51,North,Running,110,7664,439,5k-8k,400-550,8.99,64.1,moderately_fit
28,North,Running,92,10182,516,8k-11k,400-550,6.21,61.9,moderately_fit
56,East,Walking,86,2652,100,<5k,<250,5.58,75.6,unfit
34,East,Cycling,79,11441,589,11k-14k,550-700,6.78,64.7,moderately_fit
22,East,Running,107,16819,749,>14k,>700,8.08,64.0,fit
25,West,Running,106,10023,641,8k-11k,550-700,8.45,80.6,moderately_fit
35,East,Sports,100,11929,492,11k-14k,400-550,6.88,75.5,moderately_fit
41,South,Gym,82,9584,394,8k-11k,250-400,7.63,77.3,moderately_fit
68,North,Cycling,97,7001,338,5k-8k,250-400,6.58,81.2,moderately_fit
57,West,Gym,77,11403,447,11k-14k,400-550,6.96,72.2,moderately_fit
47,North,Cycling,87,6037,321,5k-8k,250-400,7.68,78.3,unfit
30,South,Running,108,12667,789,11k-14k,>700,9.21,71.3,fit
22,North,Gym,89,2452,116,<5k,<250,8.02,80.2,unfit
40,North,Running,95,13836,753,11k-14k,>700,8.47,81.5,fit
29,East,Gym,88,7436,286,5k-8k,250-400,6.7,77.0,moderately_fit
21,North,Gym,86,4860,194,<5k,<250,5.27,71.2,unfit
27,West,Cycling,91,12765,630,11k-14k,550-700,9.49,68.0,fit
18,South,Running,98,14529,727,>14k,>700,5.66,58.6,fit
28,East,Cycling,63,10432,441,8k-11k,400-550,6.78,101.9,moderately_fit
33,East,Running,50,16882,897,>14k,>700,7.12,73.0,fit
24,East,Running,106,12056,517,11k-14k,400-550,8.57,78.5,moderately_fit
59,West,Sports,95,11056,596,11k-14k,550-700,8.35,87.1,moderately_fit
53,North,Sports,81,11939,502,11k-14k,400-550,6.58,77.5,moderately_fit
33,North,Gym,80,7593,333,5k-8k,250-400,7.19,72.0,moderately_fit
25,North,Cycling,91,11461,576,11k-14k,550-700,6.47,65.9,moderately_fit
26,West,Gym,77,13663,638,11k-14k,550-700,6.2,56.0,fit
35,West,Walking,78,5073,158,5k-8k,<250,7.21,91.9,unfit
57,North,Gym,82,8787,505,8k-11k,400-550,5.57,73.0,moderately_fit
30,East,Sports,97,12115,587,11k-14k,550-700,7.42,62.3,moderately_fit
29,North,Sports,83,15223,818,>14k,>700,6.56,87.3,fit
26,North,Gym,74,9382,351,8k-11k,250-400,4.83,69.6,moderately_fit
65,East,Cycling,101,9954,443,8k-11k,400-550,6.98,81.1,moderately_fit
30,North,Cycling,69,7038,352,5k-8k,250-400,8.17,68.2,moderately_fit
51,South,Walking,66,1951,100,<5k,<250,6.77,61.8,unfit
52,East,Running,130,8452,397,8k-11k,250-400,6.1,77.4,moderately_fit
61,East,Gym,90,6029,258,5k-8k,250-400,7.15,78.5,unfit
62,South,Walking,78,4944,144,<5k,<250,4.77,75.1,unfit
33,East,Cycling,94,13530,685,11k-14k,550-700,9.36,83.7,fit
27,South,Gym,130,8417,309,8k-11k,250-400,7.13,79.2,moderately_fit
35,North,Gym,87,8926,441,8k-11k,400-550,7.63,87.8,moderately_fit
35,East,Gym,71,9215,411,8k-11k,400-550,8.43,63.7,moderately_fit
49,North,Cycling,73,7941,341,5k-8k,250-400,7.36,82.4,moderately_fit
58,North,Gym,78,7287,260,5k-8k,250-400,7.14,98.7,moderately_fit
24,South,Running,99,17553,973,>14k,>700,6.42,77.9,fit
32,West,Cycling,69,11627,641,11k-14k,550-700,5.1,79.4,moderately_fit
27,North,Gym,75,10883,495,8k-11k,400-550,6.27,72.6,moderately_fit
29,North,Cycling,81,11953,451,11k-14k,400-550,7.34,79.9,moderately_fit
28,North,Running,111,18941,879,>14k,>700,7.39,63.4,fit
23,South,Gym,78,7035,345,5k-8k,250-400,7.26,64.9,moderately_fit
26,South,Gym,91,15718,799,>14k,>700,5.79,63.2,fit
68,North,Walking,74,7326,290,5k-8k,250-400,5.82,75.9,moderately_fit
30,East,Sports,93,14905,1041,>14k,>700,8.13,72.0,fit
27,East,Running,107,18029,875,>14k,>700,7.49,87.3,fit
39,East,Cycling,93,12910,460,11k-14k,400-550,5.81,85.8,moderately_fit
26,South,Gym,88,6241,260,5k-8k,250-400,8.14,61.4,unfit
31,South,Cycling,89,8127,439,8k-11k,400-550,8.8,63.6,moderately_fit
28,South,Sports,83,13881,698,11k-14k,550-700,6.24,66.4,fit
26,South,Gym,66,10910,495,8k-11k,400-550,6.96,65.5,moderately_fit
34,North,Running,107,16057,1038,>14k,>700,7.08,84.7,fit
37,East,Sports,96,11469,472,11k-14k,400-550,6.07,90.2,moderately_fit
39,South,Cycling,80,7026,311,5k-8k,250-400,7.16,62.1,moderately_fit
24,North,Gym,83,9324,470,8k-11k,400-550,7.38,74.0,moderately_fit
61,North,Walking,74,7189,219,5k-8k,<250,6.71,75.9,moderately_fit
48,North,Walking,68,5893,232,5k-8k,<250,8.51,55.9,unfit
28,West,Cycling,86,11188,434,11k-14k,400-550,6.21,65.1,moderately_fit
18,North,Running,110,15090,868,>14k,>700,6.17,68.8,fit
30,West,Sports,100,10654,469,8k-11k,400-550,8.29,61.2,moderately_fit
31,South,Walking,76,5678,176,5k-8k,<250,7.46,67.5,unfit
61,West,Gym,86,12404,585,11k-14k,550-700,4.86,85.8,moderately_fit
63,South,Walking,65,8717,341,8k-11k,250-400,5.62,80.3,moderately_fit
30,West,Gym,110,11875,591,11k-14k,550-700,5.21,81.2,moderately_fit
36,North,Gym,79,9837,402,8k-11k,400-550,8.01,62.5,moderately_fit
27,South,Gym,79,6888,330,5k-8k,250-400,7.94,58.5,unfit
46,North,Cycling,75,11978,601,11k-14k,550-700,7.15,80.7,moderately_fit
69,South,Walking,78,7510,330,5k-8k,250-400,7.62,87.8,moderately_fit
29,South,Running,99,12866,714,11k-14k,>700,7.98,50.9,fit
27,South,Sports,94,9550,467,8k-11k,400-550,7.57,66.7,moderately_fit
28,South,Sports,94,13200,661,11k-14k,550-700,6.69,84.8,fit
53,North,Walking,74,8269,258,8k-11k,250-400,5.06,77.0,moderately_fit
52,East,Sports,75,8453,535,8k-11k,400-550,6.92,65.2,moderately_fit
25,South,Gym,74,10855,572,8k-11k,550-700,6.98,55.9,moderately_fit
25,North,Running,101,11577,696,11k-14k,550-700,7.86,76.8,moderately_fit
50,West,Cycling,82,6598,266,5k-8k,250-400,7.4,79.9,unfit
23,West,Cycling,75,12112,591,11k-14k,550-700,7.15,89.0,moderately_fit
59,West,Cycling,88,6684,357,5k-8k,250-400,7.48,64.1,moderately_fit
59,East,Cycling,130,9795,512,8k-11k,400-550,6.19,69.3,moderately_fit
66,North,Walking,76,2209,100,<5k,<250,5.98,88.8,unfit
18,West,Running,113,12428,656,11k-14k,550-700,8.12,63.2,fit
27,South,Gym,75,11972,512,11k-14k,400-550,6.56,53.5,moderately_fit
29,North,Running,97,15977,792,>14k,>700,7.04,72.0,fit
30,East,Gym,76,10247,597,8k-11k,550-700,7.52,63.7,moderately_fit
27,North,Gym,91,8286,306,8k-11k,250-400,6.24,80.9,moderately_fit
31,South,Sports,89,11907,719,11k-14k,>700,6.72,67.5,moderately_fit
56,North,Cycling,100,8398,379,8k-11k,250-400,5.45,82.3,moderately_fit
26,South,Running,103,21201,1060,>14k,>700,8.38,79.8,fit
46,South,Running,93,13149,798,11k-14k,>700,8.55,78.0,fit
24,South,Cycling,84,9603,405,8k-11k,400-550,8.14,101.2,moderately_fit
73,North,Gym,94,6131,260,5k-8k,250-400,7.17,83.6,unfit
25,South,Sports,90,8191,325,8k-11k,250-400,6.02,88.5,moderately_fit
35,South,Gym,67,4107,147,<5k,<250,6.52,64.1,unfit
29,North,Running,94,18288,816,>14k,>700,6.42,72.5,fit
26,West,Sports,101,12990,650,11k-14k,550-700,6.39,83.0,fit
74,South,Sports,94,7017,355,5k-8k,250-400,6.81,80.4,moderately_fit
29,West,Running,97,13820,767,11k-14k,>700,6.87,76.3,fit
28,North,Gym,83,9072,475,8k-11k,400-550,8.07,84.8,moderately_fit
21,North,Cycling,93,11928,472,11k-14k,400-550,7.24,73.8,moderately_fit
37,North,Running,106,16543,748,>14k,>700,8.64,59.1,fit
31,South,Cycling,88,12298,541,11k-14k,400-550,6.47,73.9,moderately_fit
30,North,Running,123,12571,662,11k-14k,550-700,7.67,79.4,fit
27,South,Gym,87,5027,192,5k-8k,<250,6.77,75.0,unfit
22,South,Walking,61,5782,178,5k-8k,<250,7.0,65.6,unfit
25,North,Running,94,16575,909,>14k,>700,8.14,60.6,fit
29,East,Gym,95,13171,550,11k-14k,400-550,8.13,65.3,moderately_fit
33,West,Gym,80,6805,268,5k-8k,250-400,6.64,80.3,unfit
59,North,Gym,45,4693,206,<5k,<250,6.99,79.5,unfit
58,East,Gym,74,6252,289,5k-8k,250-400,7.93,78.0,unfit
72,East,Walking,63,8688,306,8k-11k,250-400,8.39,84.7,moderately_fit
23,South,Gym,96,10035,534,8k-11k,400-550,7.08,69.2,moderately_fit
32,West,Sports,88,9881,405,8k-11k,400-550,7.02,83.0,moderately_fit
35,West,Gym,100,7963,323,5k-8k,250-400,6.89,62.4,moderately_fit
30,South,Gym,73,7879,410,5k-8k,400-550,5.01,79.7,moderately_fit
27,East,Gym,91,11160,504,11k-14k,400-550,7.32,84.3,moderately_fit
24,East,Cycling,89,16403,949,>14k,>700,6.56,92.1,fit
22,South,Running,109,14992,687,>14k,550-700,6.18,75.8,fit
62,North,Walking,77,7840,318,5k-8k,250-400,7.07,64.8,moderately_fit
63,West,Walking,76,2907,138,<5k,<250,6.42,108.2,unfit
48,East,Cycling,94,15452,582,>14k,550-700,8.07,93.3,moderately_fit
26,North,Cycling,82,8012,435,8k-11k,400-550,7.17,89.9,moderately_fit
21,North,Running,92,18335,983,>14k,>700,6.09,66.4,fit
55,West,Walking,69,6703,221,5k-8k,<250,6.66,79.7,unfit
25,North,Gym,68,6388,205,5k-8k,<250,5.08,71.6,unfit
61,East,Gym,93,9219,299,8k-11k,250-400,7.78,75.5,moderately_fit
58,North,Cycling,84,8727,386,8k-11k,250-400,8.58,68.8,moderately_fit
30,North,Walking,52,5536,191,5k-8k,<250,6.21,82.1,unfit
28,North,Running,109,14032,683,>14k,550-700,7.5,85.9,fit
30,South,Gym,73,5075,201,5k-8k,<250,8.34,84.8,unfit
23,North,Running,91,13052,743,11k-14k,>700,7.28,64.4,fit
30,South,Cycling,82,8628,519,8k-11k,400-550,5.49,66.0,moderately_fit
29,East,Sports,86,11590,639,11k-14k,550-700,8.61,80.5,moderately_fit
62,South,Gym,50,2739,106,<5k,<250,6.49,88.8,unfit
32,East,Running,97,8227,500,8k-11k,400-550,7.07,76.8,moderately_fit
24,South,Gym,77,7477,325,5k-8k,250-400,8.6,66.7,moderately_fit
56,South,Walking,75,5896,204,5k-8k,<250,8.96,89.6,unfit
25,South,Walking,74,5680,215,5k-8k,<250,5.77,85.0,unfit
48,South,Gym,89,9153,443,8k-11k,400-550,7.99,83.7,moderately_fit
63,West,Walking,70,7004,250,5k-8k,<250,6.78,73.6,moderately_fit
27,East,Sports,99,10109,438,8k-11k,400-550,8.98,64.7,moderately_fit
54,North,Gym,84,11076,467,11k-14k,400-550,6.74,91.3,moderately_fit
22,East,Gym,88,8976,272,8k-11k,250-400,7.35,67.6,moderately_fit
18,North,Gym,63,14578,761,>14k,>700,6.51,67.2,fit
25,North,Gym,85,8884,372,8k-11k,250-400,8.83,76.0,moderately_fit
34,South,Gym,72,6129,282,5k-8k,250-400,6.48,69.4,unfit
56,East,Walking,67,8429,254,8k-11k,250-400,5.99,87.2,moderately_fit
32,South,Running,50,10475,609,8k-11k,550-700,7.99,74.0,moderately_fit
24,West,Sports,87,15324,771,>14k,>700,6.39,66.2,fit
55,South,Gym,97,7834,416,5k-8k,400-550,7.36,78.8,moderately_fit
22,North,Running,101,12932,610,11k-14k,550-700,6.97,62.9,fit
62,West,Cycling,91,6558,224,5k-8k,<250,6.6,73.3,unfit
61,South,Walking,110,5534,174,5k-8k,<250,6.36,74.4,unfit
29,East,Gym,79,10966,554,8k-11k,550-700,5.92,82.6,moderately_fit
27,East,Running,107,13979,609,11k-14k,550-700,6.1,78.4,fit
26,West,Cycling,89,15058,769,>14k,>700,6.64,59.3,fit
31,North,Running,100,10172,491,8k-11k,400-550,9.45,70.3,moderately_fit
33,North,Gym,88,8758,418,8k-11k,400-550,6.34,63.0,moderately_fit
18,East,Sports,90,15751,703,>14k,>700,8.99,63.4,fit
29,South,Gym,77,6256,261,5k-8k,250-400,7.64,68.4,unfit
28,South,Cycling,93,13800,436,11k-14k,400-550,6.96,76.0,moderately_fit
26,North,Cycling,97,11409,504,11k-14k,400-550,6.64,75.5,moderately_fit
44,North,Gym,91,8541,428,8k-11k,400-550,7.11,62.3,moderately_fit
23,South,Cycling,75,10751,470,8k-11k,400-550,9.11,58.7,moderately_fit
34,North,Cycling,88,7697,290,5k-8k,250-400,5.85,69.2,moderately_fit
30,North,Sports,79,11762,579,11k-14k,550-700,6.87,76.1,moderately_fit
48,North,Gym,91,6610,232,5k-8k,<250,7.91,76.3,unfit
27,North,Sports,90,16030,927,>14k,>700,7.07,52.9,fit
30,East,Walking,56,8380,302,8k-11k,250-400,6.63,78.3,moderately_fit
25,East,Cycling,85,11526,569,11k-14k,550-700,4.98,55.6,moderately_fit
62,North,Gym,96,10361,443,8k-11k,400-550,7.2,84.7,moderately_fit
62,North,Walking,130,5541,199,5k-8k,<250,6.96,86.8,unfit
38,South,Walking,72,8339,294,8k-11k,250-400,6.39,94.0,moderately_fit
35,North,Gym,91,11777,451,11k-14k,400-550,6.71,79.3,moderately_fit
23,East,Gym,130,8986,379,8k-11k,250-400,8.25,92.9,moderately_fit
25,East,Gym,77,10620,503,8k-11k,400-550,7.59,91.4,moderately_fit
29,West,Gym,45,8174,337,8k-11k,250-400,7.39,71.9,moderately_fit
53,South,Walking,62,8425,316,8k-11k,250-400,8.62,75.7,moderately_fit
28,South,Running,96,13918,793,11k-14k,>700,6.98,92.8,fit
67,South,Gym,100,10159,397,8k-11k,250-400,7.01,92.8,moderately_fit
22,North,Cycling,100,12177,670,11k-14k,550-700,8.93,90.0,fit
31,North,Cycling,79,17324,938,>14k,>700,6.81,73.4,fit
45,North,Walking,79,5145,196,5k-8k,<250,8.41,65.6,unfit
23,South,Running,109,17079,681,>14k,550-700,7.21,67.4,fit
57,North,Cycling,94,8772,415,8k-11k,400-550,8.38,78.5,moderately_fit
31,North,Walking,67,6856,297,5k-8k,250-400,7.28,68.0,unfit
22,South,Running,96,8905,412,8k-11k,400-550,6.47,54.8,moderately_fit
28,West,Running,90,14218,729,>14k,>700,7.71,71.8,fit
31,North,Sports,80,9437,548,8k-11k,400-550,7.66,76.7,moderately_fit
54,South,Gym,120,6825,252,5k-8k,250-400,7.52,63.0,unfit
52,North,Cycling,89,6942,293,5k-8k,250-400,9.37,81.7,unfit
39,West,Gym,80,6597,281,5k-8k,250-400,7.64,71.0,unfit
21,North,Cycling,79,9078,459,8k-11k,400-550,7.08,75.6,moderately_fit
27,West,Gym,64,6744,310,5k-8k,250-400,5.93,89.6,unfit
30,North,Running,101,9026,404,8k-11k,400-550,7.39,60.9,moderately_fit
29,East,Running,88,15028,535,>14k,400-550,6.78,53.9,moderately_fit
30,North,Sports,95,12005,664,11k-14k,550-700,6.36,75.8,fit
44,North,Walking,75,8028,266,8k-11k,250-400,6.4,71.9,moderately_fit
48,North,Gym,88,7020,272,5k-8k,250-400,5.57,81.6,moderately_fit
23,North,Cycling,74,9950,440,8k-11k,400-550,5.18,64.2,moderately_fit
60,East,Gym,76,6980,340,5k-8k,250-400,7.27,86.2,unfit
31,East,Gym,55,10887,445,8k-11k,400-550,9.41,64.6,moderately_fit
30,South,Gym,73,9949,467,8k-11k,400-550,7.94,71.7,moderately_fit
51,West,Walking,66,6265,269,5k-8k,250-400,5.63,81.6,unfit
20,South,Running,106,16793,1019,>14k,>700,8.17,70.0,fit
37,West,Cycling,94,10492,520,8k-11k,400-550,9.91,84.5,moderately_fit
28,North,Walking,68,6283,221,5k-8k,<250,6.01,84.5,unfit
67,West,Cycling,130,10348,521,8k-11k,400-550,5.93,87.1,moderately_fit
58,North,Gym,81,4212,187,<5k,<250,7.61,85.2,unfit
64,South,Walking,75,2705,100,<5k,<250,8.48,79.8,unfit
61,South,Gym,79,7070,233,5k-8k,<250,7.33,67.5,moderately_fit
19,South,Running,89,15157,702,>14k,>700,7.25,82.5,fit
42,South,Walking,74,7186,233,5k-8k,<250,6.02,53.1,moderately_fit
31,South,Cycling,80,10140,521,8k-11k,400-550,6.22,49.6,moderately_fit
56,West,Cycling,95,12342,618,11k-14k,550-700,6.53,78.1,fit
36,West,Gym,74,5053,234,5k-8k,<250,6.84,67.7,unfit
32,West,Gym,90,9404,465,8k-11k,400-550,8.93,73.1,moderately_fit
48,West,Gym,78,9896,453,8k-11k,400-550,4.48,68.5,moderately_fit
27,East,Cycling,98,14740,889,>14k,>700,9.61,77.3,fit
25,West,Gym,69,12869,487,11k-14k,400-550,8.04,66.7,moderately_fit
19,West,Cycling,93,9179,450,8k-11k,400-550,6.89,68.3,moderately_fit
50,South,Gym,78,8772,416,8k-11k,400-550,7.54,72.5,moderately_fit
51,East,Cycling,76,8824,385,8k-11k,250-400,6.41,93.6,moderately_fit
26,West,Running,94,14143,809,>14k,>700,9.39,56.4,fit
31,East,Gym,93,11968,454,11k-14k,400-550,5.6,87.4,moderately_fit
52,South,Sports,90,14803,621,>14k,550-700,5.73,66.4,fit
48,North,Cycling,91,10252,534,8k-11k,400-550,7.89,62.7,moderately_fit
20,East,Running,97,8842,512,8k-11k,400-550,7.44,63.9,moderately_fit
25,West,Running,100,9294,447,8k-11k,400-550,7.39,66.5,moderately_fit
47,South,Cycling,84,9563,464,8k-11k,400-550,6.92,80.7,moderately_fit
37,North,Gym,76,11227,468,11k-14k,400-550,6.29,62.0,moderately_fit
24,North,Running,130,12043,618,11k-14k,550-700,6.96,63.7,fit
51,South,Walking,76,5857,226,5k-8k,<250,7.7,88.8,unfit
65,North,Sports,107,12971,676,11k-14k,550-700,8.48,78.0,fit
30,South,Running,104,12610,637,11k-14k,550-700,8.21,61.6,fit
63,West,Walking,51,9105,321,8k-11k,250-400,5.88,92.8,moderately_fit
65,East,Gym,77,5790,238,5k-8k,<250,5.83,73.7,unfit
21,South,Walking,71,9648,430,8k-11k,400-550,8.31,58.7,moderately_fit
32,West,Gym,86,9258,450,8k-11k,400-550,5.37,58.6,moderately_fit
31,South,Running,100,16029,710,>14k,>700,7.08,73.5,fit
54,North,Gym,80,12621,559,11k-14k,550-700,7.17,85.7,moderately_fit
30,South,Sports,90,13009,705,11k-14k,>700,10.4,59.2,fit
31,East,Sports,86,15026,719,>14k,>700,7.21,69.2,fit
62,East,Walking,77,3864,133,<5k,<250,7.19,96.2,unfit
32,West,Running,102,10805,566,8k-11k,550-700,7.84,70.4,moderately_fit
23,North,Cycling,83,7518,454,5k-8k,400-550,8.52,75.4,moderately_fit
33,North,Gym,74,6360,226,5k-8k,<250,7.94,72.1,unfit
66,North,Cycling,91,11953,520,11k-14k,400-550,7.83,92.2,moderately_fit
29,East,Cycling,99,11948,452,11k-14k,400-550,7.57,79.9,moderately_fit
59,East,Running,113,10097,433,8k-11k,400-550,8.06,83.3,moderately_fit
56,South,Walking,83,6381,238,5k-8k,<250,6.18,69.8,unfit
23,South,Sports,85,14267,699,>14k,550-700,4.37,97.3,fit
27,West,Cycling,91,13226,544,11k-14k,400-550,6.52,59.0,moderately_fit
31,West,Cycling,87,11506,573,11k-14k,550-700,7.75,76.0,moderately_fit
43,North,Gym,89,11790,549,11k-14k,400-550,6.34,77.7,moderately_fit
47,East,Cycling,89,7253,368,5k-8k,250-400,7.13,76.8,moderately_fit
59,South,Walking,65,5112,194,5k-8k,<250,6.26,91.3,unfit
67,North,Walking,74,7727,254,5k-8k,250-400,6.15,71.8,moderately_fit
63,South,Gym,73,9390,464,8k-11k,400-550,7.68,81.5,moderately_fit
53,North,Sports,82,10893,514,8k-11k,400-550,7.41,71.2,moderately_fit
50,North,Cycling,84,8082,447,8k-11k,400-550,7.21,82.3,moderately_fit
45,South,Cycling,79,11808,577,11k-14k,550-700,4.91,72.5,moderately_fit
25,South,Running,97,11572,594,11k-14k,550-700,5.61,66.4,moderately_fit
26,South,Gym,73,12421,653,11k-14k,550-700,7.55,65.7,fit
18,South,Cycling,78,15804,714,>14k,>700,6.18,49.2,fit
75,North,Gym,91,4759,254,<5k,250-400,7.67,80.4,unfit
22,East,Cycling,83,18150,897,>14k,>700,6.66,60.7,fit
23,South,Running,94,11507,614,11k-14k,550-700,6.73,52.2,moderately_fit
34,South,Cycling,86,10247,606,8k-11k,550-700,5.54,74.7,moderately_fit
21,West,Cycling,84,11225,719,11k-14k,>700,7.06,56.8,moderately_fit
24,North,Gym,81,9340,411,8k-11k,400-550,5.02,88.0,moderately_fit
26,East,Walking,73,10422,412,8k-11k,400-550,5.42,61.5,moderately_fit
30,South,Gym,79,10294,397,8k-11k,250-400,6.51,82.2,moderately_fit
23,West,Sports,81,10488,451,8k-11k,400-550,7.77,85.5,moderately_fit
28,East,Running,103,14327,934,>14k,>700,7.53,77.9,fit
69,North,Cycling,93,9578,439,8k-11k,400-550,7.1,67.1,moderately_fit
51,East,Walking,74,7281,256,5k-8k,250-400,7.25,96.5,moderately_fit
33,North,Cycling,87,13855,675,11k-14k,550-700,6.56,82.1,fit
28,West,Running,100,14268,844,>14k,>700,7.56,79.8,fit
57,North,Walking,73,7519,263,5k-8k,250-400,5.43,69.7,moderately_fit
54,East,Sports,82,9524,369,8k-11k,250-400,7.02,74.0,moderately_fit
39,North,Gym,84,6983,348,5k-8k,250-400,6.17,59.4,unfit
48,East,Gym,79,5146,219,5k-8k,<250,7.13,62.8,unfit
56,West,Walking,73,9106,344,8k-11k,250-400,6.91,91.8,moderately_fit
24,West,Gym,84,5827,255,5k-8k,250-400,7.58,78.5,unfit
25,North,Running,89,15062,833,>14k,>700,6.75,64.8,fit
29,South,Gym,77,10290,464,8k-11k,400-550,7.58,71.2,moderately_fit
23,North,Cycling,89,9148,393,8k-11k,250-400,7.41,84.6,moderately_fit
48,South,Gym,78,10252,443,8k-11k,400-550,6.57,86.6,moderately_fit
32,North,Running,93,9548,416,8k-11k,400-550,6.99,62.6,moderately_fit
30,North,Cycling,90,9590,402,8k-11k,400-550,7.91,65.6,moderately_fit
30,South,Cycling,45,13451,556,11k-14k,550-700,7.43,73.3,moderately_fit
44,North,Gym,85,5014,234,5k-8k,<250,6.55,83.7,unfit
51,South,Sports,88,12182,784,11k-14k,>700,8.6,65.5,fit
38,North,Cycling,89,13189,592,11k-14k,550-700,5.33,61.3,moderately_fit
27,North,Walking,72,9666,248,8k-11k,<250,5.74,66.1,moderately_fit
61,East,Gym,79,8069,403,8k-11k,400-550,6.11,62.9,moderately_fit
30,North,Running,104,11284,610,11k-14k,550-700,6.14,74.0,moderately_fit
21,South,Cycling,130,9284,370,8k-11k,250-400,6.7,54.4,moderately_fit
20,South,Gym,98,8608,368,8k-11k,250-400,8.58,87.9,moderately_fit
43,South,Gym,89,1000,100,<5k,<250,5.92,63.3,unfit
24,East,Gym,130,9658,369,8k-11k,250-400,7.35,56.2,moderately_fit
27,South,Gym,91,9112,374,8k-11k,250-400,7.22,83.8,moderately_fit
43,North,Cycling,84,10189,538,8k-11k,400-550,8.46,77.7,moderately_fit
31,West,Cycling,80,10359,488,8k-11k,400-550,7.75,65.2,moderately_fit
30,West,Walking,62,7713,342,5k-8k,250-400,7.33,75.6,moderately_fit
36,North,Gym,83,8998,329,8k-11k,250-400,8.81,88.5,moderately_fit
59,South,Walking,64,2893,106,<5k,<250,5.79,81.9,unfit
31,North,Cycling,103,11659,623,11k-14k,550-700,7.1,82.5,moderately_fit
33,North,Cycling,82,10747,378,8k-11k,250-400,6.52,58.3,moderately_fit
49,North,Walking,76,2895,102,<5k,<250,4.54,80.7,unfit
50,East,Walking,120,8082,292,8k-11k,250-400,4.91,73.8,moderately_fit
18,North,Running,45,14105,829,>14k,>700,7.26,72.6,fit
23,West,Sports,96,14155,603,>14k,550-700,6.17,69.1,fit
18,South,Running,91,14867,941,>14k,>700,6.54,56.9,fit
44,North,Gym,72,3816,135,<5k,<250,8.12,77.4,unfit
28,East,Gym,79,9959,469,8k-11k,400-550,7.33,81.4,moderately_fit
58,North,Gym,90,8574,422,8k-11k,400-550,8.25,72.9,moderately_fit
37,South,Cycling,87,13406,713,11k-14k,>700,7.73,86.0,fit
31,South,Walking,60,9144,295,8k-11k,250-400,6.8,70.7,moderately_fit
66,North,Walking,72,7836,213,5k-8k,<250,7.71,94.3,moderately_fit
47,North,Cycling,97,11520,522,11k-14k,400-550,7.14,75.9,moderately_fit
29,North,Gym,66,8037,464,8k-11k,400-550,7.38,77.7,moderately_fit
46,North,Running,100,10795,462,8k-11k,400-550,6.81,72.2,moderately_fit
48,North,Gym,91,10472,500,8k-11k,400-550,7.01,77.9,moderately_fit
30,West,Cycling,81,10069,593,8k-11k,550-700,6.77,71.6,moderately_fit
62,North,Walking,75,6713,211,5k-8k,<250,6.79,67.3,unfit
29,North,Sports,97,16320,948,>14k,>700,5.87,77.5,fit
21,West,Gym,96,8255,436,8k-11k,400-550,6.68,72.5,moderately_fit
30,South,Gym,88,11020,460,11k-14k,400-550,7.72,87.6,moderately_fit
39,South,Cycling,79,8312,394,8k-11k,250-400,5.97,66.8,moderately_fit
31,North,Sports,102,13339,721,11k-14k,>700,7.7,48.0,fit
48,East,Walking,75,9627,353,8k-11k,250-400,7.49,91.8,moderately_fit
58,North,Sports,85,12880,545,11k-14k,400-550,8.64,70.3,moderately_fit
30,East,Gym,66,8237,472,8k-11k,400-550,5.73,73.3,moderately_fit
21,West,Running,90,19421,997,>14k,>700,6.77,53.6,fit
50,South,Walking,69,5843,174,5k-8k,<250,7.23,70.5,unfit
28,North,Gym,80,15054,677,>14k,550-700,6.41,76.2,fit
30,South,Running,103,13897,555,11k-14k,550-700,6.59,62.9,moderately_fit
37,South,Running,108,15088,768,>14k,>700,7.26,66.9,fit
25,South,Running,90,16197,902,>14k,>700,6.9,52.6,fit
41,South,Running,97,9418,428,8k-11k,400-550,7.74,90.0,moderately_fit
22,East,Sports,91,16093,710,>14k,>700,6.42,59.6,fit
62,South,Walking,74,6092,213,5k-8k,<250,6.16,64.9,unfit
30,West,Gym,83,7810,320,5k-8k,250-400,7.0,47.6,moderately_fit
29,East,Cycling,84,9241,515,8k-11k,400-550,6.91,63.0,moderately_fit
53,North,Walking,81,4927,212,<5k,<250,5.6,87.3,unfit
58,East,Gym,88,7140,279,5k-8k,250-400,5.63,89.0,moderately_fit
26,North,Running,104,10998,812,8k-11k,>700,7.74,67.5,moderately_fit
50,East,Walking,63,4660,192,<5k,<250,6.03,62.2,unfit
54,North,Sports,102,5559,267,5k-8k,250-400,7.27,73.3,unfit
54,South,Walking,130,4461,162,<5k,<250,5.2,74.3,unfit
25,East,Gym,90,12944,526,11k-14k,400-550,7.83,77.2,moderately_fit
24,North,Gym,78,12603,389,11k-14k,250-400,6.94,72.3,moderately_fit
52,East,Walking,78,6726,223,5k-8k,<250,6.02,91.5,unfit
46,East,Gym,78,13399,685,11k-14k,550-700,8.63,65.0,fit
24,South,Running,89,18044,1116,>14k,>700,6.61,58.1,fit
41,South,Cycling,98,11246,491,11k-14k,400-550,7.6,72.7,moderately_fit
25,West,Cycling,82,12798,525,11k-14k,400-550,7.46,70.4,moderately_fit
22,North,Gym,77,9955,590,8k-11k,550-700,6.39,78.9,moderately_fit
54,East,Walking,63,3561,130,<5k,<250,6.41,77.0,unfit
18,East,Sports,93,12333,596,11k-14k,550-700,7.33,67.7,moderately_fit
29,West,Walking,110,2224,100,<5k,<250,6.97,85.6,unfit
18,East,Sports,90,10264,544,8k-11k,400-550,7.11,54.5,moderately_fit
30,South,Cycling,110,14509,682,>14k,550-700,7.33,94.8,fit
63,West,Sports,83,9293,465,8k-11k,400-550,7.48,81.9,moderately_fit
32,East,Gym,86,6401,265,5k-8k,250-400,4.72,53.6,unfit
22,East,Gym,72,11050,534,11k-14k,400-550,6.54,67.9,moderately_fit
32,North,Cycling,92,12390,666,11k-14k,550-700,7.31,49.7,fit
31,South,Cycling,87,14815,748,>14k,>700,4.73,64.7,fit
65,East,Walking,72,9049,302,8k-11k,250-400,6.61,72.9,moderately_fit
19,South,Cycling,86,13873,526,11k-14k,400-550,9.17,93.5,moderately_fit
29,North,Gym,73,5480,217,5k-8k,<250,7.75,70.6,unfit
63,North,Gym,66,12700,469,11k-14k,400-550,6.2,78.1,moderately_fit
65,South,Cycling,79,11623,585,11k-14k,550-700,9.42,68.1,moderately_fit
23,North,Gym,80,11789,478,11k-14k,400-550,5.57,92.2,moderately_fit
26,North,Gym,75,9424,442,8k-11k,400-550,6.45,75.8,moderately_fit
55,South,Walking,83,2926,112,<5k,<250,7.82,68.4,unfit
72,East,Walking,81,3999,134,<5k,<250,6.52,72.9,unfit
25,South,Gym,78,9406,397,8k-11k,250-400,7.78,59.6,moderately_fit
22,North,Gym,77,8731,408,8k-11k,400-550,8.02,71.7,moderately_fit
48,North,Gym,84,10733,352,8k-11k,250-400,7.81,68.1,moderately_fit
29,South,Cycling,78,10928,597,8k-11k,550-700,5.86,66.8,moderately_fit
25,East,Sports,92,10451,508,8k-11k,400-550,6.45,82.7,moderately_fit
56,East,Gym,91,8718,400,8k-11k,250-400,6.78,68.7,moderately_fit
28,North,Gym,100,7260,298,5k-8k,250-400,7.51,72.2,moderately_fit
73,South,Walking,78,1803,100,<5k,<250,6.49,74.9,unfit
33,West,Cycling,72,12073,529,11k-14k,400-550,6.21,73.0,moderately_fit
60,North,Running,94,10582,533,8k-11k,400-550,6.75,76.9,moderately_fit
28,South,Sports,85,12525,625,11k-14k,550-700,8.02,68.3,fit
28,South,Walking,69,10219,372,8k-11k,250-400,4.24,83.8,moderately_fit
31,North,Cycling,90,11587,548,11k-14k,400-550,7.1,82.8,moderately_fit
35,North,Running,90,15007,883,>14k,>700,8.24,56.2,fit
25,South,Sports,89,12436,591,11k-14k,550-700,8.34,45.2,moderately_fit
61,North,Gym,83,9158,388,8k-11k,250-400,5.15,90.8,moderately_fit
64,North,Gym,78,1602,100,<5k,<250,6.23,77.8,unfit
48,North,Cycling,45,7664,327,5k-8k,250-400,8.92,76.3,moderately_fit
28,North,Cycling,93,10234,516,8k-11k,400-550,5.69,85.8,moderately_fit
26,South,Gym,82,8268,304,8k-11k,250-400,7.44,62.5,moderately_fit
27,North,Gym,64,7420,365,5k-8k,250-400,7.95,72.5,moderately_fit
47,North,Running,115,11854,630,11k-14k,550-700,8.01,75.9,moderately_fit
33,East,Gym,130,8660,341,8k-11k,250-400,7.52,84.1,moderately_fit
53,South,Gym,78,7460,324,5k-8k,250-400,7.0,77.4,moderately_fit
58,South,Sports,78,10034,525,8k-11k,400-550,7.39,74.5,moderately_fit
54,North,Gym,84,8844,511,8k-11k,400-550,6.04,71.0,moderately_fit
38,South,Cycling,89,8460,345,8k-11k,250-400,7.3,78.0,moderately_fit
30,North,Cycling,88,9734,333,8k-11k,250-400,8.32,68.2,moderately_fit
25,North,Cycling,73,13746,615,11k-14k,550-700,5.61,53.9,fit
28,East,Sports,100,9778,420,8k-11k,400-550,6.85,72.9,moderately_fit
53,West,Running,93,9076,374,8k-11k,250-400,6.51,50.4,moderately_fit
29,South,Running,106,11581,623,11k-14k,550-700,8.38,83.7,moderately_fit
23,North,Gym,77,9166,421,8k-11k,400-550,6.47,60.5,moderately_fit
60,West,Walking,82,7756,298,5k-8k,250-400,8.84,82.8,moderately_fit
28,North,Gym,110,10643,444,8k-11k,400-550,8.62,80.3,moderately_fit
68,West,Walking,74,3587,135,<5k,<250,5.53,88.2,unfit
51,South,Running,110,17139,961,>14k,>700,6.17,94.5,fit
19,South,Running,94,12813,568,11k-14k,550-700,8.62,65.9,moderately_fit
32,South,Gym,77,5013,244,5k-8k,<250,6.8,77.5,unfit
50,West,Sports,98,14787,703,>14k,>700,6.06,76.6,fit
41,West,Running,114,10189,506,8k-11k,400-550,6.13,74.5,moderately_fit
29,South,Running,104,13567,689,11k-14k,550-700,8.49,73.6,fit
24,East,Cycling,73,11185,465,11k-14k,400-550,7.44,62.3,moderately_fit
57,South,Gym,89,8854,393,8k-11k,250-400,5.91,84.2,moderately_fit
54,East,Walking,87,2406,100,<5k,<250,6.51,73.0,unfit
24,East,Cycling,84,10768,435,8k-11k,400-550,7.14,83.0,moderately_fit
30,North,Gym,101,8283,301,8k-11k,250-400,7.85,72.6,moderately_fit
29,North,Running,111,18141,1063,>14k,>700,6.43,74.1,fit
23,West,Gym,78,8307,392,8k-11k,250-400,6.27,77.2,moderately_fit
24,West,Running,101,13437,705,11k-14k,>700,6.79,67.0,fit
37,North,Gym,92,10633,533,8k-11k,400-550,7.41,56.3,moderately_fit
22,North,Cycling,82,12958,585,11k-14k,550-700,5.93,85.2,moderately_fit
56,West,Walking,49,4525,167,<5k,<250,7.3,90.2,unfit
25,South,Cycling,98,12511,535,11k-14k,400-550,6.82,69.5,moderately_fit
23,South,Cycling,79,9756,504,8k-11k,400-550,8.26,65.4,moderately_fit
53,North,Walking,81,7739,300,5k-8k,250-400,5.38,56.4,moderately_fit
35,West,Gym,79,8466,336,8k-11k,250-400,6.79,77.5,moderately_fit
22,North,Cycling,93,8538,416,8k-11k,400-550,6.67,58.4,moderately_fit
56,North,Walking,86,1686,100,<5k,<250,8.76,80.6,unfit
75,North,Walking,77,4207,153,<5k,<250,6.58,80.6,unfit
50,West,Walking,67,4725,154,<5k,<250,5.42,74.0,unfit
63,East,Gym,78,6400,278,5k-8k,250-400,5.14,76.8,unfit
20,East,Gym,73,9743,478,8k-11k,400-550,7.36,70.7,moderately_fit
50,South,Walking,72,2465,100,<5k,<250,5.77,60.5,unfit
30,West,Cycling,73,9215,398,8k-11k,250-400,6.14,84.6,moderately_fit
26,East,Walking,64,7314,280,5k-8k,250-400,7.16,66.0,moderately_fit
48,East,Gym,50,8250,350,8k-11k,250-400,6.85,72.8,moderately_fit
47,West,Sports,91,12482,666,11k-14k,550-700,7.38,64.8,fit
58,South,Running,103,13911,768,11k-14k,>700,7.37,81.9,fit
40,South,Gym,84,7936,312,5k-8k,250-400,6.77,76.0,moderately_fit
29,West,Walking,76,7117,243,5k-8k,<250,7.72,51.2,moderately_fit
28,East,Running,98,12557,773,11k-14k,>700,5.39,78.5,fit
67,South,Walking,67,6698,187,5k-8k,<250,4.8,95.6,unfit
26,North,Sports,91,11345,564,11k-14k,550-700,6.62,69.9,moderately_fit
37,East,Cycling,79,8062,376,8k-11k,250-400,7.53,56.8,moderately_fit
32,South,Sports,99,7630,395,5k-8k,250-400,7.82,66.6,moderately_fit
72,North,Cycling,89,5311,231,5k-8k,<250,5.7,69.0,unfit
44,West,Running,108,11602,773,11k-14k,>700,8.48,80.8,moderately_fit
29,North,Running,100,16838,825,>14k,>700,9.45,69.2,fit
28,South,Cycling,71,11313,573,11k-14k,550-700,7.55,73.6,moderately_fit
20,East,Running,97,15143,724,>14k,>700,6.79,85.1,fit
24,South,Gym,87,9608,392,8k-11k,250-400,8.0,74.6,moderately_fit
25,North,Running,104,18139,999,>14k,>700,8.46,59.4,fit
55,South,Walking,77,7042,300,5k-8k,250-400,6.17,74.1,moderately_fit
18,North,Cycling,79,11963,664,11k-14k,550-700,6.76,69.0,moderately_fit
74,North,Running,95,7604,416,5k-8k,400-550,7.26,70.2,moderately_fit
39,North,Sports,106,8028,435,8k-11k,400-550,8.08,82.7,moderately_fit
58,North,Gym,87,11464,651,11k-14k,550-700,8.02,85.2,moderately_fit
24,North,Cycling,96,13529,482,11k-14k,400-550,6.98,59.5,moderately_fit
30,South,Gym,84,8716,470,8k-11k,400-550,7.86,68.5,moderately_fit
21,West,Gym,89,14284,813,>14k,>700,6.46,77.3,fit
28,South,Sports,91,12114,573,11k-14k,550-700,9.26,75.7,moderately_fit
74,East,Cycling,79,5478,278,5k-8k,250-400,6.21,83.8,unfit
63,South,Running,111,14164,726,>14k,>700,7.99,69.8,fit
26,East,Gym,79,6264,301,5k-8k,250-400,6.77,64.5,unfit
56,South,Running,112,9997,341,8k-11k,250-400,7.1,65.1,moderately_fit
18,South,Cycling,87,8998,387,8k-11k,250-400,6.91,63.6,moderately_fit
28,North,Gym,81,7334,347,5k-8k,250-400,6.35,62.4,moderately_fit
51,North,Cycling,84,9859,429,8k-11k,400-550,6.39,102.2,moderately_fit
39,South,Gym,79,9442,422,8k-11k,400-550,5.99,86.3,moderately_fit
28,South,Gym,78,6577,325,5k-8k,250-400,6.88,81.2,unfit
32,West,Cycling,94,15402,588,>14k,550-700,7.28,85.5,moderately_fit
42,North,Gym,78,3177,137,<5k,<250,6.47,87.1,unfit
64,North,Walking,79,5805,212,5k-8k,<250,4.36,70.7,unfit
34,South,Cycling,83,11107,429,11k-14k,400-550,7.23,80.3,moderately_fit
29,West,Cycling,68,11778,490,11k-14k,400-550,7.04,70.5,moderately_fit
31,South,Gym,75,11331,446,11k-14k,400-550,7.96,60.9,moderately_fit
50,East,Sports,96,2602,122,<5k,<250,7.07,81.4,unfit
24,North,Gym,85,7664,348,5k-8k,250-400,7.33,74.4,moderately_fit
52,South,Sports,97,10431,610,8k-11k,550-700,8.39,72.3,moderately_fit
28,East,Cycling,74,15457,655,>14k,550-700,9.18,75.0,fit
23,West,Gym,63,8212,336,8k-11k,250-400,6.98,71.1,moderately_fit
54,North,Walking,65,5695,258,5k-8k,250-400,5.25,77.2,unfit
29,South,Gym,120,11080,543,11k-14k,400-550,8.42,86.5,moderately_fit
26,East,Gym,76,6442,366,5k-8k,250-400,3.59,81.8,moderately_fit
56,North,Gym,84,7522,334,5k-8k,250-400,5.96,52.7,moderately_fit
63,East,Walking,68,5389,166,5k-8k,<250,5.7,66.3,unfit
50,South,Walking,70,5074,191,5k-8k,<250,7.25,74.1,unfit
38,North,Cycling,92,11657,518,11k-14k,400-550,7.04,87.8,moderately_fit
18,East,Gym,79,15392,538,>14k,400-550,5.87,45.3,moderately_fit
29,North,Running,99,14421,784,>14k,>700,9.8,71.8,fit
24,West,Gym,66,4012,169,<5k,<250,6.62,75.4,unfit
27,East,Cycling,82,9102,552,8k-11k,550-700,6.06,68.1,moderately_fit
27,East,Running,102,18537,989,>14k,>700,6.08,64.7,fit
38,North,Cycling,85,9801,485,8k-11k,400-550,5.98,64.0,moderately_fit
60,West,Walking,82,3414,129,<5k,<250,6.54,61.4,unfit
34,East,Gym,86,10819,391,8k-11k,250-400,6.49,82.3,moderately_fit
21,North,Gym,92,8203,330,8k-11k,250-400,6.48,70.3,moderately_fit
25,South,Gym,81,9620,376,8k-11k,250-400,7.12,85.6,moderately_fit
29,North,Gym,73,6437,234,5k-8k,<250,6.77,78.5,unfit
57,West,Gym,130,6354,234,5k-8k,<250,7.29,68.8,unfit
52,West,Gym,87,7657,299,5k-8k,250-400,6.7,64.9,moderately_fit
56,West,Cycling,88,8708,402,8k-11k,400-550,6.87,92.6,moderately_fit
26,East,Running,105,15323,931,>14k,>700,6.51,89.7,fit
25,South,Running,102,14903,801,>14k,>700,7.15,79.9,fit
25,North,Sports,96,9847,516,8k-11k,400-550,7.73,70.1,moderately_fit
46,North,Running,98,17257,868,>14k,>700,8.26,68.9,fit
48,North,Running,104,11529,543,11k-14k,400-550,7.38,93.8,moderately_fit
21,South,Sports,105,9363,483,8k-11k,400-550,3.8,72.6,moderately_fit
61,West,Sports,82,3717,191,<5k,<250,8.79,67.4,unfit
25,West,Running,106,14525,725,>14k,>700,6.61,67.4,fit
24,North,Running,122,11621,563,11k-14k,550-700,7.37,55.6,moderately_fit
50,East,Gym,98,9298,457,8k-11k,400-550,7.6,75.2,moderately_fit
26,South,Cycling,89,11480,587,11k-14k,550-700,8.14,76.9,moderately_fit
24,South,Sports,50,22326,1115,>14k,>700,9.87,76.4,fit
29,East,Gym,77,6114,272,5k-8k,250-400,7.24,63.9,unfit
26,South,Cycling,101,14004,525,>14k,400-550,7.93,74.9,moderately_fit
52,West,Running,97,8331,423,8k-11k,400-550,7.53,83.7,moderately_fit
23,East,Gym,88,11744,633,11k-14k,550-700,8.0,67.5,moderately_fit
27,East,Cycling,85,14837,476,>14k,400-550,8.22,75.5,moderately_fit
66,North,Gym,76,5939,270,5k-8k,250-400,8.3,72.6,unfit
69,North,Walking,82,3821,145,<5k,<250,5.41,69.1,unfit
27,South,Sports,90,11828,498,11k-14k,400-550,7.02,80.7,moderately_fit
45,East,Running,102,10070,546,8k-11k,400-550,8.32,68.0,moderately_fit
49,West,Running,111,16731,899,>14k,>700,7.08,89.7,fit
52,South,Cycling,84,8786,439,8k-11k,400-550,7.67,78.1,moderately_fit
43,East,Sports,83,11932,625,11k-14k,550-700,7.36,74.1,moderately_fit
59,South,Cycling,76,9892,679,8k-11k,550-700,6.97,85.0,moderately_fit
19,North,Running,99,17576,938,>14k,>700,5.52,67.8,fit
55,East,Gym,92,6403,251,5k-8k,250-400,6.41,76.4,unfit
45,East,Gym,70,10118,448,8k-11k,400-550,7.39,80.2,moderately_fit
29,North,Running,110,17804,920,>14k,>700,7.54,64.9,fit
32,North,Sports,99,11397,593,11k-14k,550-700,6.81,88.2,moderately_fit
62,South,Cycling,93,5147,250,5k-8k,<250,6.96,90.6,unfit
41,North,Walking,69,9510,388,8k-11k,250-400,8.58,81.4,moderately_fit
29,West,Gym,94,9700,434,8k-11k,400-550,7.18,58.4,moderately_fit
41,South,Sports,86,11017,507,11k-14k,400-550,6.59,83.7,moderately_fit
59,North,Cycling,66,10411,517,8k-11k,400-550,5.97,86.1,moderately_fit
57,North,Gym,81,10972,464,8k-11k,400-550,8.04,73.6,moderately_fit
62,West,Gym,80,6511,249,5k-8k,<250,7.01,87.8,unfit
67,East,Walking,78,7897,294,5k-8k,250-400,5.61,81.2,moderately_fit
60,East,Cycling,94,8820,521,8k-11k,400-550,5.32,62.7,moderately_fit
25,North,Running,106,16171,744,>14k,>700,7.17,66.0,fit
61,West,Running,105,8879,474,8k-11k,400-550,9.32,87.5,moderately_fit
24,South,Gym,81,8965,404,8k-11k,400-550,8.19,73.7,moderately_fit
46,East,Running,115,15454,732,>14k,>700,6.79,57.6,fit
54,West,Walking,59,2151,100,<5k,<250,7.0,77.3,unfit
24,North,Sports,96,14231,805,>14k,>700,5.76,68.5,fit
30,South,Sports,93,12908,643,11k-14k,550-700,6.99,57.6,fit
58,North,Cycling,86,12952,576,11k-14k,550-700,7.22,73.5,moderately_fit
62,South,Sports,93,11701,563,11k-14k,550-700,5.83,86.2,moderately_fit
45,North,Cycling,89,10282,585,8k-11k,550-700,6.29,62.7,moderately_fit
22,West,Gym,73,6553,352,5k-8k,250-400,6.3,72.9,moderately_fit
52,South,Cycling,92,7828,380,5k-8k,250-400,7.61,74.0,moderately_fit
26,East,Gym,85,8899,368,8k-11k,250-400,7.26,88.2,moderately_fit
51,West,Gym,89,11530,496,11k-14k,400-550,6.08,84.4,moderately_fit
26,West,Gym,98,11468,538,11k-14k,400-550,7.61,63.6,moderately_fit
54,South,Gym,94,5612,251,5k-8k,250-400,7.01,98.1,unfit
28,South,Running,93,15208,715,>14k,>700,9.03,58.9,fit
35,North,Gym,76,7719,324,5k-8k,250-400,5.74,80.3,moderately_fit
30,North,Gym,71,7585,313,5k-8k,250-400,8.62,68.3,moderately_fit
23,South,Running,102,16385,873,>14k,>700,6.82,82.3,fit
28,North,Cycling,84,10838,449,8k-11k,400-550,8.78,65.7,moderately_fit
22,South,Running,108,11107,595,11k-14k,550-700,7.94,67.6,moderately_fit
35,North,Gym,95,10933,440,8k-11k,400-550,5.65,82.6,moderately_fit
45,South,Running,114,12756,546,11k-14k,400-550,7.44,69.0,moderately_fit
21,South,Cycling,87,10844,517,8k-11k,400-550,8.65,69.9,moderately_fit
50,North,Running,121,16277,768,>14k,>700,6.57,83.7,fit
54,North,Walking,130,8208,279,8k-11k,250-400,7.69,72.8,moderately_fit
70,South,Sports,97,8797,434,8k-11k,400-550,8.38,62.4,moderately_fit
54,East,Walking,65,2656,101,<5k,<250,8.06,71.7,unfit
53,South,Walking,120,8354,264,8k-11k,250-400,7.04,72.9,moderately_fit
43,East,Running,95,11049,442,11k-14k,400-550,6.56,67.6,moderately_fit
33,North,Gym,84,8605,356,8k-11k,250-400,7.73,79.0,moderately_fit
59,North,Sports,100,8689,492,8k-11k,400-550,8.41,67.5,moderately_fit
23,North,Gym,74,6427,241,5k-8k,<250,7.83,78.0,unfit
68,South,Walking,73,6238,255,5k-8k,250-400,4.33,86.1,unfit
24,East,Gym,65,7493,327,5k-8k,250-400,7.23,70.6,moderately_fit
45,North,Running,120,13502,701,11k-14k,>700,8.02,91.9,fit
42,East,Walking,62,4847,178,<5k,<250,8.01,66.4,unfit
34,South,Walking,64,6237,292,5k-8k,250-400,4.94,70.9,unfit
40,West,Gym,80,9446,349,8k-11k,250-400,5.89,61.0,moderately_fit
56,East,Gym,102,7775,285,5k-8k,250-400,6.95,99.9,moderately_fit
30,East,Cycling,83,12594,605,11k-14k,550-700,9.74,79.7,fit
31,South,Cycling,83,12703,689,11k-14k,550-700,7.98,66.4,fit
23,West,Running,96,18496,836,>14k,>700,6.58,76.5,fit
50,West,Walking,70,6291,198,5k-8k,<250,6.47,93.6,unfit
33,South,Sports,91,14717,644,>14k,550-700,7.91,76.2,fit
24,South,Running,109,13432,762,11k-14k,>700,7.64,57.6,fit
21,South,Gym,90,11744,481,11k-14k,400-550,7.25,77.2,moderately_fit
29,South,Running,105,17270,905,>14k,>700,6.86,63.8,fit
36,South,Cycling,82,13359,491,11k-14k,400-550,6.81,79.0,moderately_fit
35,North,Gym,88,5219,229,5k-8k,<250,7.37,66.0,unfit
28,West,Walking,81,1176,100,<5k,<250,7.14,76.2,unfit
30,South,Walking,64,8470,300,8k-11k,250-400,4.7,72.8,moderately_fit
27,East,Cycling,93,11286,475,11k-14k,400-550,7.03,55.9,moderately_fit
56,South,Walking,72,6534,278,5k-8k,250-400,7.82,75.6,unfit
52,East,Gym,75,7962,425,5k-8k,400-550,9.19,79.6,moderately_fit
37,North,Gym,45,7885,286,5k-8k,250-400,7.86,85.5,moderately_fit
20,South,Gym,110,11298,512,11k-14k,400-550,7.58,60.8,moderately_fit
19,South,Gym,86,10780,404,8k-11k,400-550,8.16,71.1,moderately_fit
25,South,Walking,64,7417,355,5k-8k,250-400,6.85,72.7,moderately_fit
24,West,Gym,72,9672,447,8k-11k,400-550,5.84,56.3,moderately_fit
52,North,Running,112,13450,781,11k-14k,>700,6.98,102.6,fit
25,South,Running,95,12517,691,11k-14k,550-700,5.88,61.2,fit
53,North,Cycling,85,6420,214,5k-8k,<250,8.09,73.1,unfit
24,West,Gym,76,6782,354,5k-8k,250-400,5.0,77.2,moderately_fit
51,North,Cycling,86,8088,527,8k-11k,400-550,7.53,82.1,moderately_fit
28,East,Sports,91,15844,816,>14k,>700,7.64,91.2,fit
24,North,Walking,64,7945,268,5k-8k,250-400,6.47,65.5,moderately_fit
55,South,Sports,97,8095,495,8k-11k,400-550,4.46,85.2,moderately_fit
29,West,Gym,83,9772,424,8k-11k,400-550,5.59,68.3,moderately_fit
27,North,Running,112,10967,684,8k-11k,550-700,7.43,77.9,moderately_fit
27,East,Gym,86,8935,369,8k-11k,250-400,7.8,74.7,moderately_fit
28,North,Running,104,12768,439,11k-14k,400-550,7.3,56.5,moderately_fit
63,South,Gym,50,3691,184,<5k,<250,8.35,73.7,unfit
30,South,Gym,67,11933,454,11k-14k,400-550,7.55,64.1,moderately_fit
32,South,Cycling,86,9938,475,8k-11k,400-550,7.21,76.6,moderately_fit
27,South,Running,102,13984,792,11k-14k,>700,7.25,71.9,fit
29,East,Running,102,15990,962,>14k,>700,6.61,80.6,fit
25,North,Sports,109,13272,760,11k-14k,>700,9.62,86.4,fit
49,South,Sports,88,10506,547,8k-11k,400-550,8.02,64.9,moderately_fit
61,North,Sports,103,8678,397,8k-11k,250-400,7.61,69.0,moderately_fit
25,East,Cycling,91,13260,692,11k-14k,550-700,7.09,67.5,fit
27,East,Gym,73,9381,446,8k-11k,400-550,7.2,79.9,moderately_fit
25,North,Gym,79,9893,494,8k-11k,400-550,5.08,56.4,moderately_fit
33,North,Gym,83,11782,475,11k-14k,400-550,7.05,91.7,moderately_fit
30,North,Sports,100,14883,884,>14k,>700,7.16,82.4,fit
44,West,Gym,95,8938,357,8k-11k,250-400,4.31,75.9,moderately_fit
31,East,Gym,80,9394,364,8k-11k,250-400,8.33,85.3,moderately_fit
48,South,Gym,92,9639,463,8k-11k,400-550,7.29,74.0,moderately_fit
45,South,Gym,76,7570,313,5k-8k,250-400,7.18,58.8,moderately_fit
29,North,Gym,85,8644,412,8k-11k,400-550,6.31,84.6,moderately_fit
32,South,Cycling,90,10723,483,8k-11k,400-550,8.62,81.4,moderately_fit
42,East,Walking,67,4683,172,<5k,<250,6.89,80.5,unfit
42,South,Running,92,19687,890,>14k,>700,6.23,79.8,fit
18,West,Cycling,91,11000,555,8k-11k,550-700,5.84,63.6,moderately_fit
24,South,Cycling,84,12689,537,11k-14k,400-550,6.16,54.0,moderately_fit
28,North,Gym,61,9291,460,8k-11k,400-550,6.54,48.4,moderately_fit
59,South,Sports,81,11166,521,11k-14k,400-550,6.6,58.6,moderately_fit
51,South,Cycling,85,8399,381,8k-11k,250-400,6.62,76.3,moderately_fit
60,West,Walking,61,6193,163,5k-8k,<250,6.91,64.2,unfit
28,South,Cycling,86,9074,475,8k-11k,400-550,6.66,56.2,moderately_fit
35,South,Cycling,87,13675,561,11k-14k,550-700,8.44,61.9,moderately_fit
45,East,Running,103,14284,772,>14k,>700,9.26,75.8,fit
21,South,Walking,71,5007,170,5k-8k,<250,5.35,79.9,unfit
23,South,Running,91,14542,742,>14k,>700,8.61,94.2,fit
25,West,Cycling,88,7963,461,5k-8k,400-550,6.27,90.1,moderately_fit
33,North,Gym,75,7001,311,5k-8k,250-400,7.94,69.5,moderately_fit
63,North,Running,113,13262,694,11k-14k,550-700,7.73,67.0,fit
47,West,Gym,65,1851,100,<5k,<250,8.18,82.9,unfit
24,North,Running,115,17535,886,>14k,>700,6.16,69.4,fit
28,North,Gym,90,10280,360,8k-11k,250-400,7.7,71.4,moderately_fit
23,South,Gym,83,9466,515,8k-11k,400-550,5.94,68.1,moderately_fit
23,North,Cycling,77,13794,560,11k-14k,550-700,6.91,64.9,moderately_fit
56,West,Cycling,95,15717,689,>14k,550-700,6.37,84.9,fit
45,South,Gym,89,4876,256,<5k,250-400,5.88,84.8,unfit
35,South,Running,94,18380,1071,>14k,>700,7.39,72.4,fit
60,North,Running,99,13699,689,11k-14k,550-700,8.09,82.0,fit
22,North,Cycling,100,9918,432,8k-11k,400-550,7.32,63.4,moderately_fit
29,South,Running,111,15474,893,>14k,>700,7.32,69.3,fit
67,South,Gym,82,3953,178,<5k,<250,6.77,74.4,unfit
33,East,Sports,96,10468,594,8k-11k,550-700,8.14,77.6,moderately_fit
52,North,Cycling,86,4017,202,<5k,<250,6.4,75.7,unfit
57,East,Walking,85,3222,114,<5k,<250,7.39,80.5,unfit
23,North,Running,94,15645,680,>14k,550-700,7.28,64.1,fit
27,South,Running,107,15510,776,>14k,>700,10.5,92.3,fit
32,South,Cycling,70,12027,551,11k-14k,550-700,7.32,70.4,moderately_fit
27,North,Walking,77,8792,286,8k-11k,250-400,6.39,56.7,moderately_fit
52,South,Gym,78,8029,337,8k-11k,250-400,5.17,87.6,moderately_fit
38,North,Gym,90,10362,488,8k-11k,400-550,8.28,59.1,moderately_fit
22,South,Gym,74,12416,527,11k-14k,400-550,6.07,62.5,moderately_fit
67,East,Walking,62,5879,215,5k-8k,<250,6.51,80.8,unfit
31,North,Cycling,100,9874,553,8k-11k,550-700,6.9,67.1,moderately_fit
30,West,Gym,78,8836,418,8k-11k,400-550,7.57,69.7,moderately_fit
27,South,Running,97,11591,690,11k-14k,550-700,7.02,68.1,moderately_fit
58,West,Gym,79,9461,430,8k-11k,400-550,5.76,74.6,moderately_fit
25,North,Running,104,9483,435,8k-11k,400-550,6.33,53.2,moderately_fit
34,West,Running,99,12921,676,11k-14k,550-700,6.2,80.7,fit
54,North,Walking,76,7218,261,5k-8k,250-400,6.69,79.4,moderately_fit
29,South,Gym,68,6716,258,5k-8k,250-400,8.29,73.8,unfit
33,West,Cycling,95,7305,301,5k-8k,250-400,6.89,70.9,moderately_fit
26,North,Running,105,7361,371,5k-8k,250-400,7.9,65.9,moderately_fit
28,North,Cycling,87,10489,532,8k-11k,400-550,8.1,76.0,moderately_fit
40,East,Running,100,9369,424,8k-11k,400-550,7.61,86.3,moderately_fit
27,South,Walking,70,9273,363,8k-11k,250-400,5.66,77.9,moderately_fit
32,South,Cycling,120,7001,376,5k-8k,250-400,8.48,91.4,moderately_fit
49,North,Walking,77,7404,262,5k-8k,250-400,5.7,72.4,moderately_fit
38,East,Sports,87,8011,296,8k-11k,250-400,7.52,71.5,moderately_fit
52,North,Walking,68,3160,101,<5k,<250,6.5,89.0,unfit
27,West,Running,112,10489,480,8k-11k,400-550,7.78,63.8,moderately_fit
57,East,Walking,130,8070,281,8k-11k,250-400,6.88,81.1,moderately_fit
59,East,Cycling,101,5712,289,5k-8k,250-400,8.01,86.6,unfit
35,North,Sports,83,14381,606,>14k,550-700,7.29,86.8,fit
21,West,Gym,96,10306,503,8k-11k,400-550,7.59,62.3,moderately_fit
49,South,Gym,90,6637,301,5k-8k,250-400,7.91,76.3,unfit
65,West,Walking,69,3388,107,<5k,<250,4.96,79.4,unfit
21,North,Cycling,85,16521,991,>14k,>700,8.52,51.4,fit
55,East,Walking,72,4849,157,<5k,<250,6.31,69.7,unfit
51,South,Gym,75,6339,279,5k-8k,250-400,7.33,81.2,unfit
27,North,Walking,82,10422,359,8k-11k,250-400,6.65,86.0,moderately_fit
34,South,Cycling,85,14791,873,>14k,>700,6.8,74.0,fit
21,North,Running,102,14280,863,>14k,>700,7.18,61.5,fit
59,South,Cycling,78,11680,557,11k-14k,550-700,7.33,71.3,moderately_fit
70,South,Cycling,83,6308,319,5k-8k,250-400,6.99,64.4,unfit
37,South,Walking,68,11480,410,11k-14k,400-550,7.6,87.0,moderately_fit
32,South,Running,84,9666,562,8k-11k,550-700,8.2,84.2,moderately_fit
36,South,Cycling,91,8274,488,8k-11k,400-550,6.69,60.4,moderately_fit
24,North,Running,116,18338,1005,>14k,>700,9.3,86.3,fit
28,East,Gym,74,8610,412,8k-11k,400-550,5.5,80.0,moderately_fit
28,West,Cycling,86,14630,624,>14k,550-700,6.13,72.0,fit
51,North,Sports,88,8974,378,8k-11k,250-400,7.13,64.9,moderately_fit
70,North,Sports,97,10141,567,8k-11k,550-700,7.5,75.5,moderately_fit
23,South,Cycling,80,9867,399,8k-11k,250-400,6.46,74.6,moderately_fit
28,East,Running,87,13772,724,11k-14k,>700,6.95,63.2,fit
18,East,Gym,88,6798,315,5k-8k,250-400,5.96,62.6,unfit
35,South,Walking,79,6997,254,5k-8k,250-400,6.21,61.8,unfit
28,North,Running,111,11366,495,11k-14k,400-550,5.76,70.6,moderately_fit
36,East,Gym,87,13981,494,11k-14k,400-550,6.64,64.8,moderately_fit
27,South,Gym,85,8598,287,8k-11k,250-400,6.59,71.0,moderately_fit
27,North,Cycling,84,8285,376,8k-11k,250-400,6.07,77.6,moderately_fit
63,North,Sports,105,10829,578,8k-11k,550-700,8.69,83.3,moderately_fit
24,South,Sports,103,9460,496,8k-11k,400-550,7.8,86.7,moderately_fit
43,South,Gym,74,10525,433,8k-11k,400-550,8.23,79.0,moderately_fit
67,East,Sports,92,7358,433,5k-8k,400-550,7.26,78.2,moderately_fit
44,West,Gym,80,8172,315,8k-11k,250-400,7.48,90.7,moderately_fit
60,North,Gym,92,6725,296,5k-8k,250-400,6.86,79.4,unfit
22,West,Running,91,13838,731,11k-14k,>700,7.14,67.7,fit
22,East,Running,90,14786,772,>14k,>700,8.05,66.5,fit
31,South,Sports,98,10215,643,8k-11k,550-700,6.43,87.9,moderately_fit
55,West,Walking,79,3842,133,<5k,<250,6.36,74.7,unfit
60,East,Gym,66,7297,394,5k-8k,250-400,8.8,77.4,moderately_fit
52,North,Walking,74,5391,177,5k-8k,<250,6.43,82.7,unfit
20,West,Cycling,95,8642,475,8k-11k,400-550,7.39,65.9,moderately_fit
24,East,Running,79,16242,798,>14k,>700,8.3,71.5,fit
26,East,Cycling,80,11319,568,11k-14k,550-700,8.36,66.1,moderately_fit
31,West,Cycling,109,8243,368,8k-11k,250-400,8.2,72.5,moderately_fit
26,South,Running,112,13486,793,11k-14k,>700,6.21,71.9,fit
59,East,Gym,130,6905,285,5k-8k,250-400,6.53,75.4,unfit
65,East,Walking,74,3431,147,<5k,<250,8.23,88.4,unfit
34,South,Cycling,75,18626,833,>14k,>700,7.0,81.7,fit
35,North,Sports,90,11507,749,11k-14k,>700,7.74,93.2,moderately_fit
62,East,Cycling,80,7930,366,5k-8k,250-400,8.01,61.5,moderately_fit
37,North,Gym,82,14825,582,>14k,550-700,8.64,66.7,moderately_fit
33,East,Walking,79,8113,339,8k-11k,250-400,5.6,74.4,moderately_fit
30,West,Running,105,17426,1029,>14k,>700,7.56,75.3,fit
42,North,Cycling,90,10315,564,8k-11k,550-700,7.16,88.7,moderately_fit
28,North,Gym,94,9493,294,8k-11k,250-400,9.66,54.5,moderately_fit
57,North,Cycling,81,6741,283,5k-8k,250-400,6.62,88.4,unfit
57,South,Sports,98,11292,606,11k-14k,550-700,6.25,71.1,moderately_fit
20,West,Running,99,20346,1298,>14k,>700,9.27,60.0,fit
27,South,Gym,98,13342,518,11k-14k,400-550,9.66,73.9,moderately_fit
24,North,Sports,94,9453,367,8k-11k,250-400,8.39,70.4,moderately_fit
22,South,Running,112,20178,1040,>14k,>700,5.73,97.9,fit
60,East,Gym,73,5131,180,5k-8k,<250,6.02,85.6,unfit
62,South,Walking,79,3772,140,<5k,<250,5.62,86.7,unfit
61,East,Gym,82,4918,228,<5k,<250,9.03,76.0,unfit
59,North,Running,104,9726,622,8k-11k,550-700,7.22,76.3,moderately_fit
30,East,Running,97,8001,435,8k-11k,400-550,7.6,58.8,moderately_fit
43,North,Gym,77,8465,302,8k-11k,250-400,6.68,79.4,moderately_fit
18,North,Cycling,83,11351,557,11k-14k,550-700,5.87,55.8,moderately_fit
60,West,Walking,68,5843,193,5k-8k,<250,5.77,67.6,unfit
49,South,Gym,85,6693,341,5k-8k,250-400,8.96,77.6,unfit
44,North,Cycling,91,5940,304,5k-8k,250-400,7.16,69.6,unfit
28,West,Cycling,85,10548,528,8k-11k,400-550,5.36,64.1,moderately_fit
28,East,Gym,110,12384,531,11k-14k,400-550,7.66,66.7,moderately_fit
20,North,Gym,73,7341,362,5k-8k,250-400,6.92,76.0,moderately_fit
49,South,Cycling,87,7326,371,5k-8k,250-400,7.15,82.6,moderately_fit
21,West,Running,96,16064,853,>14k,>700,7.06,58.8,fit
38,East,Running,98,9285,536,8k-11k,400-550,6.14,79.3,moderately_fit
54,North,Walking,75,6531,230,5k-8k,<250,5.83,85.9,unfit
24,East,Gym,86,10710,442,8k-11k,400-550,9.19,92.2,moderately_fit
36,South,Cycling,92,9152,391,8k-11k,250-400,8.09,78.8,moderately_fit
56,East,Gym,86,5592,205,5k-8k,<250,7.7,56.8,unfit
57,North,Cycling,87,5357,272,5k-8k,250-400,7.01,84.6,unfit
27,East,Running,96,11726,692,11k-14k,550-700,7.4,82.9,moderately_fit
49,North,Cycling,84,10939,500,8k-11k,400-550,8.89,87.5,moderately_fit
58,East,Sports,104,11628,630,11k-14k,550-700,7.32,92.1,moderately_fit
33,West,Gym,93,9159,433,8k-11k,400-550,7.28,86.8,moderately_fit
47,North,Running,107,10256,517,8k-11k,400-550,7.85,76.0,moderately_fit
29,North,Gym,83,9449,413,8k-11k,400-550,5.77,74.1,moderately_fit
21,South,Gym,94,7754,335,5k-8k,250-400,6.87,63.5,moderately_fit
62,East,Walking,87,6011,205,5k-8k,<250,5.27,68.1,unfit
58,North,Walking,130,7360,217,5k-8k,<250,3.73,69.1,moderately_fit
61,East,Sports,91,8109,372,8k-11k,250-400,5.71,87.9,moderately_fit
35,West,Cycling,91,8632,426,8k-11k,400-550,7.16,64.9,moderately_fit
53,East,Cycling,104,7980,455,5k-8k,400-550,8.52,79.3,moderately_fit
28,East,Running,99,17262,810,>14k,>700,7.65,77.3,fit
31,South,Running,98,22073,1126,>14k,>700,7.77,78.8,fit
49,West,Walking,62,7643,287,5k-8k,250-400,7.52,90.5,moderately_fit
53,North,Gym,84,7483,286,5k-8k,250-400,8.86,81.7,moderately_fit
24,North,Running,96,11479,593,11k-14k,550-700,8.05,73.1,moderately_fit
30,South,Walking,75,5288,171,5k-8k,<250,5.76,88.6,unfit
31,East,Cycling,91,12029,515,11k-14k,400-550,7.15,63.9,moderately_fit
48,West,Gym,84,6050,252,5k-8k,250-400,8.41,76.4,unfit
49,North,Running,50,14967,764,>14k,>700,8.01,74.1,fit
24,East,Running,108,12590,702,11k-14k,>700,6.54,75.9,fit
61,East,Sports,93,12830,627,11k-14k,550-700,7.5,83.0,fit
23,South,Gym,67,8643,355,8k-11k,250-400,8.36,57.7,moderately_fit
23,East,Running,93,17900,924,>14k,>700,8.32,56.9,fit
26,North,Running,78,16219,840,>14k,>700,8.03,62.3,fit
60,North,Walking,62,7453,266,5k-8k,250-400,5.47,78.7,moderately_fit
28,West,Running,108,13794,726,11k-14k,>700,6.31,60.0,fit
31,South,Gym,83,7472,353,5k-8k,250-400,7.11,57.0,moderately_fit
32,North,Gym,70,11590,538,11k-14k,400-550,8.87,63.9,moderately_fit
41,East,Gym,77,12949,544,11k-14k,400-550,7.59,70.7,moderately_fit
54,West,Cycling,87,6614,297,5k-8k,250-400,7.22,69.0,unfit
19,East,Gym,76,11122,512,11k-14k,400-550,6.36,75.3,moderately_fit
50,North,Gym,78,9046,364,8k-11k,250-400,7.79,81.9,moderately_fit
46,South,Gym,94,8547,243,8k-11k,<250,8.18,91.0,moderately_fit
51,East,Walking,76,9102,368,8k-11k,250-400,6.16,81.0,moderately_fit
18,North,Gym,78,8061,446,8k-11k,400-550,6.78,61.0,moderately_fit
39,North,Running,94,16195,822,>14k,>700,6.79,76.8,fit
27,South,Gym,94,8706,359,8k-11k,250-400,5.9,71.8,moderately_fit
62,South,Walking,85,1000,100,<5k,<250,4.9,86.8,unfit
26,North,Cycling,86,7716,342,5k-8k,250-400,7.97,77.3,moderately_fit
27,North,Running,110,14207,905,>14k,>700,5.99,75.5,fit
64,North,Walking,78,7986,275,5k-8k,250-400,7.41,92.1,moderately_fit
27,North,Running,101,17343,942,>14k,>700,5.04,86.1,fit
67,North,Walking,77,5597,220,5k-8k,<250,7.17,72.0,unfit
29,South,Running,96,10464,617,8k-11k,550-700,6.88,61.3,moderately_fit
24,South,Gym,86,6581,240,5k-8k,<250,7.33,56.7,unfit
24,South,Gym,78,10651,472,8k-11k,400-550,6.74,77.2,moderately_fit
24,South,Gym,84,9494,363,8k-11k,250-400,6.55,60.7,moderately_fit
32,North,Gym,76,11494,488,11k-14k,400-550,5.88,68.4,moderately_fit
57,South,Cycling,83,8049,298,8k-11k,250-400,7.16,84.8,moderately_fit
24,North,Gym,78,7670,273,5k-8k,250-400,8.53,84.6,moderately_fit
48,North,Gym,120,7304,316,5k-8k,250-400,7.73,71.8,moderately_fit
29,North,Running,105,13860,754,11k-14k,>700,6.12,89.3,fit
62,West,Gym,75,1984,100,<5k,<250,6.69,76.3,unfit
66,North,Walking,84,6385,218,5k-8k,<250,6.1,96.6,unfit
31,West,Gym,80,9490,378,8k-11k,250-400,7.53,61.9,moderately_fit
33,South,Gym,74,11367,669,11k-14k,550-700,5.46,73.9,moderately_fit
60,South,Walking,50,7320,219,5k-8k,<250,7.54,75.5,moderately_fit
57,East,Walking,64,8086,263,8k-11k,250-400,9.27,85.9,moderately_fit
50,North,Walking,59,9654,337,8k-11k,250-400,6.66,71.7,moderately_fit
53,North,Running,45,11918,541,11k-14k,400-550,7.07,84.3,moderately_fit
55,West,Sports,90,4276,217,<5k,<250,8.26,83.0,unfit
63,South,Gym,87,9153,390,8k-11k,250-400,5.93,94.9,moderately_fit
24,North,Gym,76,12597,643,11k-14k,550-700,8.23,59.0,fit
28,North,Running,104,13317,660,11k-14k,550-700,6.37,77.4,fit
53,West,Gym,76,2625,115,<5k,<250,9.7,93.4,unfit
35,West,Cycling,77,13239,565,11k-14k,550-700,5.3,80.5,moderately_fit
25,South,Running,108,14241,719,>14k,>700,6.61,84.6,fit
45,North,Cycling,89,6503,276,5k-8k,250-400,7.61,64.8,unfit
21,East,Gym,63,9131,409,8k-11k,400-550,7.72,55.9,moderately_fit
42,North,Running,103,12585,528,11k-14k,400-550,6.81,82.3,moderately_fit
27,South,Gym,72,8730,352,8k-11k,250-400,8.26,79.5,moderately_fit
36,East,Walking,61,6028,200,5k-8k,<250,5.44,61.5,unfit
30,South,Gym,90,11579,576,11k-14k,550-700,5.9,70.2,moderately_fit
37,South,Running,95,17153,898,>14k,>700,5.99,70.6,fit
63,West,Gym,82,11829,524,11k-14k,400-550,7.21,79.1,moderately_fit
65,East,Sports,94,6417,311,5k-8k,250-400,7.06,76.7,unfit
24,South,Gym,90,12851,458,11k-14k,400-550,5.79,71.8,moderately_fit
26,North,Gym,71,9943,439,8k-11k,400-550,7.17,86.5,moderately_fit
33,North,Sports,94,12639,514,11k-14k,400-550,6.04,81.0,moderately_fit
19,North,Sports,91,15949,1043,>14k,>700,7.48,65.1,fit
44,South,Running,105,12250,603,11k-14k,550-700,8.23,94.8,fit
32,South,Gym,83,8610,432,8k-11k,400-550,5.92,71.2,moderately_fit
31,North,Running,99,11619,645,11k-14k,550-700,6.9,73.6,moderately_fit
52,North,Walking,50,3853,155,<5k,<250,8.03,76.9,unfit
24,North,Cycling,85,9938,404,8k-11k,400-550,6.73,68.7,moderately_fit
40,South,Cycling,103,10667,575,8k-11k,550-700,6.66,73.4,moderately_fit
34,South,Gym,72,8807,416,8k-11k,400-550,9.34,56.1,moderately_fit
29,South,Cycling,88,10168,518,8k-11k,400-550,8.24,67.0,moderately_fit
44,East,Cycling,95,9045,345,8k-11k,250-400,6.8,99.5,moderately_fit
21,East,Sports,71,15368,840,>14k,>700,7.83,73.7,fit
60,South,Sports,120,9799,334,8k-11k,250-400,4.8,76.9,moderately_fit
26,North,Walking,77,5586,226,5k-8k,<250,5.82,81.7,unfit
35,South,Gym,85,9011,433,8k-11k,400-550,6.69,68.9,moderately_fit
30,South,Running,95,15648,779,>14k,>700,6.78,79.0,fit
26,North,Sports,95,14697,703,>14k,>700,6.42,86.3,fit
29,West,Sports,87,13457,606,11k-14k,550-700,7.77,74.7,fit
23,South,Running,99,17045,839,>14k,>700,6.99,53.9,fit
58,South,Walking,71,6878,182,5k-8k,<250,6.35,73.6,unfit
26,South,Gym,69,4449,201,<5k,<250,6.62,76.8,unfit
57,North,Cycling,91,8479,394,8k-11k,250-400,6.71,83.1,moderately_fit
52,North,Gym,86,7507,365,5k-8k,250-400,7.63,84.2,moderately_fit
51,South,Gym,71,12898,615,11k-14k,550-700,7.66,61.2,fit
57,North,Gym,88,9298,463,8k-11k,400-550,7.76,82.0,moderately_fit
51,North,Cycling,90,8632,439,8k-11k,400-550,7.2,73.9,moderately_fit
31,West,Sports,102,9941,558,8k-11k,550-700,7.2,70.7,moderately_fit
46,South,Gym,87,7273,218,5k-8k,<250,6.67,68.8,moderately_fit
23,North,Gym,99,7645,281,5k-8k,250-400,7.84,80.2,moderately_fit
22,North,Running,130,21139,1223,>14k,>700,6.51,74.6,fit
28,South,Sports,74,12095,579,11k-14k,550-700,7.31,78.4,moderately_fit
61,North,Walking,85,7356,300,5k-8k,250-400,6.41,88.8,moderately_fit
24,North,Gym,86,10888,640,8k-11k,550-700,5.97,62.7,moderately_fit
28,South,Gym,76,10976,456,8k-11k,400-550,6.73,81.6,moderately_fit
58,North,Walking,90,4105,133,<5k,<250,6.22,87.9,unfit
39,South,Gym,81,11943,543,11k-14k,400-550,7.95,71.9,moderately_fit
27,South,Running,89,13835,633,11k-14k,550-700,7.56,81.8,fit
51,North,Walking,59,9240,317,8k-11k,250-400,7.23,75.3,moderately_fit
29,North,Running,104,15177,650,>14k,550-700,5.76,55.5,fit
38,South,Walking,78,10441,429,8k-11k,400-550,5.59,77.5,moderately_fit
34,South,Gym,81,10434,453,8k-11k,400-550,8.22,64.4,moderately_fit
31,North,Running,100,13143,697,11k-14k,550-700,6.45,72.3,fit
26,North,Running,109,18416,845,>14k,>700,7.45,86.4,fit
51,West,Walking,75,6516,238,5k-8k,<250,5.89,75.5,unfit
40,North,Cycling,74,11585,455,11k-14k,400-550,7.99,89.5,moderately_fit
25,West,Gym,85,9756,447,8k-11k,400-550,6.66,66.9,moderately_fit
59,North,Walking,63,4731,175,<5k,<250,6.37,82.9,unfit
32,North,Running,112,13121,675,11k-14k,550-700,6.5,75.9,fit
33,South,Sports,89,13479,774,11k-14k,>700,6.78,71.5,fit
22,North,Running,114,17516,764,>14k,>700,8.15,69.2,fit
21,North,Gym,72,4750,188,<5k,<250,6.94,60.5,unfit
33,North,Running,97,14460,727,>14k,>700,6.24,78.3,fit
24,West,Gym,78,9405,494,8k-11k,400-550,7.74,81.9,moderately_fit
22,South,Cycling,75,8254,311,8k-11k,250-400,6.45,47.3,moderately_fit
65,South,Walking,87,7208,301,5k-8k,250-400,6.74,88.0,moderately_fit
29,East,Cycling,75,15636,655,>14k,550-700,6.86,61.3,fit
42,East,Gym,76,12104,612,11k-14k,550-700,8.09,85.0,fit
20,East,Sports,87,6993,316,5k-8k,250-400,8.65,60.3,unfit
24,North,Gym,81,10411,493,8k-11k,400-550,7.07,73.0,moderately_fit
26,North,Cycling,91,9735,467,8k-11k,400-550,4.35,53.8,moderately_fit
29,North,Gym,87,8146,318,8k-11k,250-400,6.72,64.8,moderately_fit
35,North,Gym,92,8236,299,8k-11k,250-400,6.51,85.6,moderately_fit
29,North,Gym,96,3710,127,<5k,<250,6.88,78.1,unfit
31,North,Sports,97,6727,425,5k-8k,400-550,8.04,77.9,moderately_fit
18,West,Gym,73,10212,510,8k-11k,400-550,6.46,69.7,moderately_fit
49,West,Gym,74,8552,369,8k-11k,250-400,6.88,78.0,moderately_fit
32,North,Gym,90,8578,374,8k-11k,250-400,7.32,87.8,moderately_fit
25,North,Sports,97,9271,435,8k-11k,400-550,7.68,70.1,moderately_fit
34,North,Gym,72,7923,434,5k-8k,400-550,7.34,73.4,moderately_fit
56,North,Walking,74,8864,297,8k-11k,250-400,5.66,88.7,moderately_fit
54,North,Sports,87,8973,451,8k-11k,400-550,8.24,76.8,moderately_fit
28,West,Sports,85,10876,616,8k-11k,550-700,7.41,68.0,moderately_fit
55,North,Walking,78,8500,253,8k-11k,250-400,4.64,74.8,moderately_fit
27,North,Cycling,76,10740,385,8k-11k,250-400,6.14,70.0,moderately_fit
63,North,Walking,73,6960,196,5k-8k,<250,6.36,68.1,unfit
31,West,Walking,87,8228,304,8k-11k,250-400,6.88,56.4,moderately_fit
50,West,Cycling,97,7209,334,5k-8k,250-400,8.01,76.1,moderately_fit
71,East,Cycling,97,5283,255,5k-8k,250-400,8.89,84.2,unfit
25,South,Gym,45,6163,260,5k-8k,250-400,6.9,79.9,unfit
25,North,Gym,120,7009,342,5k-8k,250-400,7.05,61.0,moderately_fit
58,North,Walking,81,7520,263,5k-8k,250-400,5.27,92.8,moderately_fit
65,South,Cycling,105,6185,304,5k-8k,250-400,7.4,61.2,unfit
49,East,Sports,96,9968,397,8k-11k,250-400,7.55,83.8,moderately_fit
31,North,Gym,81,8429,402,8k-11k,400-550,7.89,72.9,moderately_fit
57,North,Cycling,84,9828,482,8k-11k,400-550,8.08,76.2,moderately_fit
21,South,Gym,89,6388,266,5k-8k,250-400,7.28,60.0,unfit
31,North,Cycling,130,13705,685,11k-14k,550-700,7.56,70.9,fit
18,South,Gym,50,13590,428,11k-14k,400-550,7.2,67.0,moderately_fit
55,South,Gym,79,7470,365,5k-8k,250-400,6.88,87.9,moderately_fit
32,North,Gym,78,3467,163,<5k,<250,7.35,65.9,unfit
36,South,Sports,89,9292,556,8k-11k,550-700,6.73,67.6,moderately_fit
22,West,Gym,83,10523,489,8k-11k,400-550,5.76,75.0,moderately_fit
46,North,Gym,65,9063,414,8k-11k,400-550,6.22,72.2,moderately_fit
26,North,Cycling,91,10715,554,8k-11k,550-700,7.37,61.6,moderately_fit
43,North,Running,94,15801,711,>14k,>700,7.79,56.5,fit
55,South,Walking,68,4874,217,<5k,<250,7.47,94.7,unfit
20,East,Running,105,17752,1129,>14k,>700,9.58,72.5,fit
61,South,Cycling,88,8562,479,8k-11k,400-550,7.59,94.1,moderately_fit
23,North,Running,103,12801,642,11k-14k,550-700,6.3,73.3,fit
23,West,Gym,93,11495,485,11k-14k,400-550,6.52,80.5,moderately_fit
22,East,Gym,91,9623,415,8k-11k,400-550,8.21,88.1,moderately_fit
25,South,Sports,92,14612,603,>14k,550-700,8.15,81.4,fit
44,North,Walking,75,12426,385,11k-14k,250-400,6.82,91.3,moderately_fit
24,North,Running,108,11598,666,11k-14k,550-700,6.23,86.0,moderately_fit
48,East,Cycling,80,11801,608,11k-14k,550-700,7.93,67.3,moderately_fit
26,South,Gym,94,11061,528,11k-14k,400-550,6.97,70.5,moderately_fit
19,South,Gym,82,14381,655,>14k,550-700,7.26,83.1,fit
39,North,Sports,85,13465,731,11k-14k,>700,9.28,67.9,fit
24,South,Walking,76,10825,452,8k-11k,400-550,6.18,71.4,moderately_fit
20,East,Cycling,65,9380,517,8k-11k,400-550,5.41,70.0,moderately_fit
26,West,Cycling,97,8171,375,8k-11k,250-400,8.0,71.1,moderately_fit
21,North,Gym,81,7448,321,5k-8k,250-400,5.87,74.0,moderately_fit
64,East,Walking,79,5232,163,5k-8k,<250,4.87,79.0,unfit
55,South,Sports,103,13249,812,11k-14k,>700,7.95,71.4,fit
36,West,Cycling,83,14574,619,>14k,550-700,7.27,78.0,fit
24,East,Gym,86,8687,509,8k-11k,400-550,6.35,70.1,moderately_fit
24,West,Gym,77,9319,452,8k-11k,400-550,7.35,83.7,moderately_fit
23,West,Running,102,10984,573,8k-11k,550-700,8.33,69.6,moderately_fit
55,North,Gym,87,7715,383,5k-8k,250-400,8.62,83.5,moderately_fit
34,East,Running,101,12805,720,11k-14k,>700,7.96,71.0,fit
53,South,Sports,82,9478,453,8k-11k,400-550,6.3,58.0,moderately_fit
55,North,Gym,78,10485,402,8k-11k,400-550,5.43,83.4,moderately_fit
30,North,Sports,98,12972,618,11k-14k,550-700,7.99,89.9,fit
26,North,Running,95,10277,556,8k-11k,550-700,6.71,73.1,moderately_fit
64,East,Walking,78,1000,100,<5k,<250,5.49,85.5,unfit
59,North,Cycling,96,10099,474,8k-11k,400-550,7.51,79.9,moderately_fit
53,West,Gym,78,8247,396,8k-11k,250-400,6.67,77.0,moderately_fit
35,South,Gym,98,9810,465,8k-11k,400-550,6.95,88.5,moderately_fit
67,East,Walking,81,5851,232,5k-8k,<250,6.32,87.4,unfit
27,North,Running,97,10666,503,8k-11k,400-550,8.7,69.3,moderately_fit
45,South,Cycling,91,9365,504,8k-11k,400-550,8.12,67.0,moderately_fit
40,South,Sports,83,10329,469,8k-11k,400-550,6.43,93.1,moderately_fit
48,North,Sports,101,10196,586,8k-11k,550-700,7.12,77.9,moderately_fit
25,East,Gym,65,11729,424,11k-14k,400-550,7.39,80.6,moderately_fit
29,South,Cycling,88,9676,595,8k-11k,550-700,6.45,61.2,moderately_fit
34,North,Walking,68,4834,184,<5k,<250,7.61,51.1,unfit
32,East,Gym,75,12416,623,11k-14k,550-700,5.77,63.6,fit
34,North,Gym,92,7107,318,5k-8k,250-400,7.71,79.5,moderately_fit
56,South,Gym,79,10347,379,8k-11k,250-400,7.86,71.7,moderately_fit
61,South,Walking,66,10009,328,8k-11k,250-400,6.97,67.3,moderately_fit
54,North,Walking,75,9094,279,8k-11k,250-400,8.2,77.4,moderately_fit
56,East,Walking,73,7302,234,5k-8k,<250,5.16,77.1,moderately_fit
27,East,Gym,120,8904,441,8k-11k,400-550,6.7,81.3,moderately_fit
61,East,Sports,98,11556,468,11k-14k,400-550,5.57,77.3,moderately_fit
21,North,Sports,85,12682,742,11k-14k,>700,7.53,84.0,fit
31,North,Cycling,45,14498,677,>14k,550-700,6.87,82.3,fit
27,North,Running,97,16015,769,>14k,>700,9.72,63.3,fit
24,West,Cycling,92,12465,627,11k-14k,550-700,8.21,88.9,fit
55,North,Cycling,91,9163,341,8k-11k,250-400,7.83,92.6,moderately_fit
32,South,Cycling,89,9644,428,8k-11k,400-550,8.41,71.8,moderately_fit
29,West,Gym,76,9261,411,8k-11k,400-550,6.31,83.1,moderately_fit
25,East,Gym,100,10265,437,8k-11k,400-550,7.48,91.0,moderately_fit
65,East,Walking,85,4979,204,<5k,<250,4.46,86.8,unfit
26,West,Gym,84,10211,424,8k-11k,400-550,6.24,72.3,moderately_fit
25,South,Gym,67,11997,583,11k-14k,550-700,7.77,71.9,moderately_fit
31,North,Cycling,86,11653,729,11k-14k,>700,8.84,61.8,moderately_fit
29,North,Cycling,83,9783,428,8k-11k,400-550,9.12,83.1,moderately_fit
56,North,Walking,80,1000,100,<5k,<250,6.24,84.4,unfit
29,South,Gym,73,12301,482,11k-14k,400-550,7.66,68.4,moderately_fit
62,North,Gym,81,6790,252,5k-8k,250-400,6.79,66.5,unfit
23,East,Gym,45,10167,373,8k-11k,250-400,6.39,57.0,moderately_fit
29,North,Gym,88,10629,511,8k-11k,400-550,9.36,65.4,moderately_fit
24,North,Cycling,94,12883,661,11k-14k,550-700,6.32,71.8,fit
33,East,Running,102,15773,774,>14k,>700,6.99,80.3,fit
26,North,Cycling,82,13882,822,11k-14k,>700,8.37,83.9,fit
56,East,Cycling,79,10848,612,8k-11k,550-700,5.26,85.3,moderately_fit
22,West,Cycling,96,3887,228,<5k,<250,6.21,83.3,unfit
31,East,Walking,68,8092,293,8k-11k,250-400,5.9,74.2,moderately_fit
29,North,Gym,86,9904,453,8k-11k,400-550,6.66,71.8,moderately_fit
29,West,Gym,94,8634,312,8k-11k,250-400,7.7,73.8,moderately_fit
20,North,Gym,85,11065,466,11k-14k,400-550,7.03,56.6,moderately_fit
48,East,Running,104,12060,574,11k-14k,550-700,6.96,86.8,moderately_fit
25,North,Cycling,130,10020,342,8k-11k,250-400,6.46,65.3,moderately_fit
45,North,Sports,96,13751,598,11k-14k,550-700,6.86,70.6,moderately_fit
29,West,Cycling,91,11989,459,11k-14k,400-550,6.58,69.3,moderately_fit
29,South,Running,99,14417,692,>14k,550-700,8.42,89.8,fit
30,East,Cycling,89,5831,296,5k-8k,250-400,7.59,64.1,unfit
24,South,Gym,77,14921,776,>14k,>700,8.08,72.0,fit
33,East,Running,95,7907,293,5k-8k,250-400,5.34,72.5,moderately_fit
54,West,Cycling,76,10430,513,8k-11k,400-550,8.88,73.7,moderately_fit
26,South,Walking,65,8999,321,8k-11k,250-400,6.7,78.5,moderately_fit
27,South,Running,90,19033,978,>14k,>700,6.95,57.9,fit
61,South,Cycling,82,6155,249,5k-8k,<250,6.11,91.5,unfit
33,West,Gym,75,6978,211,5k-8k,<250,6.43,73.5,unfit
32,North,Sports,103,13787,732,11k-14k,>700,8.45,74.2,fit
32,South,Walking,71,8555,281,8k-11k,250-400,6.41,85.1,moderately_fit
27,North,Cycling,75,15534,681,>14k,550-700,7.24,82.8,fit
58,North,Walking,82,8041,270,8k-11k,250-400,5.41,72.6,moderately_fit
50,North,Walking,77,5616,204,5k-8k,<250,7.23,57.5,unfit
26,South,Gym,68,9189,472,8k-11k,400-550,4.78,72.0,moderately_fit
52,West,Cycling,93,10587,484,8k-11k,400-550,7.25,75.4,moderately_fit
30,South,Sports,87,8138,377,8k-11k,250-400,6.51,66.6,moderately_fit
35,South,Cycling,83,12042,497,11k-14k,400-550,8.27,76.7,moderately_fit
19,East,Sports,84,14496,679,>14k,550-700,7.34,74.9,fit
50,South,Cycling,90,7414,397,5k-8k,250-400,7.74,73.8,moderately_fit
46,West,Walking,72,6080,128,5k-8k,<250,5.99,78.4,unfit
28,South,Running,103,8053,523,8k-11k,400-550,7.6,83.4,moderately_fit
24,North,Gym,85,11922,586,11k-14k,550-700,7.18,88.0,moderately_fit
28,North,Running,94,15253,657,>14k,550-700,7.44,65.0,fit
26,West,Gym,82,6200,226,5k-8k,<250,7.22,82.6,unfit
30,West,Gym,82,6549,293,5k-8k,250-400,6.85,69.3,unfit
27,North,Running,101,12796,486,11k-14k,400-550,7.56,62.8,moderately_fit
30,North,Gym,81,11323,592,11k-14k,550-700,6.52,79.2,moderately_fit
31,South,Cycling,94,12221,668,11k-14k,550-700,6.44,63.9,fit
45,East,Sports,99,8604,408,8k-11k,400-550,6.71,59.9,moderately_fit
21,South,Walking,75,6653,244,5k-8k,<250,7.38,68.2,unfit
25,West,Cycling,73,11571,629,11k-14k,550-700,6.74,65.9,moderately_fit
22,East,Running,108,12197,663,11k-14k,550-700,8.44,72.8,fit
27,West,Walking,71,6479,217,5k-8k,<250,6.95,73.3,unfit
33,South,Cycling,74,12529,589,11k-14k,550-700,7.58,80.9,moderately_fit
71,North,Walking,70,2719,100,<5k,<250,5.59,64.3,unfit
35,East,Gym,88,8510,310,8k-11k,250-400,7.82,70.9,moderately_fit
37,South,Walking,60,6553,238,5k-8k,<250,6.14,56.0,unfit
23,North,Running,90,14371,710,>14k,>700,4.46,75.0,fit
29,North,Running,98,14692,774,>14k,>700,8.07,81.2,fit
18,South,Gym,86,11536,531,11k-14k,400-550,7.8,67.6,moderately_fit
48,South,Gym,72,9960,429,8k-11k,400-550,6.52,70.5,moderately_fit
53,South,Cycling,82,8340,353,8k-11k,250-400,7.83,65.9,moderately_fit
25,North,Cycling,90,11061,470,11k-14k,400-550,5.72,84.2,moderately_fit
35,South,Running,121,14352,697,>14k,550-700,7.2,82.3,fit
63,North,Walking,85,5960,237,5k-8k,<250,8.44,86.6,unfit
28,East,Gym,99,10760,460,8k-11k,400-550,6.15,79.4,moderately_fit
27,South,Cycling,82,12404,557,11k-14k,550-700,5.54,74.5,moderately_fit
21,East,Gym,77,7740,367,5k-8k,250-400,6.95,91.3,moderately_fit
33,East,Walking,69,10948,362,8k-11k,250-400,7.92,81.0,moderately_fit
41,East,Running,87,12711,635,11k-14k,550-700,5.6,69.6,fit
27,East,Cycling,50,13029,544,11k-14k,400-550,7.03,55.6,moderately_fit
50,South,Gym,83,9393,421,8k-11k,400-550,7.9,51.4,moderately_fit
48,North,Walking,73,6943,281,5k-8k,250-400,7.33,72.9,unfit
42,East,Cycling,89,10735,632,8k-11k,550-700,7.35,80.9,moderately_fit
19,South,Running,99,17681,932,>14k,>700,6.93,79.7,fit
26,South,Running,105,13575,812,11k-14k,>700,7.7,69.7,fit
27,South,Gym,120,11339,397,11k-14k,250-400,8.2,61.1,moderately_fit
49,West,Cycling,91,10776,515,8k-11k,400-550,6.62,62.7,moderately_fit
67,North,Gym,64,9672,343,8k-11k,250-400,7.89,79.7,moderately_fit
49,North,Running,102,10410,528,8k-11k,400-550,8.07,77.7,moderately_fit
18,West,Running,96,15252,698,>14k,550-700,7.16,45.9,fit
56,East,Walking,87,4262,147,<5k,<250,5.28,77.8,unfit
43,North,Gym,72,11107,403,11k-14k,400-550,6.21,84.1,moderately_fit
49,West,Walking,72,4868,201,<5k,<250,8.15,77.7,unfit
53,North,Walking,74,6797,227,5k-8k,<250,8.03,77.0,unfit
57,East,Gym,66,6265,209,5k-8k,<250,7.38,80.5,unfit
27,South,Cycling,77,14132,692,>14k,550-700,9.66,76.7,fit
23,South,Gym,73,9520,427,8k-11k,400-550,7.08,64.2,moderately_fit
53,East,Sports,87,11594,525,11k-14k,400-550,5.97,91.9,moderately_fit
54,North,Walking,110,3912,113,<5k,<250,5.08,82.8,unfit
66,North,Walking,70,4177,163,<5k,<250,5.26,80.0,unfit
21,East,Walking,72,9054,429,8k-11k,400-550,6.94,71.5,moderately_fit
55,North,Running,103,15172,708,>14k,>700,6.82,73.6,fit
61,West,Cycling,88,9875,602,8k-11k,550-700,6.6,93.0,moderately_fit
52,South,Sports,93,16010,911,>14k,>700,7.19,90.0,fit
38,North,Gym,64,10645,433,8k-11k,400-550,8.82,74.5,moderately_fit
28,East,Gym,99,9373,441,8k-11k,400-550,8.89,77.5,moderately_fit
47,North,Cycling,100,8877,358,8k-11k,250-400,7.54,97.4,moderately_fit
33,North,Cycling,78,15342,634,>14k,550-700,8.12,78.0,fit
34,South,Sports,96,13631,579,11k-14k,550-700,8.06,59.7,moderately_fit
53,West,Walking,66,5102,179,5k-8k,<250,6.95,84.0,unfit
24,South,Cycling,75,9872,443,8k-11k,400-550,6.11,54.9,moderately_fit
49,North,Walking,75,5019,158,5k-8k,<250,7.11,66.8,unfit
25,South,Running,116,15833,910,>14k,>700,6.79,70.5,fit
54,North,Walking,68,3043,138,<5k,<250,5.85,79.7,unfit
26,North,Running,105,12667,605,11k-14k,550-700,7.83,82.5,fit
31,East,Cycling,89,11703,371,11k-14k,250-400,8.93,92.8,moderately_fit
41,West,Walking,80,6828,218,5k-8k,<250,6.89,76.6,unfit
63,North,Walking,80,4690,182,<5k,<250,6.24,82.1,unfit
27,South,Gym,85,11137,342,11k-14k,250-400,6.76,78.6,moderately_fit
64,West,Walking,67,6926,333,5k-8k,250-400,7.21,71.1,unfit
22,North,Walking,76,7353,267,5k-8k,250-400,6.29,62.2,moderately_fit
62,North,Walking,75,4590,164,<5k,<250,6.31,73.8,unfit
67,West,Cycling,93,10241,462,8k-11k,400-550,6.61,78.9,moderately_fit
54,East,Walking,81,5762,201,5k-8k,<250,5.94,67.3,unfit
26,North,Gym,85,9501,294,8k-11k,250-400,8.09,68.0,moderately_fit
50,South,Sports,97,12183,555,11k-14k,550-700,7.36,81.4,moderately_fit
28,North,Walking,74,5266,158,5k-8k,<250,5.98,77.8,unfit
73,South,Cycling,83,6304,261,5k-8k,250-400,7.29,75.5,unfit
33,East,Running,114,12717,665,11k-14k,550-700,7.83,64.7,fit
27,South,Sports,91,16987,780,>14k,>700,6.27,56.2,fit
32,East,Gym,73,5935,335,5k-8k,250-400,7.43,77.1,unfit
24,North,Cycling,92,11619,629,11k-14k,550-700,7.82,73.9,moderately_fit
64,North,Walking,73,3773,116,<5k,<250,8.25,73.0,unfit
30,North,Sports,97,17733,978,>14k,>700,7.63,55.2,fit
27,East,Gym,83,10067,470,8k-11k,400-550,5.59,76.8,moderately_fit
56,East,Gym,75,5083,274,5k-8k,250-400,7.66,81.5,unfit
66,North,Walking,91,2148,100,<5k,<250,6.79,71.8,unfit
19,South,Sports,75,14443,786,>14k,>700,7.35,59.3,fit
34,East,Cycling,82,11202,527,11k-14k,400-550,8.42,90.9,moderately_fit
43,South,Walking,71,7938,223,5k-8k,<250,6.97,74.3,moderately_fit
25,North,Gym,80,7016,243,5k-8k,<250,7.73,62.7,moderately_fit
33,North,Gym,75,13670,844,11k-14k,>700,6.31,78.5,fit
34,North,Gym,83,9138,428,8k-11k,400-550,7.48,60.2,moderately_fit
64,East,Walking,71,6395,239,5k-8k,<250,6.05,79.4,unfit
53,South,Sports,97,11526,627,11k-14k,550-700,6.75,81.3,moderately_fit
69,East,Running,114,10208,552,8k-11k,550-700,6.91,82.1,moderately_fit
31,West,Sports,85,15137,697,>14k,550-700,5.83,72.4,fit
31,West,Running,93,12110,644,11k-14k,550-700,7.0,68.3,fit
38,North,Cycling,83,12955,628,11k-14k,550-700,7.08,69.2,fit
29,North,Running,95,17899,847,>14k,>700,6.63,86.1,fit
23,South,Gym,81,12258,494,11k-14k,400-550,8.55,64.3,moderately_fit
24,North,Running,93,18703,924,>14k,>700,7.34,68.3,fit
57,East,Gym,99,5574,215,5k-8k,<250,6.64,58.9,unfit
50,West,Sports,89,11468,546,11k-14k,400-550,6.54,94.8,moderately_fit
58,East,Gym,96,8376,283,8k-11k,250-400,8.34,76.5,moderately_fit
27,North,Cycling,84,11467,556,11k-14k,550-700,6.6,75.4,moderately_fit
49,North,Cycling,87,11087,560,11k-14k,550-700,7.3,93.0,moderately_fit
48,South,Running,103,15621,904,>14k,>700,8.03,70.1,fit
27,East,Running,99,11932,566,11k-14k,550-700,6.12,61.4,moderately_fit
50,North,Walking,72,3879,132,<5k,<250,6.2,81.3,unfit
35,North,Gym,80,8354,336,8k-11k,250-400,7.23,76.2,moderately_fit
19,North,Cycling,74,5708,249,5k-8k,<250,7.11,88.6,unfit
59,West,Sports,92,9273,455,8k-11k,400-550,7.61,80.8,moderately_fit
61,East,Walking,82,8565,282,8k-11k,250-400,6.57,85.9,moderately_fit
53,West,Sports,91,6408,338,5k-8k,250-400,7.99,78.6,unfit
61,East,Walking,79,4871,172,<5k,<250,5.43,70.4,unfit
30,South,Running,107,10389,550,8k-11k,400-550,7.78,58.1,moderately_fit
26,North,Gym,79,10458,448,8k-11k,400-550,6.98,79.2,moderately_fit
56,North,Walking,77,7247,297,5k-8k,250-400,6.58,68.0,moderately_fit
27,South,Gym,75,9453,345,8k-11k,250-400,7.36,77.6,moderately_fit
28,West,Gym,74,7621,312,5k-8k,250-400,5.87,72.6,moderately_fit
23,North,Walking,73,8113,308,8k-11k,250-400,6.22,70.2,moderately_fit
34,North,Gym,86,12026,528,11k-14k,400-550,8.01,70.0,moderately_fit
35,South,Gym,91,11090,321,11k-14k,250-400,6.15,66.2,moderately_fit
30,North,Walking,71,6546,254,5k-8k,250-400,6.67,76.5,unfit
29,South,Gym,78,8456,452,8k-11k,400-550,7.16,68.6,moderately_fit
60,North,Gym,73,6320,257,5k-8k,250-400,7.24,78.4,unfit
22,North,Cycling,93,12906,724,11k-14k,>700,4.74,85.1,fit
48,South,Gym,76,4545,214,<5k,<250,8.51,81.5,unfit
35,South,Walking,73,8178,295,8k-11k,250-400,5.57,71.1,moderately_fit
33,South,Cycling,94,9446,334,8k-11k,250-400,8.59,69.5,moderately_fit
29,North,Walking,79,6883,261,5k-8k,250-400,5.55,66.1,unfit
20,West,Cycling,86,10013,511,8k-11k,400-550,7.62,62.0,moderately_fit
26,North,Gym,86,11294,387,11k-14k,250-400,6.57,75.8,moderately_fit
66,North,Walking,66,4254,171,<5k,<250,5.69,63.5,unfit
30,South,Gym,70,6801,279,5k-8k,250-400,9.64,76.7,unfit
23,North,Gym,92,8218,421,8k-11k,400-550,6.76,89.1,moderately_fit
26,South,Cycling,72,8654,464,8k-11k,400-550,5.77,82.2,moderately_fit
57,West,Walking,48,7643,284,5k-8k,250-400,7.93,66.9,moderately_fit
34,East,Sports,87,8856,475,8k-11k,400-550,8.04,93.9,moderately_fit
23,South,Gym,74,9558,367,8k-11k,250-400,8.56,78.7,moderately_fit
29,South,Sports,91,10420,552,8k-11k,550-700,5.86,61.1,moderately_fit
35,North,Gym,81,12788,568,11k-14k,550-700,6.1,58.8,moderately_fit
21,South,Gym,88,10857,355,8k-11k,250-400,7.37,64.3,moderately_fit
23,North,Running,95,12612,745,11k-14k,>700,6.94,71.6,fit
23,West,Gym,82,10095,497,8k-11k,400-550,6.41,76.1,moderately_fit
61,North,Cycling,94,6286,374,5k-8k,250-400,7.9,73.6,moderately_fit
52,South,Gym,80,9412,453,8k-11k,400-550,5.78,72.5,moderately_fit
32,West,Cycling,85,11299,539,11k-14k,400-550,6.0,76.3,moderately_fit
50,East,Walking,45,7131,235,5k-8k,<250,6.79,69.6,moderately_fit
23,West,Running,101,11639,585,11k-14k,550-700,6.32,72.4,moderately_fit
27,South,Running,93,9948,447,8k-11k,400-550,6.84,79.7,moderately_fit
31,North,Cycling,96,6801,348,5k-8k,250-400,7.41,72.1,unfit
19,East,Gym,84,5963,261,5k-8k,250-400,6.32,84.1,unfit
62,North,Sports,87,9213,492,8k-11k,400-550,6.34,77.8,moderately_fit
28,North,Sports,93,16937,888,>14k,>700,8.48,62.3,fit
20,East,Cycling,74,10841,551,8k-11k,550-700,6.99,89.8,moderately_fit
56,East,Gym,85,6019,227,5k-8k,<250,7.65,84.8,unfit
32,West,Running,95,13437,623,11k-14k,550-700,6.72,73.7,fit
75,West,Walking,84,3387,100,<5k,<250,6.34,82.0,unfit
21,West,Sports,101,9535,424,8k-11k,400-550,7.41,62.6,moderately_fit
30,North,Sports,88,10323,530,8k-11k,400-550,7.21,73.2,moderately_fit
36,East,Walking,73,6586,235,5k-8k,<250,6.73,67.3,unfit
22,East,Gym,77,14381,712,>14k,>700,9.14,83.2,fit
53,West,Cycling,95,7978,331,5k-8k,250-400,8.15,81.3,moderately_fit
64,South,Walking,68,5936,215,5k-8k,<250,7.06,81.3,unfit
28,North,Gym,85,5903,257,5k-8k,250-400,8.11,67.2,unfit
23,West,Sports,92,14301,771,>14k,>700,6.78,72.2,fit
50,North,Cycling,120,7591,329,5k-8k,250-400,8.85,63.0,moderately_fit
52,South,Sports,86,7229,376,5k-8k,250-400,5.71,82.9,moderately_fit
40,South,Gym,77,5963,246,5k-8k,<250,7.53,69.5,unfit
54,South,Walking,79,4796,172,<5k,<250,7.86,70.6,unfit
29,East,Running,115,10431,602,8k-11k,550-700,5.88,90.6,moderately_fit
27,South,Running,108,14973,893,>14k,>700,7.39,78.5,fit
53,East,Walking,68,3964,127,<5k,<250,5.97,65.4,unfit
27,North,Cycling,94,12894,805,11k-14k,>700,5.87,82.4,fit
55,North,Sports,93,8521,374,8k-11k,250-400,7.42,59.7,moderately_fit
26,North,Gym,94,7174,318,5k-8k,250-400,6.66,63.0,moderately_fit
26,East,Gym,80,7758,403,5k-8k,400-550,8.12,75.6,moderately_fit
35,North,Gym,87,6327,223,5k-8k,<250,6.94,73.3,unfit
33,East,Running,103,13564,706,11k-14k,>700,6.23,66.6,fit
56,East,Walking,73,4882,162,<5k,<250,6.35,80.2,unfit
68,East,Gym,74,9445,372,8k-11k,250-400,6.52,74.7,moderately_fit
25,South,Running,103,7384,357,5k-8k,250-400,8.76,73.3,moderately_fit
28,South,Cycling,50,14120,715,>14k,>700,7.57,76.8,fit
26,South,Gym,87,7785,266,5k-8k,250-400,7.01,85.8,moderately_fit
47,South,Running,108,16901,901,>14k,>700,9.26,81.4,fit
25,North,Cycling,80,11741,485,11k-14k,400-550,7.51,69.8,moderately_fit
36,West,Running,99,16799,995,>14k,>700,6.88,77.8,fit
56,East,Sports,97,9516,434,8k-11k,400-550,6.88,60.1,moderately_fit
62,North,Gym,88,6722,344,5k-8k,250-400,7.54,94.2,unfit
19,South,Sports,83,10541,606,8k-11k,550-700,6.45,73.2,moderately_fit
37,West,Gym,73,8504,313,8k-11k,250-400,10.08,105.7,moderately_fit
58,North,Gym,90,4833,205,<5k,<250,7.3,81.0,unfit
56,East,Gym,77,7934,314,5k-8k,250-400,7.16,80.8,moderately_fit
26,North,Sports,97,12710,689,11k-14k,550-700,5.38,56.3,fit
20,South,Gym,50,9560,345,8k-11k,250-400,4.73,63.0,moderately_fit
33,West,Gym,71,12092,468,11k-14k,400-550,6.37,73.0,moderately_fit
27,South,Running,90,15592,647,>14k,550-700,6.76,67.9,fit
53,South,Walking,80,4293,153,<5k,<250,5.79,94.9,unfit
47,West,Cycling,91,11100,449,11k-14k,400-550,7.04,78.3,moderately_fit
55,East,Sports,102,12173,540,11k-14k,400-550,5.23,75.6,moderately_fit
28,East,Sports,99,6146,264,5k-8k,250-400,7.81,78.2,unfit
27,South,Gym,89,6692,280,5k-8k,250-400,6.95,68.4,unfit
55,East,Walking,88,5088,169,5k-8k,<250,6.96,82.9,unfit
27,East,Running,99,11658,555,11k-14k,550-700,7.57,59.3,moderately_fit
28,West,Running,98,15914,892,>14k,>700,6.51,87.0,fit
30,East,Cycling,90,8824,524,8k-11k,400-550,7.58,76.3,moderately_fit
18,East,Cycling,86,9513,484,8k-11k,400-550,8.56,74.7,moderately_fit
58,North,Gym,85,7930,417,5k-8k,400-550,6.27,72.9,moderately_fit
25,East,Gym,91,8955,400,8k-11k,250-400,8.0,81.0,moderately_fit
23,East,Cycling,90,14406,787,>14k,>700,8.49,58.0,fit
26,East,Gym,84,10394,472,8k-11k,400-550,7.12,66.7,moderately_fit
45,North,Walking,86,13365,492,11k-14k,400-550,6.35,79.4,moderately_fit
30,West,Cycling,93,8313,354,8k-11k,250-400,6.93,71.7,moderately_fit
27,North,Running,95,9513,404,8k-11k,400-550,7.41,61.7,moderately_fit
18,North,Running,102,19127,1081,>14k,>700,9.64,67.9,fit
43,East,Gym,79,16000,544,>14k,400-550,6.36,70.1,moderately_fit
52,East,Walking,83,5740,188,5k-8k,<250,7.04,70.2,unfit
53,North,Walking,85,5496,212,5k-8k,<250,6.86,92.2,unfit
61,East,Gym,50,7451,385,5k-8k,250-400,8.05,71.6,moderately_fit
47,South,Gym,79,5935,260,5k-8k,250-400,6.96,64.9,unfit
49,North,Cycling,79,4657,227,<5k,<250,7.54,65.6,unfit
31,North,Cycling,83,11567,593,11k-14k,550-700,6.42,67.9,moderately_fit
25,West,Running,116,14328,722,>14k,>700,6.73,72.7,fit
28,North,Cycling,88,7741,324,5k-8k,250-400,7.13,76.0,moderately_fit
32,North,Sports,79,10243,536,8k-11k,400-550,5.56,90.6,moderately_fit
30,East,Sports,89,8444,460,8k-11k,400-550,6.82,52.4,moderately_fit
56,South,Running,94,12314,712,11k-14k,>700,7.76,65.3,fit
29,East,Gym,76,9199,442,8k-11k,400-550,8.2,65.1,moderately_fit
52,West,Gym,74,8138,297,8k-11k,250-400,6.47,69.2,moderately_fit
62,East,Cycling,83,9779,564,8k-11k,550-700,7.12,64.6,moderately_fit
59,North,Walking,80,8005,334,8k-11k,250-400,6.53,78.2,moderately_fit
28,South,Cycling,77,11644,504,11k-14k,400-550,6.65,91.2,moderately_fit
49,East,Running,98,13745,692,11k-14k,550-700,6.93,84.9,fit
27,North,Gym,87,13947,649,11k-14k,550-700,7.76,62.2,fit
33,North,Running,87,16399,622,>14k,550-700,9.51,72.0,fit
25,South,Gym,90,10078,439,8k-11k,400-550,7.27,70.1,moderately_fit
33,North,Walking,63,7513,243,5k-8k,<250,7.56,77.6,moderately_fit
28,West,Cycling,76,9126,445,8k-11k,400-550,5.85,71.4,moderately_fit
27,East,Running,98,12160,579,11k-14k,550-700,7.65,67.1,moderately_fit
53,North,Gym,78,7420,293,5k-8k,250-400,8.53,95.4,moderately_fit
20,North,Gym,80,8982,452,8k-11k,400-550,8.09,67.3,moderately_fit
34,West,Running,94,19056,862,>14k,>700,7.11,68.1,fit
39,South,Gym,75,9532,321,8k-11k,250-400,7.99,90.2,moderately_fit
24,East,Cycling,77,12246,644,11k-14k,550-700,7.52,73.2,fit
57,South,Cycling,92,11812,594,11k-14k,550-700,5.83,80.7,moderately_fit
44,West,Sports,86,11204,471,11k-14k,400-550,6.39,91.0,moderately_fit
57,East,Walking,68,5368,178,5k-8k,<250,7.21,79.8,unfit
26,North,Running,96,14974,732,>14k,>700,7.08,64.9,fit
51,North,Cycling,89,10376,580,8k-11k,550-700,5.7,81.7,moderately_fit
63,South,Walking,88,8400,279,8k-11k,250-400,6.72,58.2,moderately_fit
53,West,Walking,69,3418,118,<5k,<250,5.89,100.3,unfit
39,North,Cycling,86,8471,507,8k-11k,400-550,4.5,61.4,moderately_fit
18,South,Cycling,71,11817,503,11k-14k,400-550,7.09,69.8,moderately_fit
44,North,Running,120,15211,638,>14k,550-700,5.53,79.1,fit
48,West,Gym,68,9968,470,8k-11k,400-550,6.92,52.2,moderately_fit
28,East,Running,91,14325,704,>14k,>700,7.19,64.6,fit
18,South,Gym,82,12548,576,11k-14k,550-700,9.35,87.7,moderately_fit
22,North,Running,91,12578,526,11k-14k,400-550,7.89,83.2,moderately_fit
29,North,Running,99,19550,1189,>14k,>700,7.61,87.6,fit
52,South,Gym,69,5644,281,5k-8k,250-400,8.28,73.3,unfit
34,South,Cycling,92,6435,280,5k-8k,250-400,6.79,85.9,unfit
42,North,Cycling,85,11592,617,11k-14k,550-700,6.79,80.6,moderately_fit
47,West,Cycling,89,6096,314,5k-8k,250-400,6.46,74.7,unfit
32,South,Gym,78,7794,343,5k-8k,250-400,8.15,79.3,moderately_fit
58,East,Walking,61,5580,212,5k-8k,<250,6.69,80.3,unfit
51,North,Walking,83,7069,292,5k-8k,250-400,5.84,82.0,moderately_fit
32,North,Running,96,16638,906,>14k,>700,8.09,60.7,fit
58,South,Sports,84,6159,264,5k-8k,250-400,6.0,86.7,unfit
25,East,Running,95,10923,605,8k-11k,550-700,6.45,49.8,moderately_fit
34,South,Gym,82,17467,694,>14k,550-700,6.7,66.5,fit
20,West,Gym,89,9338,410,8k-11k,400-550,7.1,54.5,moderately_fit
22,South,Gym,88,5624,188,5k-8k,<250,7.33,92.0,unfit
19,North,Gym,80,7411,305,5k-8k,250-400,6.78,108.8,moderately_fit
29,West,Running,88,12317,667,11k-14k,550-700,7.54,92.0,fit
23,South,Gym,81,9679,462,8k-11k,400-550,7.77,83.3,moderately_fit
25,North,Gym,75,12514,506,11k-14k,400-550,8.55,61.9,moderately_fit
32,North,Gym,67,13151,521,11k-14k,400-550,7.04,62.0,moderately_fit
28,East,Running,103,11526,661,11k-14k,550-700,8.98,73.9,moderately_fit
19,East,Running,95,13196,700,11k-14k,550-700,7.42,68.1,fit
45,North,Cycling,98,10211,353,8k-11k,250-400,6.93,66.1,moderately_fit
32,South,Gym,89,7251,332,5k-8k,250-400,6.49,72.4,moderately_fit
29,East,Cycling,75,14102,799,>14k,>700,5.91,52.5,fit
57,West,Gym,88,13566,605,11k-14k,550-700,6.54,70.9,fit
47,South,Gym,91,8120,358,8k-11k,250-400,7.74,66.3,moderately_fit
60,West,Walking,77,6416,266,5k-8k,250-400,5.73,84.2,unfit
37,South,Gym,85,7268,319,5k-8k,250-400,6.23,61.6,moderately_fit
69,North,Gym,93,7439,218,5k-8k,<250,6.5,76.0,moderately_fit
29,North,Gym,50,6616,369,5k-8k,250-400,7.61,67.8,moderately_fit
23,North,Cycling,93,9227,430,8k-11k,400-550,6.56,74.1,moderately_fit
29,South,Gym,87,4724,199,<5k,<250,5.04,74.8,unfit
19,West,Running,82,17347,902,>14k,>700,5.55,64.3,fit
26,North,Gym,66,12938,498,11k-14k,400-550,6.12,77.1,moderately_fit
32,South,Running,103,16691,899,>14k,>700,7.35,61.3,fit
34,North,Sports,93,11848,392,11k-14k,250-400,6.93,65.8,moderately_fit
54,East,Sports,120,9096,480,8k-11k,400-550,7.08,74.6,moderately_fit
26,West,Walking,73,7387,269,5k-8k,250-400,7.86,86.5,moderately_fit
51,North,Walking,63,4201,119,<5k,<250,8.23,89.3,unfit
43,South,Cycling,91,12352,597,11k-14k,550-700,6.12,54.2,moderately_fit
21,North,Gym,83,12421,497,11k-14k,400-550,5.72,76.1,moderately_fit
24,South,Running,102,11212,526,11k-14k,400-550,8.35,73.8,moderately_fit
41,North,Sports,100,8670,409,8k-11k,400-550,7.27,80.5,moderately_fit
56,South,Gym,80,4152,171,<5k,<250,7.02,67.9,unfit
45,East,Gym,81,7563,268,5k-8k,250-400,6.01,103.2,moderately_fit
68,South,Cycling,87,7945,315,5k-8k,250-400,5.89,73.9,moderately_fit
29,North,Sports,75,12212,436,11k-14k,400-550,4.74,73.0,moderately_fit
21,South,Cycling,82,8429,458,8k-11k,400-550,7.29,92.8,moderately_fit
47,East,Running,103,9903,560,8k-11k,550-700,8.17,74.5,moderately_fit
36,South,Sports,84,9614,456,8k-11k,400-550,7.75,68.0,moderately_fit
45,North,Sports,110,12487,694,11k-14k,550-700,7.46,84.8,fit
31,East,Sports,80,9383,423,8k-11k,400-550,6.21,69.6,moderately_fit
31,South,Running,91,13863,757,11k-14k,>700,5.92,73.8,fit
34,North,Cycling,83,8948,347,8k-11k,250-400,7.87,59.8,moderately_fit
24,North,Running,99,13825,715,11k-14k,>700,6.1,61.3,fit
29,West,Gym,67,11630,551,11k-14k,550-700,6.17,74.7,moderately_fit
59,North,Gym,100,4169,217,<5k,<250,6.23,73.1,unfit
29,West,Cycling,89,4602,236,<5k,<250,7.19,59.7,unfit
37,South,Sports,96,8006,365,8k-11k,250-400,7.24,68.0,moderately_fit
31,South,Sports,97,12916,583,11k-14k,550-700,8.01,67.6,moderately_fit
45,East,Gym,84,5206,216,5k-8k,<250,7.04,75.6,unfit
37,North,Running,116,10961,617,8k-11k,550-700,7.2,74.5,moderately_fit
37,North,Running,96,14461,653,>14k,550-700,8.44,79.4,fit
24,North,Cycling,73,13529,686,11k-14k,550-700,6.57,59.8,fit
20,West,Walking,66,9958,342,8k-11k,250-400,6.52,61.4,moderately_fit
18,South,Cycling,93,13385,755,11k-14k,>700,6.17,59.5,fit
43,South,Cycling,75,7185,368,5k-8k,250-400,7.35,68.3,moderately_fit
27,North,Sports,89,16235,1142,>14k,>700,8.01,65.3,fit
28,South,Running,94,11171,674,11k-14k,550-700,6.67,58.3,moderately_fit
58,North,Running,111,9091,330,8k-11k,250-400,8.96,95.7,moderately_fit
23,North,Sports,97,12552,671,11k-14k,550-700,7.23,72.6,fit
19,North,Cycling,72,12616,703,11k-14k,>700,7.76,62.6,fit
68,South,Walking,59,8210,312,8k-11k,250-400,4.96,75.9,moderately_fit
61,South,Walking,73,4441,118,<5k,<250,7.9,78.1,unfit
53,South,Cycling,87,10151,421,8k-11k,400-550,8.29,75.3,moderately_fit
32,East,Gym,78,7498,266,5k-8k,250-400,5.03,66.4,moderately_fit
29,West,Cycling,75,15138,651,>14k,550-700,5.82,83.0,fit
51,East,Running,96,12981,829,11k-14k,>700,8.1,77.2,fit
26,South,Sports,95,15529,796,>14k,>700,8.15,71.2,fit
23,East,Running,86,11041,605,11k-14k,550-700,5.44,86.5,moderately_fit
29,West,Cycling,94,9717,505,8k-11k,400-550,7.93,95.2,moderately_fit
34,South,Walking,110,7643,247,5k-8k,<250,5.83,74.0,moderately_fit
23,South,Running,95,18415,731,>14k,>700,7.2,74.4,fit
62,North,Walking,79,7637,342,5k-8k,250-400,6.28,62.7,moderately_fit
23,West,Cycling,86,15351,794,>14k,>700,6.43,71.9,fit
18,North,Cycling,130,15353,691,>14k,550-700,6.95,80.8,fit
26,North,Gym,95,11413,502,11k-14k,400-550,6.07,51.2,moderately_fit
64,South,Walking,73,5853,248,5k-8k,<250,5.89,63.7,unfit
22,East,Cycling,86,8892,366,8k-11k,250-400,6.03,93.2,moderately_fit
23,South,Cycling,86,6238,297,5k-8k,250-400,8.44,62.4,unfit
29,East,Running,96,14273,665,>14k,550-700,6.79,77.0,fit
64,East,Sports,89,11019,443,11k-14k,400-550,8.16,83.2,moderately_fit
26,South,Cycling,71,4549,233,<5k,<250,7.77,77.7,unfit
58,South,Gym,90,4398,206,<5k,<250,8.09,85.1,unfit
47,South,Gym,50,5525,264,5k-8k,250-400,6.55,84.2,unfit
55,West,Gym,81,7064,309,5k-8k,250-400,6.8,77.0,moderately_fit
18,East,Cycling,95,12258,498,11k-14k,400-550,7.3,66.2,moderately_fit
36,West,Running,103,16444,784,>14k,>700,6.08,62.9,fit
30,North,Cycling,94,7750,354,5k-8k,250-400,7.27,63.8,moderately_fit
50,North,Walking,73,6981,253,5k-8k,250-400,6.19,71.6,unfit
26,North,Sports,50,8838,506,8k-11k,400-550,8.39,64.9,moderately_fit
24,South,Cycling,78,13609,798,11k-14k,>700,8.63,74.2,fit
60,West,Walking,82,4796,181,<5k,<250,8.31,80.3,unfit
25,North,Gym,70,6502,342,5k-8k,250-400,5.21,58.2,unfit
25,North,Gym,69,7852,301,5k-8k,250-400,7.69,62.2,moderately_fit
35,North,Cycling,69,7851,327,5k-8k,250-400,6.87,76.5,moderately_fit
29,South,Cycling,82,11350,469,11k-14k,400-550,6.52,53.8,moderately_fit
60,North,Gym,94,8760,309,8k-11k,250-400,8.52,79.3,moderately_fit
29,North,Gym,78,11844,417,11k-14k,400-550,5.99,66.5,moderately_fit
51,East,Walking,79,5202,186,5k-8k,<250,6.71,76.5,unfit
18,South,Running,88,19163,942,>14k,>700,6.36,78.3,fit
60,South,Walking,83,5711,204,5k-8k,<250,4.07,73.7,unfit
29,South,Running,97,17695,911,>14k,>700,5.8,71.2,fit
24,East,Gym,120,9206,452,8k-11k,400-550,4.7,60.2,moderately_fit
58,North,Walking,78,5404,228,5k-8k,<250,6.06,79.4,unfit
45,West,Cycling,78,11286,532,11k-14k,400-550,5.91,56.4,moderately_fit
50,East,Cycling,84,10209,586,8k-11k,550-700,8.36,72.6,moderately_fit
23,North,Gym,80,8281,375,8k-11k,250-400,7.58,67.5,moderately_fit
37,North,Cycling,85,13368,574,11k-14k,550-700,6.28,76.4,moderately_fit
65,North,Walking,63,3579,143,<5k,<250,5.47,90.9,unfit
26,East,Running,108,15935,761,>14k,>700,6.72,61.2,fit
25,South,Sports,90,13729,814,11k-14k,>700,6.82,72.5,fit
49,South,Walking,82,8475,343,8k-11k,250-400,7.72,89.3,moderately_fit
30,North,Gym,89,11910,400,11k-14k,250-400,6.47,69.7,moderately_fit
54,West,Walking,80,5716,151,5k-8k,<250,6.6,84.9,unfit
62,West,Gym,101,7148,303,5k-8k,250-400,6.45,75.3,moderately_fit
71,South,Running,101,9597,549,8k-11k,400-550,7.87,80.0,moderately_fit
48,South,Walking,68,9891,416,8k-11k,400-550,7.22,66.4,moderately_fit
27,East,Gym,87,11027,431,11k-14k,400-550,8.19,80.3,moderately_fit
48,East,Sports,106,13009,778,11k-14k,>700,8.13,78.7,fit
55,South,Gym,76,6905,256,5k-8k,250-400,4.58,61.5,unfit
18,North,Running,98,11619,480,11k-14k,400-550,5.78,75.7,moderately_fit
23,East,Sports,94,10227,425,8k-11k,400-550,7.41,72.4,moderately_fit
31,North,Gym,89,11664,513,11k-14k,400-550,7.24,72.9,moderately_fit
29,North,Cycling,85,9290,441,8k-11k,400-550,6.92,47.1,moderately_fit
25,East,Sports,69,20381,905,>14k,>700,8.16,68.2,fit
18,South,Gym,88,8985,373,8k-11k,250-400,8.5,51.2,moderately_fit
29,West,Running,87,14953,805,>14k,>700,6.61,81.0,fit
29,South,Running,109,14948,724,>14k,>700,5.74,85.8,fit
48,West,Sports,89,10848,616,8k-11k,550-700,7.64,76.3,moderately_fit
34,South,Gym,86,5883,281,5k-8k,250-400,6.39,89.8,unfit
47,East,Cycling,98,10299,477,8k-11k,400-550,5.07,68.0,moderately_fit
25,North,Sports,130,12990,579,11k-14k,550-700,7.49,82.6,moderately_fit
25,North,Cycling,94,10691,470,8k-11k,400-550,7.64,72.0,moderately_fit
56,South,Sports,88,14335,659,>14k,550-700,6.49,72.0,fit
54,East,Cycling,88,4965,220,<5k,<250,7.04,94.9,unfit
34,North,Sports,82,7835,365,5k-8k,250-400,7.52,86.3,moderately_fit
23,South,Gym,84,11550,479,11k-14k,400-550,8.47,72.3,moderately_fit
62,North,Cycling,81,8262,341,8k-11k,250-400,7.82,72.3,moderately_fit
22,North,Cycling,82,9480,451,8k-11k,400-550,5.7,67.1,moderately_fit
30,South,Running,123,14385,689,>14k,550-700,8.78,60.3,fit
31,West,Walking,67,9225,385,8k-11k,250-400,8.2,61.4,moderately_fit
55,North,Gym,84,3456,174,<5k,<250,7.42,69.4,unfit
33,South,Walking,63,8645,334,8k-11k,250-400,7.63,88.5,moderately_fit
33,West,Gym,76,9827,373,8k-11k,250-400,5.79,69.9,moderately_fit
71,East,Walking,80,4714,181,<5k,<250,6.54,81.2,unfit
32,East,Sports,86,12400,635,11k-14k,550-700,8.05,57.0,fit
29,North,Gym,102,9922,426,8k-11k,400-550,7.26,85.8,moderately_fit
50,South,Cycling,84,10814,601,8k-11k,550-700,6.46,63.7,moderately_fit
27,South,Gym,88,6937,356,5k-8k,250-400,5.99,91.1,moderately_fit
62,South,Gym,80,9785,342,8k-11k,250-400,7.29,87.4,moderately_fit
30,East,Running,50,16776,735,>14k,>700,8.06,72.5,fit
27,South,Running,88,17165,1143,>14k,>700,6.15,75.6,fit
27,North,Cycling,77,6967,337,5k-8k,250-400,6.66,70.3,unfit
42,West,Cycling,92,12940,521,11k-14k,400-550,9.55,70.3,moderately_fit
20,South,Cycling,81,10917,605,8k-11k,550-700,7.84,77.9,moderately_fit
34,West,Running,101,14992,882,>14k,>700,7.05,78.2,fit
23,South,Cycling,120,6645,252,5k-8k,250-400,8.18,65.7,unfit
25,North,Running,93,12250,614,11k-14k,550-700,8.04,96.5,fit
54,South,Walking,68,7760,249,5k-8k,<250,6.73,73.1,moderately_fit
58,South,Cycling,81,10114,489,8k-11k,400-550,7.45,76.4,moderately_fit
59,North,Cycling,91,6020,262,5k-8k,250-400,6.54,58.4,unfit
70,South,Walking,67,6587,288,5k-8k,250-400,7.44,79.8,unfit
66,South,Sports,120,6799,295,5k-8k,250-400,6.4,101.0,unfit
48,South,Cycling,95,8934,474,8k-11k,400-550,8.07,81.6,moderately_fit
29,North,Running,45,10389,556,8k-11k,550-700,8.24,80.7,moderately_fit
29,South,Gym,92,10125,322,8k-11k,250-400,6.44,71.8,moderately_fit
54,North,Sports,102,12598,803,11k-14k,>700,5.51,80.4,fit
30,South,Cycling,74,13252,612,11k-14k,550-700,7.92,87.0,fit
33,North,Gym,69,6730,230,5k-8k,<250,7.78,85.2,unfit
33,North,Cycling,97,10684,675,8k-11k,550-700,7.64,69.4,moderately_fit
29,North,Running,102,9182,494,8k-11k,400-550,5.84,72.6,moderately_fit
35,North,Running,103,17393,922,>14k,>700,7.6,80.6,fit
21,South,Running,100,14757,502,>14k,400-550,9.06,64.2,moderately_fit
56,West,Gym,86,9091,403,8k-11k,400-550,8.64,78.6,moderately_fit
33,South,Cycling,93,11297,638,11k-14k,550-700,8.45,69.0,moderately_fit
62,South,Sports,99,7621,375,5k-8k,250-400,7.78,78.8,moderately_fit
30,West,Sports,110,10575,538,8k-11k,400-550,7.71,76.8,moderately_fit
35,West,Cycling,92,11779,505,11k-14k,400-550,6.7,72.5,moderately_fit
46,West,Sports,101,14665,912,>14k,>700,8.87,83.5,fit
23,North,Cycling,89,10742,590,8k-11k,550-700,7.4,79.8,moderately_fit
58,East,Walking,80,8214,255,8k-11k,250-400,7.66,83.0,moderately_fit
21,East,Sports,81,15046,740,>14k,>700,6.91,74.7,fit
32,East,Walking,82,6614,223,5k-8k,<250,7.11,80.0,unfit
40,South,Gym,82,11283,404,11k-14k,400-550,6.89,85.1,moderately_fit
34,North,Cycling,90,13268,582,11k-14k,550-700,5.68,56.8,moderately_fit
31,West,Running,113,7264,344,5k-8k,250-400,6.54,64.9,moderately_fit
33,South,Running,109,15604,843,>14k,>700,6.9,67.5,fit
65,South,Cycling,93,11441,600,11k-14k,550-700,8.73,68.6,moderately_fit
36,South,Gym,91,5881,279,5k-8k,250-400,5.89,69.4,unfit
24,South,Sports,97,9195,456,8k-11k,400-550,6.21,73.5,moderately_fit
43,North,Running,98,13123,593,11k-14k,550-700,6.57,73.0,moderately_fit
53,North,Sports,81,13913,755,11k-14k,>700,8.42,74.4,fit
48,West,Gym,74,5280,241,5k-8k,<250,6.86,84.8,unfit
22,South,Running,102,9866,609,8k-11k,550-700,7.18,75.2,moderately_fit
18,South,Running,90,13639,750,11k-14k,>700,8.11,66.0,fit
27,East,Running,96,12321,606,11k-14k,550-700,8.96,66.4,fit
24,South,Gym,75,5422,233,5k-8k,<250,8.97,64.2,unfit
54,North,Gym,77,6139,310,5k-8k,250-400,8.55,98.6,unfit
25,South,Gym,79,10405,437,8k-11k,400-550,6.82,61.0,moderately_fit
21,North,Running,97,20268,852,>14k,>700,6.92,74.6,fit
54,North,Sports,85,11284,469,11k-14k,400-550,7.04,56.8,moderately_fit
26,East,Walking,83,9185,285,8k-11k,250-400,4.77,66.4,moderately_fit
24,West,Running,107,11135,554,11k-14k,550-700,5.89,53.6,moderately_fit
27,East,Cycling,82,11043,571,11k-14k,550-700,7.82,66.3,moderately_fit
31,North,Gym,86,8582,457,8k-11k,400-550,5.47,76.7,moderately_fit
27,South,Gym,94,10214,547,8k-11k,400-550,5.95,62.9,moderately_fit
32,North,Gym,72,10558,481,8k-11k,400-550,7.19,60.8,moderately_fit
27,South,Gym,79,11782,598,11k-14k,550-700,5.94,80.4,moderately_fit
30,North,Gym,74,9279,400,8k-11k,250-400,6.44,77.5,moderately_fit
59,West,Walking,70,4767,156,<5k,<250,5.95,79.0,unfit
29,North,Gym,93,12326,525,11k-14k,400-550,4.58,52.9,moderately_fit
55,North,Cycling,87,10852,538,8k-11k,400-550,7.14,81.3,moderately_fit
26,South,Cycling,98,12905,579,11k-14k,550-700,6.83,80.6,moderately_fit
63,North,Cycling,89,8301,431,8k-11k,400-550,6.97,73.8,moderately_fit
31,East,Running,100,17348,1217,>14k,>700,5.91,55.3,fit
27,West,Gym,76,6257,291,5k-8k,250-400,6.14,71.0,unfit
48,North,Running,103,14678,706,>14k,>700,6.86,85.5,fit
39,South,Gym,87,10819,491,8k-11k,400-550,5.91,77.6,moderately_fit
68,West,Gym,70,4414,215,<5k,<250,6.48,75.8,unfit
27,East,Sports,99,10518,466,8k-11k,400-550,9.67,74.1,moderately_fit
22,West,Gym,64,6521,291,5k-8k,250-400,7.33,81.4,unfit
60,North,Gym,80,8475,324,8k-11k,250-400,6.55,73.0,moderately_fit
43,North,Cycling,77,3546,226,<5k,<250,7.1,81.8,unfit
26,North,Cycling,81,11918,532,11k-14k,400-550,8.42,68.9,moderately_fit
25,North,Gym,81,7623,367,5k-8k,250-400,6.37,78.7,moderately_fit
23,East,Gym,88,7205,277,5k-8k,250-400,7.26,70.3,moderately_fit
27,North,Cycling,93,6584,291,5k-8k,250-400,8.54,61.9,unfit
50,South,Walking,62,4520,170,<5k,<250,6.45,51.7,unfit
55,North,Gym,84,11107,521,11k-14k,400-550,6.77,71.8,moderately_fit
55,East,Cycling,98,7242,305,5k-8k,250-400,8.7,77.9,moderately_fit
26,North,Sports,92,13356,785,11k-14k,>700,8.22,79.1,fit
55,North,Walking,79,3844,151,<5k,<250,7.03,63.5,unfit
66,South,Walking,70,7491,252,5k-8k,250-400,6.4,71.7,moderately_fit
54,North,Walking,71,7290,244,5k-8k,<250,5.34,64.3,moderately_fit
57,South,Gym,64,6830,280,5k-8k,250-400,9.03,61.4,unfit
25,South,Running,97,14995,860,>14k,>700,8.41,82.0,fit
45,West,Sports,88,11453,632,11k-14k,550-700,7.12,76.7,moderately_fit
63,South,Gym,75,4497,200,<5k,<250,8.2,96.8,unfit
26,East,Running,86,11759,621,11k-14k,550-700,8.31,64.0,moderately_fit
56,West,Gym,89,9761,345,8k-11k,250-400,6.39,84.5,moderately_fit
27,West,Gym,92,13266,681,11k-14k,550-700,6.72,58.1,fit
45,East,Gym,82,8567,325,8k-11k,250-400,7.78,86.0,moderately_fit
27,South,Gym,76,11131,441,11k-14k,400-550,6.12,60.8,moderately_fit
40,South,Cycling,83,13251,868,11k-14k,>700,7.89,69.3,fit
24,South,Running,114,13425,774,11k-14k,>700,7.07,69.8,fit
28,West,Gym,82,9142,469,8k-11k,400-550,6.25,77.7,moderately_fit
24,East,Running,98,16543,1129,>14k,>700,6.37,78.3,fit
22,North,Gym,97,15192,771,>14k,>700,6.77,76.9,fit
47,North,Gym,89,9939,382,8k-11k,250-400,7.31,81.4,moderately_fit
18,North,Cycling,93,12759,697,11k-14k,550-700,6.61,76.0,fit
22,North,Sports,45,11185,676,11k-14k,550-700,6.84,68.7,moderately_fit
29,North,Gym,80,9121,335,8k-11k,250-400,7.18,78.4,moderately_fit
56,South,Cycling,110,10678,483,8k-11k,400-550,10.09,73.2,moderately_fit
37,North,Running,114,14842,746,>14k,>700,7.63,70.6,fit
32,East,Gym,83,7567,353,5k-8k,250-400,7.41,70.1,moderately_fit
20,North,Running,96,18729,935,>14k,>700,7.3,61.9,fit
57,North,Walking,76,8542,342,8k-11k,250-400,8.61,83.8,moderately_fit
32,South,Walking,70,7031,239,5k-8k,<250,4.53,80.2,moderately_fit
23,West,Gym,99,10367,454,8k-11k,400-550,5.91,72.6,moderately_fit
19,South,Gym,80,8331,362,8k-11k,250-400,6.16,56.2,moderately_fit
56,South,Walking,87,4355,126,<5k,<250,7.38,88.2,unfit
43,South,Gym,86,9201,455,8k-11k,400-550,6.55,70.6,moderately_fit
32,North,Running,112,11258,589,11k-14k,550-700,8.1,78.2,moderately_fit
18,South,Cycling,80,13621,594,11k-14k,550-700,4.63,75.3,moderately_fit
31,North,Gym,71,8140,308,8k-11k,250-400,7.32,86.5,moderately_fit
19,South,Gym,76,12558,514,11k-14k,400-550,5.77,71.3,moderately_fit
28,East,Gym,93,9119,495,8k-11k,400-550,7.88,73.8,moderately_fit
54,East,Cycling,103,4311,291,<5k,250-400,6.12,94.5,unfit
35,North,Gym,81,7936,345,5k-8k,250-400,6.21,67.5,moderately_fit
32,East,Sports,93,12053,624,11k-14k,550-700,5.82,85.9,fit
26,North,Running,96,8998,485,8k-11k,400-550,6.19,77.3,moderately_fit
33,North,Sports,84,7597,422,5k-8k,400-550,7.16,85.8,moderately_fit
18,North,Running,100,14437,820,>14k,>700,6.93,54.8,fit
20,South,Gym,67,12378,585,11k-14k,550-700,6.27,62.4,moderately_fit
33,North,Running,110,15394,807,>14k,>700,5.72,63.6,fit
24,East,Running,116,14356,807,>14k,>700,6.56,59.3,fit
21,West,Running,105,12142,645,11k-14k,550-700,8.36,80.0,fit
36,North,Running,96,10496,575,8k-11k,550-700,7.44,73.3,moderately_fit
55,South,Walking,63,7324,259,5k-8k,250-400,6.88,61.4,moderately_fit
30,North,Cycling,95,11535,605,11k-14k,550-700,8.58,55.4,moderately_fit
48,South,Sports,96,12536,691,11k-14k,550-700,8.1,75.3,fit
18,North,Sports,100,16010,790,>14k,>700,8.45,72.0,fit
55,West,Gym,69,6398,245,5k-8k,<250,7.18,61.1,unfit
45,South,Walking,71,7440,287,5k-8k,250-400,5.91,68.5,moderately_fit
25,East,Gym,85,10963,431,8k-11k,400-550,7.1,95.7,moderately_fit
35,North,Cycling,68,8896,404,8k-11k,400-550,7.31,76.4,moderately_fit
22,East,Cycling,87,10067,488,8k-11k,400-550,5.19,61.3,moderately_fit
33,West,Sports,92,13506,834,11k-14k,>700,6.85,77.5,fit
34,East,Running,95,13405,792,11k-14k,>700,8.37,71.3,fit
56,West,Cycling,96,6777,329,5k-8k,250-400,5.21,71.2,unfit
24,North,Cycling,80,9472,499,8k-11k,400-550,5.45,64.3,moderately_fit
30,South,Running,122,9948,463,8k-11k,400-550,6.25,63.3,moderately_fit
28,South,Cycling,88,10304,531,8k-11k,400-550,6.57,75.2,moderately_fit
28,South,Gym,73,6761,355,5k-8k,250-400,6.8,71.8,moderately_fit
34,West,Cycling,85,10975,591,8k-11k,550-700,9.05,67.4,moderately_fit
67,North,Sports,87,14456,741,>14k,>700,7.91,86.8,fit
57,North,Walking,68,6840,179,5k-8k,<250,6.75,80.8,unfit
31,North,Cycling,89,13627,795,11k-14k,>700,7.02,62.4,fit
20,West,Gym,74,10868,421,8k-11k,400-550,6.91,68.0,moderately_fit
45,West,Cycling,88,5716,301,5k-8k,250-400,8.09,78.5,unfit
39,South,Cycling,99,10636,460,8k-11k,400-550,8.4,80.2,moderately_fit
59,South,Sports,85,7740,445,5k-8k,400-550,6.46,68.2,moderately_fit
42,South,Cycling,78,8018,486,8k-11k,400-550,7.62,64.9,moderately_fit
32,South,Running,103,12920,716,11k-14k,>700,7.46,66.1,fit
62,North,Walking,72,6915,244,5k-8k,<250,7.58,88.9,unfit
22,East,Cycling,88,10916,516,8k-11k,400-550,8.65,65.3,moderately_fit
30,South,Running,102,16376,788,>14k,>700,7.66,60.4,fit
29,South,Running,108,14449,777,>14k,>700,7.13,81.6,fit
25,North,Gym,83,10326,515,8k-11k,400-550,5.42,57.8,moderately_fit
32,East,Sports,97,11638,607,11k-14k,550-700,6.07,68.5,moderately_fit
37,East,Running,109,16957,859,>14k,>700,7.52,58.8,fit
34,South,Sports,97,9860,489,8k-11k,400-550,8.39,76.1,moderately_fit
70,East,Cycling,86,6229,335,5k-8k,250-400,8.89,78.8,unfit
44,South,Gym,82,7471,386,5k-8k,250-400,4.81,78.2,moderately_fit
60,South,Gym,82,8455,327,8k-11k,250-400,6.56,70.7,moderately_fit
25,South,Sports,93,13986,662,11k-14k,550-700,7.43,86.9,fit
33,East,Cycling,98,9399,443,8k-11k,400-550,8.07,69.8,moderately_fit
22,South,Running,93,17290,642,>14k,550-700,6.9,77.6,fit
60,East,Sports,103,6909,323,5k-8k,250-400,6.9,76.5,unfit
63,South,Walking,76,7025,265,5k-8k,250-400,6.66,74.6,moderately_fit
18,East,Gym,78,10894,411,8k-11k,400-550,5.11,71.9,moderately_fit
59,East,Cycling,88,8763,448,8k-11k,400-550,6.81,98.7,moderately_fit
18,South,Gym,79,11182,539,11k-14k,400-550,6.56,71.7,moderately_fit
28,East,Running,99,13642,723,11k-14k,>700,7.66,65.8,fit
31,South,Cycling,88,11598,510,11k-14k,400-550,7.64,81.8,moderately_fit
28,West,Running,97,21218,842,>14k,>700,6.66,52.9,fit
53,East,Walking,68,7921,327,5k-8k,250-400,6.48,102.5,moderately_fit
33,North,Cycling,82,9444,346,8k-11k,250-400,7.27,78.0,moderately_fit
27,East,Running,94,13184,657,11k-14k,550-700,7.01,62.6,fit
54,South,Gym,71,10620,521,8k-11k,400-550,8.02,69.5,moderately_fit
43,West,Cycling,86,9012,474,8k-11k,400-550,7.02,77.0,moderately_fit
62,East,Walking,82,9054,357,8k-11k,250-400,8.64,60.8,moderately_fit
27,North,Cycling,87,13193,402,11k-14k,400-550,6.39,83.4,moderately_fit
23,South,Cycling,99,8209,380,8k-11k,250-400,7.95,80.5,moderately_fit
60,South,Cycling,64,10810,537,8k-11k,400-550,8.29,85.5,moderately_fit
35,East,Running,96,6830,387,5k-8k,250-400,6.18,69.0,moderately_fit
33,East,Gym,78,8129,425,8k-11k,400-550,7.5,102.0,moderately_fit
22,South,Gym,77,11871,658,11k-14k,550-700,8.38,61.9,moderately_fit
44,East,Cycling,83,5254,213,5k-8k,<250,7.8,69.5,unfit
26,South,Running,98,20288,1219,>14k,>700,5.02,58.3,fit
23,North,Gym,79,12087,573,11k-14k,550-700,7.83,72.0,moderately_fit
57,North,Gym,82,4952,231,<5k,<250,7.48,71.7,unfit
24,North,Cycling,70,15320,704,>14k,>700,7.71,74.0,fit
28,North,Gym,67,4559,215,<5k,<250,6.73,88.3,unfit
58,North,Sports,80,7014,419,5k-8k,400-550,6.23,87.4,moderately_fit
26,North,Gym,88,5928,278,5k-8k,250-400,8.65,66.7,unfit
47,West,Running,106,6175,364,5k-8k,250-400,8.55,74.5,moderately_fit
27,North,Running,110,13100,682,11k-14k,550-700,8.55,66.4,fit
30,North,Gym,73,9677,329,8k-11k,250-400,6.77,80.6,moderately_fit
22,North,Sports,98,13056,746,11k-14k,>700,7.45,59.6,fit
18,South,Running,106,15391,570,>14k,550-700,7.93,86.2,moderately_fit
22,South,Gym,86,9864,424,8k-11k,400-550,7.24,74.3,moderately_fit
59,North,Cycling,91,5766,231,5k-8k,<250,7.33,60.3,unfit
40,South,Cycling,70,8983,429,8k-11k,400-550,8.02,71.8,moderately_fit
31,East,Sports,45,4996,340,<5k,250-400,6.48,51.4,unfit
29,South,Running,90,17138,973,>14k,>700,8.82,72.0,fit
46,South,Gym,130,8369,297,8k-11k,250-400,7.05,70.9,moderately_fit
29,South,Gym,77,9437,313,8k-11k,250-400,6.22,54.2,moderately_fit
50,North,Cycling,89,11388,522,11k-14k,400-550,6.34,89.3,moderately_fit
61,East,Gym,72,9260,537,8k-11k,400-550,5.32,97.3,moderately_fit
22,East,Sports,74,11750,561,11k-14k,550-700,7.75,68.6,moderately_fit
62,East,Cycling,88,8187,410,8k-11k,400-550,6.44,75.7,moderately_fit
49,North,Sports,95,14228,633,>14k,550-700,7.31,76.0,fit
22,West,Sports,82,11190,582,11k-14k,550-700,7.44,69.2,moderately_fit
64,South,Gym,83,10826,371,8k-11k,250-400,4.31,74.6,moderately_fit
53,North,Walking,83,5432,173,5k-8k,<250,6.24,91.4,unfit
33,South,Gym,73,4229,162,<5k,<250,9.03,75.8,unfit
59,East,Walking,82,5992,221,5k-8k,<250,7.18,77.5,unfit
29,East,Running,95,12825,658,11k-14k,550-700,7.59,78.8,fit
65,South,Walking,130,2796,103,<5k,<250,6.13,81.6,unfit
67,North,Walking,73,5224,207,5k-8k,<250,3.65,81.0,unfit
18,South,Gym,73,8786,374,8k-11k,250-400,7.1,61.5,moderately_fit
23,West,Walking,45,11481,447,11k-14k,400-550,6.72,73.6,moderately_fit
28,North,Gym,88,11754,342,11k-14k,250-400,6.02,79.0,moderately_fit
73,East,Walking,73,3144,126,<5k,<250,5.61,74.3,unfit
31,South,Running,90,11479,472,11k-14k,400-550,6.77,81.5,moderately_fit
27,East,Gym,73,11901,513,11k-14k,400-550,7.22,76.3,moderately_fit
60,South,Cycling,89,11671,619,11k-14k,550-700,5.55,86.2,moderately_fit
64,South,Walking,68,4880,187,<5k,<250,4.56,76.7,unfit
25,East,Cycling,81,10237,422,8k-11k,400-550,7.92,62.8,moderately_fit
20,West,Running,85,14418,884,>14k,>700,6.77,74.2,fit
56,North,Gym,81,8191,265,8k-11k,250-400,8.26,84.5,moderately_fit
22,South,Running,98,16776,901,>14k,>700,6.24,90.1,fit
63,North,Walking,64,7154,243,5k-8k,<250,6.32,66.6,moderately_fit
50,North,Walking,75,4182,151,<5k,<250,7.63,77.9,unfit
58,East,Cycling,95,7900,372,5k-8k,250-400,8.41,84.5,moderately_fit
28,North,Sports,101,6913,357,5k-8k,250-400,7.26,79.0,moderately_fit
25,East,Sports,91,12334,635,11k-14k,550-700,6.03,60.1,fit
21,South,Running,105,10536,565,8k-11k,550-700,5.45,77.9,moderately_fit
42,West,Running,107,10404,483,8k-11k,400-550,7.2,60.5,moderately_fit
32,North,Running,105,16912,1051,>14k,>700,8.2,59.6,fit
22,North,Running,103,15770,578,>14k,550-700,6.51,84.6,moderately_fit
22,North,Cycling,73,12552,761,11k-14k,>700,7.95,62.0,fit
65,East,Walking,63,5497,209,5k-8k,<250,4.86,89.6,unfit
52,South,Sports,100,13562,666,11k-14k,550-700,7.23,79.1,fit
29,North,Gym,96,7697,323,5k-8k,250-400,7.84,82.9,moderately_fit
28,West,Running,97,14490,746,>14k,>700,8.26,67.5,fit
25,West,Sports,96,12668,704,11k-14k,>700,7.47,67.2,fit
22,East,Sports,91,11781,673,11k-14k,550-700,6.76,75.9,moderately_fit
26,North,Running,99,20614,980,>14k,>700,6.62,84.6,fit
58,South,Walking,79,3424,134,<5k,<250,4.84,89.3,unfit
54,East,Walking,88,2383,100,<5k,<250,5.98,70.6,unfit
62,South,Walking,70,5869,219,5k-8k,<250,7.98,98.9,unfit
55,North,Cycling,92,7532,367,5k-8k,250-400,7.0,66.2,moderately_fit
30,North,Running,103,6835,317,5k-8k,250-400,7.37,70.1,unfit
42,West,Running,104,13727,807,11k-14k,>700,7.57,85.9,fit
30,North,Running,110,14525,900,>14k,>700,6.94,76.5,fit
33,East,Running,93,16866,876,>14k,>700,8.16,88.6,fit
37,South,Running,93,11431,578,11k-14k,550-700,7.46,72.8,moderately_fit
20,East,Sports,88,8179,443,8k-11k,400-550,7.02,79.3,moderately_fit
18,East,Walking,64,6123,212,5k-8k,<250,5.77,59.4,unfit
27,South,Cycling,84,6475,329,5k-8k,250-400,7.96,62.6,unfit
38,South,Gym,78,12408,606,11k-14k,550-700,7.19,68.8,fit
24,East,Cycling,85,14034,714,>14k,>700,7.22,60.0,fit
66,North,Sports,101,12048,604,11k-14k,550-700,7.15,68.8,fit
51,East,Walking,66,7572,298,5k-8k,250-400,6.96,74.7,moderately_fit
30,East,Walking,120,4559,137,<5k,<250,5.51,73.7,unfit
58,South,Walking,66,5058,207,5k-8k,<250,5.46,78.7,unfit
25,South,Gym,90,11514,514,11k-14k,400-550,7.35,78.8,moderately_fit
28,North,Cycling,85,6951,342,5k-8k,250-400,7.99,70.5,unfit
46,East,Walking,85,7388,267,5k-8k,250-400,4.98,61.4,moderately_fit
18,North,Gym,72,11945,526,11k-14k,400-550,7.65,66.0,moderately_fit
64,West,Running,99,17189,927,>14k,>700,8.59,85.7,fit
40,West,Running,115,15666,748,>14k,>700,5.21,76.5,fit
31,North,Running,110,15125,905,>14k,>700,6.64,59.3,fit
31,North,Running,104,13785,677,11k-14k,550-700,7.33,61.5,fit
26,South,Cycling,79,12718,515,11k-14k,400-550,9.63,67.1,moderately_fit
19,West,Gym,85,11459,649,11k-14k,550-700,6.71,77.4,moderately_fit
52,South,Gym,85,2554,100,<5k,<250,6.6,73.0,unfit
24,South,Cycling,93,12053,525,11k-14k,400-550,7.51,76.5,moderately_fit
32,East,Gym,78,2454,107,<5k,<250,6.14,82.0,unfit
67,North,Cycling,101,2445,115,<5k,<250,7.2,85.4,unfit
52,South,Cycling,67,9385,344,8k-11k,250-400,7.05,80.9,moderately_fit
44,North,Cycling,89,11116,554,11k-14k,550-700,8.53,56.7,moderately_fit
18,South,Running,106,11022,532,11k-14k,400-550,7.28,59.5,moderately_fit
27,North,Cycling,90,14014,765,>14k,>700,9.59,75.2,fit
70,South,Cycling,96,11638,607,11k-14k,550-700,5.87,72.1,moderately_fit
20,West,Cycling,81,13854,660,11k-14k,550-700,7.04,69.2,fit
55,South,Gym,97,7466,261,5k-8k,250-400,7.04,90.0,moderately_fit
29,East,Gym,84,10032,390,8k-11k,250-400,7.08,61.5,moderately_fit
23,North,Gym,98,9948,460,8k-11k,400-550,5.61,73.6,moderately_fit
31,South,Gym,68,9668,462,8k-11k,400-550,7.31,85.8,moderately_fit
25,North,Gym,87,6972,280,5k-8k,250-400,5.32,52.1,unfit
55,South,Gym,85,6601,278,5k-8k,250-400,5.94,69.6,unfit
57,North,Sports,99,9768,465,8k-11k,400-550,6.47,69.6,moderately_fit
24,North,Sports,82,13322,839,11k-14k,>700,7.81,75.4,fit
21,North,Cycling,81,13233,566,11k-14k,550-700,7.88,67.6,moderately_fit
23,North,Sports,92,10070,480,8k-11k,400-550,7.48,76.5,moderately_fit
28,South,Sports,92,11701,549,11k-14k,400-550,6.74,60.6,moderately_fit
49,South,Sports,87,9642,588,8k-11k,550-700,8.17,71.6,moderately_fit
35,North,Walking,93,11012,481,11k-14k,400-550,6.11,68.5,moderately_fit
47,East,Running,94,12849,798,11k-14k,>700,6.3,75.5,fit
21,South,Running,99,16721,649,>14k,550-700,8.12,72.3,fit
59,South,Walking,70,7806,280,5k-8k,250-400,4.19,71.5,moderately_fit
27,East,Cycling,89,13414,605,11k-14k,550-700,7.21,72.5,fit
21,North,Gym,84,4713,227,<5k,<250,6.39,72.2,unfit
51,North,Walking,75,5883,192,5k-8k,<250,7.1,55.3,unfit
58,South,Walking,76,7222,217,5k-8k,<250,6.64,80.2,moderately_fit
25,West,Running,109,14690,609,>14k,550-700,7.2,72.2,fit
18,South,Running,102,9996,659,8k-11k,550-700,5.99,92.6,moderately_fit
34,East,Cycling,93,8111,446,8k-11k,400-550,7.27,75.2,moderately_fit
23,East,Gym,85,7447,318,5k-8k,250-400,7.32,69.1,moderately_fit
49,South,Running,99,12884,802,11k-14k,>700,6.92,89.6,fit
42,East,Cycling,97,10665,501,8k-11k,400-550,7.15,69.0,moderately_fit
40,South,Cycling,97,14049,919,>14k,>700,7.93,66.1,fit
21,South,Gym,88,9831,399,8k-11k,250-400,6.41,67.3,moderately_fit
75,South,Walking,78,5367,206,5k-8k,<250,5.05,86.8,unfit
35,East,Walking,61,4419,162,<5k,<250,7.31,93.2,unfit
31,South,Cycling,104,10570,402,8k-11k,400-550,7.69,75.4,moderately_fit
33,North,Gym,89,14683,604,>14k,550-700,7.71,70.1,fit
42,East,Gym,89,9255,434,8k-11k,400-550,6.39,69.6,moderately_fit
24,East,Gym,73,8200,358,8k-11k,250-400,7.0,53.1,moderately_fit
38,West,Cycling,87,11438,521,11k-14k,400-550,7.47,57.5,moderately_fit
32,South,Running,108,16725,977,>14k,>700,7.96,72.6,fit
56,North,Gym,78,8711,343,8k-11k,250-400,7.41,70.0,moderately_fit
54,North,Gym,77,9678,443,8k-11k,400-550,6.42,77.2,moderately_fit
32,East,Gym,80,11464,528,11k-14k,400-550,7.05,66.8,moderately_fit
57,North,Walking,70,6233,229,5k-8k,<250,5.29,69.5,unfit
53,West,Walking,69,6791,239,5k-8k,<250,6.66,64.0,unfit
66,North,Walking,67,4243,153,<5k,<250,8.27,72.3,unfit
28,West,Cycling,88,9676,632,8k-11k,550-700,5.39,92.9,moderately_fit
60,East,Gym,75,6998,309,5k-8k,250-400,6.77,74.6,unfit
29,West,Cycling,85,7809,334,5k-8k,250-400,6.97,69.2,moderately_fit
55,North,Walking,65,6764,211,5k-8k,<250,6.65,76.4,unfit
47,South,Gym,130,6075,307,5k-8k,250-400,6.65,84.6,unfit
47,North,Gym,98,8513,453,8k-11k,400-550,5.79,78.9,moderately_fit
33,North,Cycling,82,12093,554,11k-14k,550-700,7.53,71.2,moderately_fit
25,North,Gym,86,6241,301,5k-8k,250-400,7.65,69.2,unfit
65,East,Gym,110,7891,307,5k-8k,250-400,8.31,75.5,moderately_fit
32,North,Cycling,85,5716,312,5k-8k,250-400,7.62,54.5,unfit
20,West,Sports,91,14298,750,>14k,>700,8.17,64.5,fit
26,North,Gym,79,10973,383,8k-11k,250-400,6.12,89.2,moderately_fit
23,South,Gym,72,11342,542,11k-14k,400-550,6.35,85.3,moderately_fit
35,North,Gym,88,9726,521,8k-11k,400-550,5.08,62.9,moderately_fit
51,East,Cycling,88,8064,410,8k-11k,400-550,8.06,66.8,moderately_fit
35,North,Gym,73,7660,274,5k-8k,250-400,6.83,92.1,moderately_fit
24,West,Running,119,12551,654,11k-14k,550-700,7.6,59.8,fit
70,South,Gym,82,9107,385,8k-11k,250-400,7.8,65.1,moderately_fit
51,West,Walking,66,9621,288,8k-11k,250-400,7.48,68.5,moderately_fit
21,North,Gym,81,10011,382,8k-11k,250-400,6.47,68.7,moderately_fit
55,South,Walking,56,4050,136,<5k,<250,5.82,82.6,unfit
21,East,Gym,72,9104,391,8k-11k,250-400,6.56,60.1,moderately_fit
28,East,Gym,84,11780,584,11k-14k,550-700,5.94,80.0,moderately_fit
18,South,Running,97,16661,912,>14k,>700,7.45,63.3,fit
56,West,Running,77,11301,438,11k-14k,400-550,8.33,75.5,moderately_fit
75,North,Walking,70,4431,136,<5k,<250,4.65,96.1,unfit
34,East,Running,98,8334,495,8k-11k,400-550,6.9,91.3,moderately_fit
54,North,Walking,76,5650,212,5k-8k,<250,5.15,83.9,unfit
26,North,Running,110,13037,725,11k-14k,>700,6.45,74.5,fit
44,South,Cycling,91,8867,389,8k-11k,250-400,6.73,59.1,moderately_fit
23,West,Cycling,84,12304,604,11k-14k,550-700,8.45,86.8,fit
32,West,Gym,69,13442,513,11k-14k,400-550,8.68,73.7,moderately_fit
67,South,Gym,74,6782,282,5k-8k,250-400,7.74,81.1,unfit
60,West,Cycling,93,10135,554,8k-11k,550-700,7.3,77.6,moderately_fit
31,South,Walking,59,7185,288,5k-8k,250-400,6.63,71.3,moderately_fit
28,East,Running,106,13816,710,11k-14k,>700,8.05,47.7,fit
56,North,Cycling,78,11811,630,11k-14k,550-700,8.0,69.8,moderately_fit
66,South,Walking,72,6187,223,5k-8k,<250,7.12,76.3,unfit
28,North,Running,105,16336,803,>14k,>700,8.31,63.8,fit
63,North,Running,97,14219,827,>14k,>700,6.65,75.8,fit
35,South,Walking,83,7819,351,5k-8k,250-400,6.32,62.4,moderately_fit
26,East,Gym,69,10078,536,8k-11k,400-550,7.74,69.9,moderately_fit
22,South,Gym,81,11575,619,11k-14k,550-700,6.53,68.0,moderately_fit
65,West,Walking,73,4195,141,<5k,<250,8.75,80.1,unfit
26,East,Gym,83,7887,458,5k-8k,400-550,7.67,90.0,moderately_fit
31,North,Gym,79,7236,270,5k-8k,250-400,6.6,78.6,moderately_fit
36,South,Gym,101,7573,339,5k-8k,250-400,8.7,69.5,moderately_fit
27,East,Running,110,10539,483,8k-11k,400-550,8.08,86.2,moderately_fit
41,West,Running,105,7730,301,5k-8k,250-400,6.56,66.8,moderately_fit
38,West,Walking,84,5289,168,5k-8k,<250,6.71,79.9,unfit
29,East,Gym,85,3386,141,<5k,<250,6.2,80.7,unfit
75,South,Walking,78,5527,125,5k-8k,<250,6.93,62.3,unfit
65,East,Walking,66,5690,242,5k-8k,<250,5.44,79.3,unfit
27,North,Gym,92,11252,438,11k-14k,400-550,7.13,67.6,moderately_fit
31,North,Cycling,71,8628,459,8k-11k,400-550,7.13,78.4,moderately_fit
54,East,Walking,80,7077,280,5k-8k,250-400,6.95,75.0,moderately_fit
30,West,Gym,87,7178,322,5k-8k,250-400,7.61,67.3,moderately_fit
60,West,Cycling,94,10575,431,8k-11k,400-550,7.8,64.7,moderately_fit
24,North,Running,86,8934,443,8k-11k,400-550,7.48,79.6,moderately_fit
49,East,Running,101,11188,502,11k-14k,400-550,6.29,70.4,moderately_fit
23,West,Cycling,84,10602,555,8k-11k,550-700,7.4,59.3,moderately_fit
44,South,Gym,79,10259,461,8k-11k,400-550,6.69,70.6,moderately_fit
46,North,Sports,78,12528,707,11k-14k,>700,8.79,75.9,fit
33,South,Sports,89,14747,827,>14k,>700,7.9,69.6,fit
30,South,Gym,73,4164,185,<5k,<250,5.27,57.6,unfit
43,South,Sports,95,14573,811,>14k,>700,7.44,74.7,fit
26,South,Cycling,90,9045,483,8k-11k,400-550,9.64,57.7,moderately_fit
28,East,Sports,90,16403,761,>14k,>700,6.29,63.0,fit
37,North,Cycling,83,16039,885,>14k,>700,7.77,65.0,fit
52,South,Running,94,15173,742,>14k,>700,6.88,90.9,fit
33,South,Walking,64,5485,180,5k-8k,<250,8.12,75.8,unfit
22,North,Running,120,10866,541,8k-11k,400-550,6.63,70.6,moderately_fit
57,West,Walking,79,4509,138,<5k,<250,6.38,80.8,unfit
36,North,Gym,78,10226,463,8k-11k,400-550,7.62,81.0,moderately_fit
60,South,Sports,109,6701,327,5k-8k,250-400,5.87,56.5,unfit
51,West,Walking,72,2523,100,<5k,<250,6.34,74.0,unfit
25,North,Cycling,71,14142,629,>14k,550-700,7.74,66.3,fit
32,East,Gym,86,7565,330,5k-8k,250-400,4.72,65.9,moderately_fit
54,South,Walking,69,7909,215,5k-8k,<250,7.35,68.5,moderately_fit
26,North,Running,111,16514,789,>14k,>700,6.17,49.2,fit
53,West,Walking,45,6528,266,5k-8k,250-400,5.31,71.5,unfit
33,North,Sports,97,13798,712,11k-14k,>700,8.47,73.5,fit
28,South,Gym,61,13035,554,11k-14k,550-700,6.4,71.5,moderately_fit
30,North,Gym,89,11110,518,11k-14k,400-550,5.24,64.8,moderately_fit
29,North,Walking,75,8995,289,8k-11k,250-400,6.72,74.0,moderately_fit
60,West,Walking,71,6535,270,5k-8k,250-400,7.53,81.6,unfit
20,East,Walking,78,7027,170,5k-8k,<250,5.66,65.8,moderately_fit
45,North,Running,104,13224,781,11k-14k,>700,7.6,75.8,fit
55,South,Gym,75,8056,356,8k-11k,250-400,7.01,79.3,moderately_fit
57,East,Walking,77,6898,244,5k-8k,<250,5.45,71.6,unfit
33,West,Gym,80,9833,337,8k-11k,250-400,6.13,76.2,moderately_fit
34,South,Cycling,71,9576,507,8k-11k,400-550,7.83,60.1,moderately_fit
23,West,Running,101,17918,785,>14k,>700,8.13,57.7,fit
59,South,Gym,85,5948,272,5k-8k,250-400,7.1,76.2,unfit
26,East,Running,96,15382,861,>14k,>700,4.37,81.6,fit
31,West,Cycling,86,12247,635,11k-14k,550-700,9.13,71.7,fit
27,North,Cycling,80,8655,293,8k-11k,250-400,8.9,69.3,moderately_fit
31,North,Cycling,84,14864,896,>14k,>700,7.95,57.3,fit
51,North,Walking,71,6157,235,5k-8k,<250,5.46,85.7,unfit
25,North,Gym,77,7049,339,5k-8k,250-400,5.75,78.8,moderately_fit
33,North,Gym,80,9000,366,8k-11k,250-400,6.95,58.1,moderately_fit
23,East,Cycling,79,9163,400,8k-11k,250-400,6.58,81.5,moderately_fit
57,South,Walking,76,4760,205,<5k,<250,7.65,70.4,unfit
35,South,Running,94,11501,548,11k-14k,400-550,8.3,73.8,moderately_fit
26,South,Cycling,75,11020,540,11k-14k,400-550,5.71,87.6,moderately_fit
28,North,Running,85,18094,1007,>14k,>700,8.48,58.7,fit
26,South,Gym,79,9732,406,8k-11k,400-550,6.77,71.1,moderately_fit
25,South,Gym,82,9944,519,8k-11k,400-550,6.32,62.9,moderately_fit
26,North,Gym,88,8274,350,8k-11k,250-400,6.94,53.4,moderately_fit
66,West,Walking,70,6006,172,5k-8k,<250,5.3,73.5,unfit
28,South,Walking,75,7400,242,5k-8k,<250,7.73,58.3,moderately_fit
46,West,Cycling,98,9550,469,8k-11k,400-550,7.03,75.1,moderately_fit
54,North,Cycling,89,10887,585,8k-11k,550-700,8.29,89.1,moderately_fit
59,East,Gym,76,4912,250,<5k,<250,8.07,77.0,unfit
33,South,Cycling,81,13966,763,11k-14k,>700,6.65,60.1,fit
56,East,Gym,99,1000,100,<5k,<250,7.11,65.0,unfit
29,South,Gym,84,9033,352,8k-11k,250-400,6.26,77.1,moderately_fit
28,West,Walking,62,10184,440,8k-11k,400-550,7.8,83.7,moderately_fit
26,South,Gym,71,12483,593,11k-14k,550-700,6.5,76.6,moderately_fit
21,East,Cycling,83,12155,538,11k-14k,400-550,7.86,45.4,moderately_fit
55,West,Sports,82,7768,354,5k-8k,250-400,8.2,66.0,moderately_fit
32,East,Running,90,13199,597,11k-14k,550-700,8.94,76.0,moderately_fit
55,South,Walking,76,11209,419,11k-14k,400-550,7.57,100.9,moderately_fit
38,North,Running,45,15126,874,>14k,>700,7.02,50.8,fit
50,West,Gym,75,3615,154,<5k,<250,8.45,84.5,unfit
34,South,Cycling,77,10927,458,8k-11k,400-550,8.26,65.3,moderately_fit
46,South,Cycling,87,8263,336,8k-11k,250-400,5.78,71.2,moderately_fit
30,North,Cycling,81,7865,370,5k-8k,250-400,8.3,70.8,moderately_fit
20,South,Running,100,16247,842,>14k,>700,7.75,79.6,fit
27,East,Running,89,11189,624,11k-14k,550-700,7.17,74.5,moderately_fit
20,South,Sports,95,16697,880,>14k,>700,7.08,65.1,fit
69,South,Cycling,83,11272,452,11k-14k,400-550,7.17,75.0,moderately_fit
25,North,Running,88,12111,608,11k-14k,550-700,6.94,71.9,fit
23,North,Running,90,12123,751,11k-14k,>700,7.72,70.9,fit
31,East,Cycling,90,12643,601,11k-14k,550-700,8.28,62.9,fit
32,North,Running,96,16653,959,>14k,>700,6.24,81.6,fit
65,South,Gym,45,6237,308,5k-8k,250-400,5.13,96.9,unfit
50,South,Walking,71,8250,289,8k-11k,250-400,6.55,80.8,moderately_fit
52,West,Cycling,82,13441,792,11k-14k,>700,8.21,78.8,fit
53,North,Gym,81,8491,369,8k-11k,250-400,7.71,89.0,moderately_fit
34,North,Running,77,10312,551,8k-11k,550-700,6.83,76.2,moderately_fit
27,South,Cycling,81,13243,560,11k-14k,550-700,6.96,65.6,moderately_fit
28,South,Sports,130,12491,605,11k-14k,550-700,5.3,91.5,fit
25,North,Cycling,85,10636,423,8k-11k,400-550,8.56,71.5,moderately_fit
63,East,Walking,74,7103,236,5k-8k,<250,6.05,80.5,moderately_fit
44,South,Running,50,16021,840,>14k,>700,7.44,83.8,fit
33,North,Gym,88,9465,469,8k-11k,400-550,6.71,78.6,moderately_fit
36,North,Gym,61,3102,130,<5k,<250,6.15,64.8,unfit
33,West,Sports,73,11999,739,11k-14k,>700,6.61,77.9,moderately_fit
30,North,Sports,110,12527,479,11k-14k,400-550,6.73,74.9,moderately_fit
44,North,Running,103,20157,1085,>14k,>700,6.65,81.2,fit
37,North,Gym,75,9057,452,8k-11k,400-550,7.71,78.6,moderately_fit
31,South,Walking,76,6964,268,5k-8k,250-400,7.24,67.5,unfit
26,East,Running,101,16269,725,>14k,>700,7.05,79.9,fit
40,North,Walking,74,6226,247,5k-8k,<250,6.63,69.0,unfit
30,North,Cycling,81,9324,504,8k-11k,400-550,8.69,72.7,moderately_fit
30,North,Cycling,85,7053,341,5k-8k,250-400,5.62,73.1,moderately_fit
26,South,Cycling,77,9871,452,8k-11k,400-550,8.74,65.3,moderately_fit
29,North,Gym,71,4497,200,<5k,<250,8.61,92.2,unfit
54,West,Walking,44,6646,216,5k-8k,<250,7.29,69.4,unfit
30,North,Sports,94,12499,622,11k-14k,550-700,7.64,52.4,fit
30,North,Running,99,15889,805,>14k,>700,7.74,81.5,fit
24,North,Gym,92,7022,327,5k-8k,250-400,5.53,66.9,moderately_fit
48,East,Gym,77,4403,190,<5k,<250,7.59,89.6,unfit
24,East,Cycling,86,16663,788,>14k,>700,8.3,68.7,fit
33,West,Cycling,83,10603,556,8k-11k,550-700,5.95,72.4,moderately_fit
40,North,Sports,90,12842,688,11k-14k,550-700,6.2,101.3,fit
47,North,Gym,92,8398,274,8k-11k,250-400,8.46,74.3,moderately_fit
53,South,Cycling,97,11062,543,11k-14k,400-550,6.96,77.6,moderately_fit
27,South,Running,96,14784,742,>14k,>700,8.21,82.0,fit
29,South,Gym,85,7261,277,5k-8k,250-400,6.02,73.6,moderately_fit
71,North,Sports,100,9761,453,8k-11k,400-550,7.87,78.2,moderately_fit
50,North,Gym,76,8626,351,8k-11k,250-400,7.65,72.5,moderately_fit
54,North,Sports,96,5674,273,5k-8k,250-400,5.13,68.2,unfit
31,East,Sports,89,12609,562,11k-14k,550-700,7.97,67.8,moderately_fit
50,South,Walking,76,5519,207,5k-8k,<250,5.96,83.9,unfit
28,East,Running,101,11999,663,11k-14k,550-700,7.64,81.5,moderately_fit
54,North,Gym,72,10038,483,8k-11k,400-550,6.75,70.5,moderately_fit
22,East,Cycling,75,11500,458,11k-14k,400-550,8.18,82.1,moderately_fit
26,South,Running,94,14075,663,>14k,550-700,8.42,79.0,fit
27,North,Cycling,81,11503,669,11k-14k,550-700,8.62,68.0,moderately_fit
61,West,Walking,65,5641,246,5k-8k,<250,7.78,84.9,unfit
31,South,Cycling,74,10715,467,8k-11k,400-550,8.26,85.7,moderately_fit
35,South,Gym,83,12506,559,11k-14k,550-700,6.87,75.8,moderately_fit
65,East,Walking,70,4124,173,<5k,<250,6.33,79.1,unfit
22,South,Cycling,99,7338,385,5k-8k,250-400,6.72,62.0,moderately_fit
60,East,Walking,130,5849,234,5k-8k,<250,5.75,74.7,unfit
18,West,Gym,70,7651,241,5k-8k,<250,5.44,69.4,moderately_fit
54,South,Walking,79,3886,144,<5k,<250,7.1,64.0,unfit
23,East,Running,101,14452,776,>14k,>700,7.27,60.7,fit
24,East,Gym,79,10286,526,8k-11k,400-550,7.18,78.1,moderately_fit
28,North,Cycling,72,10765,563,8k-11k,550-700,7.9,66.7,moderately_fit
20,North,Running,91,13429,745,11k-14k,>700,7.34,51.7,fit
53,North,Walking,80,5732,189,5k-8k,<250,6.13,72.4,unfit
27,South,Running,108,13947,702,11k-14k,>700,7.11,67.3,fit
35,East,Gym,65,8859,305,8k-11k,250-400,6.41,74.6,moderately_fit
25,South,Running,115,8923,486,8k-11k,400-550,8.32,74.7,moderately_fit
22,North,Gym,72,11918,608,11k-14k,550-700,5.65,76.4,moderately_fit
46,South,Gym,88,4489,255,<5k,250-400,7.44,72.5,unfit
20,East,Gym,74,8188,407,8k-11k,400-550,7.11,68.1,moderately_fit
28,North,Gym,71,5447,219,5k-8k,<250,5.64,59.5,unfit
34,East,Cycling,86,11138,538,11k-14k,400-550,7.01,68.0,moderately_fit
34,East,Walking,59,5725,222,5k-8k,<250,7.13,64.4,unfit
64,North,Walking,61,5179,195,5k-8k,<250,6.31,84.6,unfit
34,North,Gym,74,7076,348,5k-8k,250-400,6.23,95.5,moderately_fit
33,South,Sports,87,9064,492,8k-11k,400-550,7.25,76.9,moderately_fit
37,East,Cycling,77,4205,183,<5k,<250,5.76,85.3,unfit
62,West,Walking,67,4470,144,<5k,<250,5.94,86.1,unfit
28,East,Gym,75,6308,261,5k-8k,250-400,5.86,57.2,unfit
59,South,Cycling,94,10018,621,8k-11k,550-700,7.45,78.3,moderately_fit
50,North,Walking,72,10455,423,8k-11k,400-550,7.58,64.9,moderately_fit
24,East,Sports,83,17054,781,>14k,>700,7.63,55.9,fit
27,North,Gym,79,9197,319,8k-11k,250-400,8.71,81.7,moderately_fit
25,East,Gym,75,7555,377,5k-8k,250-400,8.05,86.2,moderately_fit
30,North,Cycling,69,6165,300,5k-8k,250-400,6.32,45.0,unfit
43,North,Cycling,81,8953,418,8k-11k,400-550,7.0,68.7,moderately_fit
32,North,Sports,86,9506,505,8k-11k,400-550,7.6,74.4,moderately_fit
30,North,Cycling,98,9196,389,8k-11k,250-400,6.47,68.6,moderately_fit
22,East,Running,90,9703,426,8k-11k,400-550,7.77,72.6,moderately_fit
31,North,Cycling,88,12716,556,11k-14k,550-700,7.61,74.0,moderately_fit
30,West,Cycling,83,12313,590,11k-14k,550-700,7.49,75.9,moderately_fit
30,South,Running,104,11053,537,11k-14k,400-550,7.21,80.6,moderately_fit
31,South,Gym,82,11272,621,11k-14k,550-700,6.0,78.2,moderately_fit
57,South,Walking,74,6039,267,5k-8k,250-400,6.91,74.6,unfit
31,South,Gym,82,10458,571,8k-11k,550-700,7.08,82.3,moderately_fit
74,North,Cycling,88,9455,454,8k-11k,400-550,6.46,63.0,moderately_fit
21,West,Gym,86,10712,488,8k-11k,400-550,7.06,80.4,moderately_fit
24,South,Gym,74,7548,372,5k-8k,250-400,6.64,69.7,moderately_fit
32,North,Cycling,85,13503,520,11k-14k,400-550,7.7,64.5,moderately_fit
30,South,Walking,61,8905,265,8k-11k,250-400,7.0,60.5,moderately_fit
33,South,Running,106,15862,781,>14k,>700,6.77,83.8,fit
22,North,Cycling,89,8356,358,8k-11k,250-400,7.15,68.0,moderately_fit
56,West,Gym,95,3799,180,<5k,<250,6.52,66.0,unfit
39,North,Gym,87,12382,477,11k-14k,400-550,8.44,64.2,moderately_fit
46,South,Running,105,10285,542,8k-11k,400-550,6.97,70.8,moderately_fit
52,West,Cycling,92,9911,429,8k-11k,400-550,7.49,89.4,moderately_fit
22,North,Running,85,18219,850,>14k,>700,9.11,78.9,fit
57,North,Walking,80,9185,371,8k-11k,250-400,3.98,81.4,moderately_fit
29,North,Gym,87,10702,428,8k-11k,400-550,7.64,70.2,moderately_fit
27,North,Cycling,94,9974,501,8k-11k,400-550,7.71,56.5,moderately_fit
25,North,Gym,68,8816,428,8k-11k,400-550,6.39,99.0,moderately_fit
28,East,Cycling,87,12126,498,11k-14k,400-550,5.82,66.7,moderately_fit
52,East,Gym,82,8170,353,8k-11k,250-400,6.55,70.9,moderately_fit
48,East,Running,100,9852,600,8k-11k,550-700,7.03,76.4,moderately_fit
65,South,Sports,91,2293,100,<5k,<250,7.53,95.9,unfit
31,East,Walking,70,5834,218,5k-8k,<250,5.13,73.4,unfit
63,South,Walking,77,5174,192,5k-8k,<250,5.53,76.1,unfit
48,North,Cycling,84,9575,474,8k-11k,400-550,6.73,57.1,moderately_fit
45,South,Walking,70,9973,399,8k-11k,250-400,8.52,72.4,moderately_fit
33,North,Cycling,99,13467,592,11k-14k,550-700,6.82,73.2,moderately_fit
43,West,Sports,86,9679,522,8k-11k,400-550,6.4,67.3,moderately_fit
66,South,Cycling,78,9419,339,8k-11k,250-400,7.99,84.0,moderately_fit
28,East,Running,87,6006,277,5k-8k,250-400,5.67,64.7,unfit
29,East,Cycling,89,14185,580,>14k,550-700,6.33,64.7,moderately_fit
30,East,Gym,74,7959,311,5k-8k,250-400,5.02,72.1,moderately_fit
31,North,Running,94,14261,773,>14k,>700,7.21,65.8,fit
67,South,Gym,99,6807,330,5k-8k,250-400,6.42,77.6,unfit
31,East,Gym,85,11698,490,11k-14k,400-550,8.33,74.9,moderately_fit
30,North,Walking,75,6662,269,5k-8k,250-400,6.7,66.3,unfit
31,West,Sports,89,13930,771,11k-14k,>700,7.14,77.6,fit
28,South,Cycling,86,12111,662,11k-14k,550-700,6.2,61.3,fit
28,North,Running,96,14367,717,>14k,>700,7.04,63.4,fit
28,South,Gym,82,9063,326,8k-11k,250-400,7.92,66.0,moderately_fit
30,East,Gym,79,7926,297,5k-8k,250-400,6.04,74.9,moderately_fit
32,South,Sports,96,11372,475,11k-14k,400-550,8.07,70.0,moderately_fit
59,East,Gym,100,6310,342,5k-8k,250-400,5.86,69.8,unfit
29,South,Running,108,15156,720,>14k,>700,7.08,68.4,fit
51,East,Sports,88,7303,386,5k-8k,250-400,7.92,74.6,moderately_fit
24,North,Running,113,14616,728,>14k,>700,7.92,82.9,fit
28,North,Running,97,18548,1034,>14k,>700,6.43,78.6,fit
56,North,Walking,61,5093,156,5k-8k,<250,5.91,64.8,unfit
22,North,Gym,80,10829,483,8k-11k,400-550,6.92,81.0,moderately_fit
58,North,Running,100,4030,200,<5k,<250,9.05,65.9,unfit
54,South,Walking,62,2918,110,<5k,<250,8.21,86.4,unfit
26,South,Running,101,13800,698,11k-14k,550-700,8.44,75.8,fit
42,North,Gym,78,8211,357,8k-11k,250-400,7.88,68.5,moderately_fit
33,North,Gym,98,9103,509,8k-11k,400-550,5.64,79.3,moderately_fit
30,North,Running,96,20372,998,>14k,>700,8.52,72.2,fit
61,South,Walking,73,4540,162,<5k,<250,5.42,78.3,unfit
49,North,Sports,99,10524,596,8k-11k,550-700,6.22,68.9,moderately_fit
25,South,Gym,73,7742,253,5k-8k,250-400,7.34,71.7,moderately_fit
32,South,Running,110,15810,974,>14k,>700,7.31,56.1,fit
32,South,Gym,88,6190,298,5k-8k,250-400,6.98,51.6,unfit
52,East,Walking,78,4788,183,<5k,<250,5.24,82.0,unfit
26,North,Gym,80,7212,293,5k-8k,250-400,6.62,72.3,moderately_fit
49,North,Sports,91,12372,554,11k-14k,550-700,5.91,73.3,moderately_fit
47,North,Gym,90,8381,417,8k-11k,400-550,8.14,79.8,moderately_fit
22,North,Cycling,100,12388,510,11k-14k,400-550,5.25,70.3,moderately_fit
47,North,Gym,74,7581,326,5k-8k,250-400,7.59,81.0,moderately_fit
28,East,Walking,69,9885,361,8k-11k,250-400,6.11,79.6,moderately_fit
56,North,Cycling,96,8572,407,8k-11k,400-550,5.84,57.3,moderately_fit
23,West,Running,103,20395,1046,>14k,>700,7.86,45.0,fit
31,North,Running,100,17508,774,>14k,>700,8.03,73.3,fit
52,East,Walking,69,3234,119,<5k,<250,6.21,78.1,unfit
29,East,Gym,77,10863,465,8k-11k,400-550,8.41,70.9,moderately_fit
25,North,Running,101,18103,1120,>14k,>700,6.6,62.9,fit
25,North,Cycling,100,10420,507,8k-11k,400-550,8.48,62.0,moderately_fit
23,South,Gym,74,10695,487,8k-11k,400-550,8.18,69.0,moderately_fit
31,West,Sports,86,8178,454,8k-11k,400-550,5.47,67.8,moderately_fit
33,South,Gym,79,6509,270,5k-8k,250-400,9.34,80.6,unfit
63,North,Gym,97,6370,249,5k-8k,<250,7.21,80.7,unfit
28,South,Gym,75,5947,282,5k-8k,250-400,7.5,71.5,unfit
38,North,Running,50,13165,659,11k-14k,550-700,5.99,84.0,fit
31,West,Gym,88,10759,477,8k-11k,400-550,8.83,78.6,moderately_fit
28,East,Walking,76,5634,214,5k-8k,<250,6.43,73.0,unfit
62,North,Sports,96,5835,284,5k-8k,250-400,6.61,69.2,unfit
32,North,Cycling,86,6932,335,5k-8k,250-400,7.4,81.4,unfit
25,North,Cycling,81,14471,752,>14k,>700,6.95,77.3,fit
35,East,Walking,59,3609,150,<5k,<250,7.03,69.0,unfit
47,West,Sports,89,11226,689,11k-14k,550-700,6.14,78.4,moderately_fit
47,North,Running,105,16017,895,>14k,>700,8.52,63.8,fit
23,South,Cycling,90,9155,452,8k-11k,400-550,8.6,49.5,moderately_fit
53,West,Walking,71,4445,104,<5k,<250,6.86,84.1,unfit
59,North,Walking,76,6164,257,5k-8k,250-400,7.11,74.0,unfit
36,North,Sports,89,12041,662,11k-14k,550-700,5.99,62.9,fit
23,North,Running,95,13004,734,11k-14k,>700,6.18,73.6,fit
28,North,Cycling,87,10457,457,8k-11k,400-550,7.15,65.2,moderately_fit
46,North,Gym,77,8360,318,8k-11k,250-400,6.04,73.5,moderately_fit
41,West,Running,90,11487,713,11k-14k,>700,4.34,52.4,moderately_fit
21,South,Cycling,74,10833,584,8k-11k,550-700,7.68,69.8,moderately_fit
44,North,Cycling,93,14775,748,>14k,>700,8.83,84.2,fit
29,South,Cycling,99,13653,744,11k-14k,>700,7.73,67.5,fit
19,East,Gym,102,12663,402,11k-14k,400-550,6.98,74.7,moderately_fit
18,South,Gym,82,9147,403,8k-11k,400-550,8.16,78.7,moderately_fit
30,North,Gym,64,4903,268,<5k,250-400,7.37,74.7,unfit
21,North,Running,109,22128,1168,>14k,>700,6.49,76.9,fit
65,East,Cycling,95,6698,257,5k-8k,250-400,6.22,71.6,unfit
61,North,Walking,69,6325,250,5k-8k,<250,5.45,80.9,unfit
27,North,Running,100,16451,870,>14k,>700,6.9,65.7,fit
29,South,Cycling,85,9668,502,8k-11k,400-550,7.96,67.2,moderately_fit
22,North,Gym,83,11987,586,11k-14k,550-700,7.39,66.9,moderately_fit
28,West,Cycling,85,11222,503,11k-14k,400-550,8.62,82.9,moderately_fit
23,South,Sports,91,11907,578,11k-14k,550-700,7.02,77.9,moderately_fit
58,North,Walking,67,4704,168,<5k,<250,5.75,58.8,unfit
38,North,Walking,87,4940,187,<5k,<250,7.54,84.9,unfit
28,South,Gym,45,4676,259,<5k,250-400,6.49,86.0,unfit
22,South,Cycling,94,18714,788,>14k,>700,7.57,70.3,fit
30,East,Gym,80,12843,645,11k-14k,550-700,7.59,74.1,fit
63,South,Cycling,102,8657,419,8k-11k,400-550,9.33,84.8,moderately_fit
29,South,Running,104,18580,1095,>14k,>700,6.83,88.3,fit
55,West,Cycling,90,12613,509,11k-14k,400-550,8.37,65.6,moderately_fit
24,South,Cycling,82,13011,612,11k-14k,550-700,7.03,71.9,fit
20,South,Sports,77,11964,659,11k-14k,550-700,8.44,64.6,moderately_fit
33,East,Gym,91,11685,535,11k-14k,400-550,6.65,87.4,moderately_fit
46,East,Gym,68,10404,531,8k-11k,400-550,7.63,80.1,moderately_fit
57,South,Walking,77,7502,255,5k-8k,250-400,9.06,69.5,moderately_fit
60,East,Gym,86,6356,260,5k-8k,250-400,5.71,87.4,unfit
33,South,Running,98,14636,836,>14k,>700,8.27,71.0,fit
36,South,Sports,104,12123,610,11k-14k,550-700,8.44,81.2,fit
20,North,Cycling,91,10888,449,8k-11k,400-550,6.76,46.0,moderately_fit
26,East,Gym,80,10391,378,8k-11k,250-400,8.56,73.5,moderately_fit
36,North,Cycling,86,13691,780,11k-14k,>700,6.02,67.3,fit
50,North,Walking,71,9344,352,8k-11k,250-400,7.34,100.0,moderately_fit
55,West,Walking,110,7025,200,5k-8k,<250,6.87,58.4,moderately_fit
43,North,Cycling,88,9584,442,8k-11k,400-550,8.1,76.7,moderately_fit
30,North,Sports,86,14096,574,>14k,550-700,7.07,71.1,moderately_fit
50,North,Walking,68,4549,166,<5k,<250,7.49,69.2,unfit
30,North,Cycling,84,10097,413,8k-11k,400-550,8.28,68.1,moderately_fit
30,South,Sports,95,15147,765,>14k,>700,5.34,70.5,fit
25,North,Gym,80,14212,749,>14k,>700,6.58,55.4,fit
60,North,Walking,70,8039,230,8k-11k,<250,6.57,76.5,moderately_fit
58,North,Cycling,98,8596,436,8k-11k,400-550,6.96,73.0,moderately_fit
29,North,Cycling,89,5645,283,5k-8k,250-400,7.73,74.5,unfit
21,North,Gym,77,11759,597,11k-14k,550-700,5.12,72.5,moderately_fit
56,South,Walking,68,7020,331,5k-8k,250-400,6.21,80.4,moderately_fit
18,North,Running,93,16657,1065,>14k,>700,7.53,54.5,fit
23,North,Cycling,73,8014,321,8k-11k,250-400,7.41,69.5,moderately_fit
48,West,Running,103,11008,583,11k-14k,550-700,6.22,74.2,moderately_fit
45,West,Gym,88,12863,672,11k-14k,550-700,9.04,74.8,fit
36,North,Cycling,74,8000,395,5k-8k,250-400,6.3,69.1,moderately_fit
50,North,Gym,90,9312,444,8k-11k,400-550,7.2,60.0,moderately_fit
38,South,Sports,98,9626,425,8k-11k,400-550,6.71,67.1,moderately_fit
42,East,Sports,113,12188,678,11k-14k,550-700,8.12,78.8,fit
31,West,Cycling,50,10462,442,8k-11k,400-550,8.64,53.1,moderately_fit
25,South,Sports,79,15409,698,>14k,550-700,7.56,67.3,fit
26,South,Sports,78,12409,586,11k-14k,550-700,7.74,83.5,moderately_fit
60,West,Gym,93,9686,462,8k-11k,400-550,6.51,79.6,moderately_fit
63,South,Cycling,92,13678,691,11k-14k,550-700,6.53,80.3,fit
22,North,Running,99,17558,802,>14k,>700,4.99,66.6,fit
29,South,Running,95,15629,844,>14k,>700,6.49,70.9,fit
74,North,Walking,79,7327,209,5k-8k,<250,5.63,69.5,moderately_fit
38,North,Gym,84,10073,529,8k-11k,400-550,7.39,64.5,moderately_fit
38,East,Gym,73,7146,434,5k-8k,400-550,5.74,63.1,moderately_fit
25,North,Gym,78,7418,311,5k-8k,250-400,6.29,81.2,moderately_fit
55,North,Walking,130,7406,267,5k-8k,250-400,7.54,62.8,moderately_fit
63,West,Sports,108,7536,344,5k-8k,250-400,6.18,79.0,moderately_fit
30,South,Running,86,11632,480,11k-14k,400-550,6.19,74.7,moderately_fit
33,North,Gym,97,8523,368,8k-11k,250-400,8.78,60.3,moderately_fit
30,North,Running,100,8621,591,8k-11k,550-700,9.22,73.8,moderately_fit
21,North,Gym,86,8165,347,8k-11k,250-400,6.86,59.9,moderately_fit
37,North,Cycling,96,8641,457,8k-11k,400-550,8.03,73.5,moderately_fit
36,East,Gym,75,14954,593,>14k,550-700,7.63,79.9,moderately_fit
65,North,Walking,81,6995,292,5k-8k,250-400,7.15,65.1,unfit
24,South,Cycling,87,10466,517,8k-11k,400-550,6.77,80.3,moderately_fit
55,North,Gym,87,5616,278,5k-8k,250-400,7.25,77.2,unfit
34,West,Sports,89,5518,252,5k-8k,250-400,7.44,74.4,unfit
26,South,Running,104,9806,445,8k-11k,400-550,7.78,74.7,moderately_fit
49,West,Gym,85,3783,181,<5k,<250,7.13,63.2,unfit
28,South,Running,99,11069,549,11k-14k,400-550,7.61,67.8,moderately_fit
31,East,Walking,71,7285,286,5k-8k,250-400,5.99,56.6,moderately_fit
31,West,Gym,88,8663,355,8k-11k,250-400,6.36,67.7,moderately_fit
33,East,Gym,75,6767,320,5k-8k,250-400,7.91,60.2,unfit
20,North,Cycling,85,11712,596,11k-14k,550-700,7.12,67.7,moderately_fit
21,North,Cycling,120,8177,355,8k-11k,250-400,6.6,65.5,moderately_fit
31,North,Gym,86,10243,403,8k-11k,400-550,9.37,68.9,moderately_fit
48,North,Gym,82,9909,464,8k-11k,400-550,9.19,76.7,moderately_fit
27,East,Sports,84,13452,634,11k-14k,550-700,6.0,74.2,fit
25,South,Gym,79,12268,492,11k-14k,400-550,6.76,78.3,moderately_fit
55,South,Gym,84,3739,158,<5k,<250,8.46,65.6,unfit
70,North,Gym,79,6632,279,5k-8k,250-400,6.15,66.0,unfit
23,North,Cycling,88,9218,411,8k-11k,400-550,6.39,65.7,moderately_fit
36,North,Gym,71,5920,236,5k-8k,<250,7.16,92.6,unfit
24,South,Sports,97,8943,377,8k-11k,250-400,7.87,76.0,moderately_fit
18,East,Running,87,22435,1014,>14k,>700,6.3,81.9,fit
23,North,Gym,81,11944,623,11k-14k,550-700,7.86,56.4,moderately_fit
74,East,Walking,74,8258,340,8k-11k,250-400,8.06,61.2,moderately_fit
61,South,Walking,64,6412,185,5k-8k,<250,5.67,91.7,unfit
69,West,Walking,66,3624,103,<5k,<250,5.99,93.0,unfit
29,North,Sports,88,13726,643,11k-14k,550-700,7.87,82.1,fit
33,South,Gym,110,14856,735,>14k,>700,6.41,74.5,fit
48,North,Sports,100,11711,679,11k-14k,550-700,5.01,72.2,moderately_fit
25,North,Running,101,13962,697,11k-14k,550-700,7.13,74.2,fit
42,South,Gym,75,9078,432,8k-11k,400-550,6.7,72.1,moderately_fit
32,East,Gym,78,11855,453,11k-14k,400-550,5.99,76.2,moderately_fit
63,North,Gym,67,6959,335,5k-8k,250-400,7.95,81.7,unfit
30,North,Cycling,100,10748,521,8k-11k,400-550,7.0,78.6,moderately_fit
29,East,Cycling,67,9425,482,8k-11k,400-550,8.3,59.7,moderately_fit
31,South,Cycling,86,11846,553,11k-14k,550-700,5.13,80.2,moderately_fit
45,South,Running,109,8492,389,8k-11k,250-400,4.93,63.6,moderately_fit
60,East,Walking,69,4990,167,<5k,<250,7.27,97.0,unfit
50,South,Sports,86,9905,416,8k-11k,400-550,5.66,72.4,moderately_fit
18,East,Sports,96,10350,461,8k-11k,400-550,5.98,60.0,moderately_fit
22,East,Gym,81,9676,355,8k-11k,250-400,5.93,79.0,moderately_fit
49,East,Walking,87,8253,275,8k-11k,250-400,8.32,79.7,moderately_fit
27,East,Cycling,78,14906,638,>14k,550-700,7.89,54.4,fit
34,North,Cycling,80,10128,588,8k-11k,550-700,5.36,68.1,moderately_fit
46,North,Running,104,10834,635,8k-11k,550-700,6.93,72.3,moderately_fit
63,West,Gym,76,6347,345,5k-8k,250-400,6.9,67.6,unfit
25,North,Cycling,79,13004,489,11k-14k,400-550,5.89,67.1,moderately_fit
52,South,Walking,65,4938,176,<5k,<250,6.14,59.3,unfit
51,East,Gym,95,6236,293,5k-8k,250-400,6.06,79.4,unfit
52,South,Walking,66,6728,248,5k-8k,<250,8.01,72.1,unfit
54,South,Walking,76,7117,206,5k-8k,<250,6.33,67.1,moderately_fit
25,North,Sports,75,12895,604,11k-14k,550-700,5.58,57.5,fit
58,South,Gym,84,7643,365,5k-8k,250-400,7.16,77.3,moderately_fit
63,North,Cycling,84,7188,336,5k-8k,250-400,7.63,77.6,moderately_fit
30,West,Running,106,13861,547,11k-14k,400-550,6.55,71.8,moderately_fit
28,East,Cycling,95,5241,232,5k-8k,<250,7.72,60.2,unfit
23,East,Running,99,19149,1035,>14k,>700,7.35,57.4,fit
24,South,Walking,75,8002,247,8k-11k,<250,5.93,73.9,moderately_fit
28,North,Cycling,77,16459,840,>14k,>700,6.91,78.8,fit
18,North,Gym,87,13221,480,11k-14k,400-550,6.89,90.0,moderately_fit
42,North,Running,89,10154,676,8k-11k,550-700,4.26,84.5,moderately_fit
27,South,Running,106,13007,804,11k-14k,>700,7.13,86.3,fit
30,South,Walking,74,5155,167,5k-8k,<250,7.43,61.0,unfit
63,South,Walking,86,4260,163,<5k,<250,6.14,82.6,unfit
46,South,Cycling,82,5850,224,5k-8k,<250,8.19,72.5,unfit
29,West,Gym,69,6957,318,5k-8k,250-400,5.68,80.7,unfit
50,North,Gym,80,5278,232,5k-8k,<250,5.38,70.7,unfit
39,South,Running,97,15544,816,>14k,>700,5.82,92.5,fit
54,North,Walking,70,2838,108,<5k,<250,6.69,75.2,unfit
30,South,Cycling,68,16604,795,>14k,>700,7.61,80.9,fit
52,North,Cycling,91,8475,413,8k-11k,400-550,5.91,63.6,moderately_fit
23,South,Gym,75,13034,689,11k-14k,550-700,7.15,73.5,fit
53,North,Gym,80,5256,218,5k-8k,<250,6.7,63.0,unfit
63,North,Walking,77,7156,226,5k-8k,<250,6.15,81.5,moderately_fit
37,East,Running,120,8694,402,8k-11k,400-550,6.76,68.4,moderately_fit
44,North,Running,102,7977,395,5k-8k,250-400,7.46,87.3,moderately_fit
23,South,Gym,74,12402,601,11k-14k,550-700,4.77,89.8,fit
23,South,Gym,68,9361,459,8k-11k,400-550,5.01,60.9,moderately_fit
27,South,Running,103,13505,645,11k-14k,550-700,7.08,69.3,fit
22,East,Gym,83,7225,295,5k-8k,250-400,7.7,65.1,moderately_fit
68,South,Walking,88,3590,121,<5k,<250,6.74,80.8,unfit
18,North,Sports,91,9009,359,8k-11k,250-400,8.04,54.3,moderately_fit
22,North,Gym,93,8425,328,8k-11k,250-400,7.57,53.9,moderately_fit
26,East,Running,99,14968,695,>14k,550-700,4.93,78.7,fit
60,South,Walking,90,5918,176,5k-8k,<250,5.53,65.9,unfit
32,West,Sports,108,12011,683,11k-14k,550-700,9.19,65.8,fit
53,South,Walking,76,2027,100,<5k,<250,6.02,68.1,unfit
59,East,Walking,110,6206,242,5k-8k,<250,7.89,68.4,unfit
55,West,Gym,91,6736,291,5k-8k,250-400,4.64,67.5,unfit
33,East,Sports,110,9735,433,8k-11k,400-550,6.02,64.4,moderately_fit
49,South,Cycling,88,6432,299,5k-8k,250-400,7.02,71.3,unfit
26,South,Gym,50,11126,445,11k-14k,400-550,7.66,78.8,moderately_fit
28,South,Cycling,106,5884,243,5k-8k,<250,5.77,77.0,unfit
28,South,Cycling,90,8116,345,8k-11k,250-400,7.15,55.1,moderately_fit
31,North,Sports,96,12241,495,11k-14k,400-550,7.12,84.5,moderately_fit
59,East,Sports,102,8161,469,8k-11k,400-550,7.97,76.7,moderately_fit
21,North,Running,89,15834,763,>14k,>700,7.16,81.2,fit
30,North,Cycling,81,11280,606,11k-14k,550-700,6.12,64.8,moderately_fit
36,South,Running,50,11162,552,11k-14k,550-700,7.3,96.2,moderately_fit
34,North,Running,110,8321,426,8k-11k,400-550,8.76,69.0,moderately_fit
25,East,Gym,92,11416,529,11k-14k,400-550,6.15,64.6,moderately_fit
31,West,Walking,85,6960,226,5k-8k,<250,6.45,73.8,unfit
27,West,Walking,69,4889,151,<5k,<250,5.54,83.8,unfit
36,East,Sports,87,6191,337,5k-8k,250-400,8.56,76.9,unfit
57,South,Walking,67,6585,319,5k-8k,250-400,5.82,70.5,unfit
49,South,Walking,71,5075,214,5k-8k,<250,7.52,60.3,unfit
45,South,Gym,79,5335,202,5k-8k,<250,7.5,69.3,unfit
31,North,Running,112,17234,955,>14k,>700,5.31,66.4,fit
28,North,Sports,108,7445,405,5k-8k,400-550,7.79,82.7,moderately_fit
26,East,Running,110,13450,708,11k-14k,>700,6.64,63.5,fit
28,North,Gym,83,11145,509,11k-14k,400-550,6.93,91.5,moderately_fit
31,North,Sports,94,13094,736,11k-14k,>700,6.2,70.7,fit
25,East,Walking,74,5019,193,5k-8k,<250,9.34,72.5,unfit
26,North,Sports,106,15599,898,>14k,>700,7.58,73.7,fit
41,North,Walking,59,9613,372,8k-11k,250-400,7.47,76.6,moderately_fit
24,North,Cycling,72,14081,452,>14k,400-550,6.82,47.9,moderately_fit
27,East,Walking,56,5786,219,5k-8k,<250,6.36,69.0,unfit
29,South,Sports,100,11483,575,11k-14k,550-700,5.28,70.8,moderately_fit
21,East,Gym,75,12945,552,11k-14k,550-700,7.32,82.8,moderately_fit
49,North,Walking,67,7234,264,5k-8k,250-400,5.18,88.8,moderately_fit
27,East,Cycling,89,9684,433,8k-11k,400-550,6.58,70.1,moderately_fit
23,South,Gym,85,9134,350,8k-11k,250-400,6.27,72.8,moderately_fit
64,South,Cycling,94,4508,209,<5k,<250,5.51,81.4,unfit
32,South,Cycling,71,13753,507,11k-14k,400-550,6.72,75.7,moderately_fit
29,South,Running,110,13594,647,11k-14k,550-700,8.11,82.9,fit
23,South,Gym,79,14024,723,>14k,>700,5.6,68.9,fit
34,East,Sports,90,7048,282,5k-8k,250-400,7.61,71.4,moderately_fit
52,North,Cycling,87,6851,390,5k-8k,250-400,7.19,77.7,moderately_fit
33,South,Running,108,13341,618,11k-14k,550-700,7.19,77.8,fit
60,South,Walking,77,10282,344,8k-11k,250-400,4.42,70.9,moderately_fit
56,South,Walking,65,6128,256,5k-8k,250-400,5.8,76.8,unfit
28,South,Gym,87,7433,377,5k-8k,250-400,8.73,66.7,moderately_fit
56,West,Gym,89,7511,319,5k-8k,250-400,6.26,80.3,moderately_fit
47,East,Sports,94,8797,447,8k-11k,400-550,7.66,69.9,moderately_fit
21,South,Cycling,84,14125,566,>14k,550-700,6.63,78.9,moderately_fit
29,East,Cycling,69,13273,685,11k-14k,550-700,5.85,61.1,fit
44,North,Running,105,17230,907,>14k,>700,6.63,71.4,fit
25,East,Gym,87,5427,248,5k-8k,<250,8.33,59.6,unfit
54,South,Cycling,81,4607,203,<5k,<250,8.35,75.3,unfit
24,North,Cycling,81,10937,622,8k-11k,550-700,5.8,78.0,moderately_fit
61,North,Running,104,13147,557,11k-14k,550-700,6.64,75.7,moderately_fit
19,North,Walking,67,9995,414,8k-11k,400-550,5.24,61.6,moderately_fit
46,North,Running,106,12920,721,11k-14k,>700,6.77,56.1,fit
31,North,Gym,81,11168,640,11k-14k,550-700,7.58,51.2,moderately_fit
27,North,Gym,81,13187,619,11k-14k,550-700,7.2,65.0,fit
25,East,Running,101,11936,543,11k-14k,400-550,8.56,75.2,moderately_fit
28,North,Gym,85,13001,588,11k-14k,550-700,9.42,55.5,moderately_fit
30,South,Sports,106,15703,653,>14k,550-700,7.45,69.8,fit
51,East,Walking,59,5136,154,5k-8k,<250,7.41,64.0,unfit
20,North,Running,87,11952,649,11k-14k,550-700,9.34,68.3,moderately_fit
26,East,Cycling,80,13254,552,11k-14k,550-700,6.23,74.7,moderately_fit
37,East,Running,104,19071,1143,>14k,>700,8.67,58.4,fit
25,North,Cycling,88,9328,439,8k-11k,400-550,6.63,63.0,moderately_fit
48,North,Cycling,92,14400,725,>14k,>700,7.83,71.1,fit
27,North,Sports,90,9818,601,8k-11k,550-700,6.4,82.7,moderately_fit
54,North,Walking,72,5640,182,5k-8k,<250,8.0,81.1,unfit
61,North,Walking,80,3447,118,<5k,<250,6.93,82.6,unfit
27,North,Running,109,15392,774,>14k,>700,7.2,75.6,fit
26,North,Cycling,77,11699,595,11k-14k,550-700,7.17,76.1,moderately_fit
57,South,Gym,93,7524,289,5k-8k,250-400,9.78,61.4,moderately_fit
28,North,Gym,74,7764,411,5k-8k,400-550,6.94,45.0,moderately_fit
37,East,Walking,69,6132,269,5k-8k,250-400,4.85,59.2,unfit
23,North,Gym,80,9500,472,8k-11k,400-550,6.49,64.6,moderately_fit
30,East,Cycling,97,10387,466,8k-11k,400-550,8.22,76.2,moderately_fit
29,North,Gym,79,9159,562,8k-11k,550-700,8.87,72.4,moderately_fit
27,East,Gym,63,5658,267,5k-8k,250-400,7.7,61.4,unfit
55,North,Walking,54,1724,100,<5k,<250,4.94,79.0,unfit
48,South,Cycling,80,10467,625,8k-11k,550-700,6.48,52.8,moderately_fit
28,North,Cycling,50,12148,593,11k-14k,550-700,6.77,75.3,moderately_fit
26,South,Running,93,14903,814,>14k,>700,7.59,65.3,fit
33,North,Walking,68,8255,366,8k-11k,250-400,6.53,93.4,moderately_fit
31,South,Gym,88,8001,353,8k-11k,250-400,7.95,62.5,moderately_fit
26,North,Running,92,13144,673,11k-14k,550-700,6.57,55.0,fit
26,South,Running,107,12765,721,11k-14k,>700,7.23,83.6,fit
25,North,Running,103,8869,434,8k-11k,400-550,6.65,57.0,moderately_fit
31,North,Sports,93,13310,745,11k-14k,>700,7.48,71.7,fit
61,South,Sports,92,11236,617,11k-14k,550-700,6.41,77.3,moderately_fit
29,West,Gym,120,11596,472,11k-14k,400-550,7.39,78.8,moderately_fit
55,South,Walking,69,5405,163,5k-8k,<250,7.18,69.6,unfit
26,East,Gym,91,7672,395,5k-8k,250-400,7.54,68.6,moderately_fit
41,South,Running,99,11288,581,11k-14k,550-700,6.85,80.3,moderately_fit
52,South,Gym,85,6444,251,5k-8k,250-400,8.35,60.5,unfit
41,North,Cycling,88,5151,254,5k-8k,250-400,7.4,80.0,unfit
29,North,Gym,79,10009,389,8k-11k,250-400,8.03,78.5,moderately_fit
64,West,Cycling,94,10429,509,8k-11k,400-550,9.24,83.7,moderately_fit
27,South,Running,110,14749,537,>14k,400-550,8.98,73.7,moderately_fit
32,South,Sports,98,11843,775,11k-14k,>700,6.84,64.9,moderately_fit
23,South,Running,83,12618,714,11k-14k,>700,8.52,63.3,fit
24,South,Cycling,83,13425,690,11k-14k,550-700,9.58,71.8,fit
35,South,Gym,120,8647,351,8k-11k,250-400,9.02,72.0,moderately_fit
38,South,Cycling,80,7353,370,5k-8k,250-400,6.02,67.6,moderately_fit
29,North,Gym,73,12574,643,11k-14k,550-700,6.56,80.2,fit
27,South,Running,87,16040,833,>14k,>700,8.28,78.5,fit
55,South,Walking,91,9336,328,8k-11k,250-400,7.66,86.8,moderately_fit
53,West,Walking,72,8458,301,8k-11k,250-400,7.13,99.5,moderately_fit
63,South,Walking,60,4353,147,<5k,<250,6.77,96.2,unfit
29,East,Gym,75,8553,380,8k-11k,250-400,8.58,67.2,moderately_fit
31,North,Gym,86,11662,538,11k-14k,400-550,6.74,70.5,moderately_fit
36,North,Sports,96,8501,551,8k-11k,550-700,7.68,64.8,moderately_fit
45,West,Gym,84,12339,650,11k-14k,550-700,7.18,88.1,fit
26,East,Cycling,97,12178,626,11k-14k,550-700,6.2,68.0,fit
33,North,Gym,110,11069,573,11k-14k,550-700,7.53,70.5,moderately_fit
51,South,Gym,98,8607,380,8k-11k,250-400,6.24,76.5,moderately_fit
49,North,Gym,79,8066,397,8k-11k,250-400,8.31,75.3,moderately_fit
34,East,Gym,76,8207,472,8k-11k,400-550,6.14,60.6,moderately_fit
75,North,Walking,71,4666,137,<5k,<250,5.55,96.4,unfit
24,East,Running,87,6387,412,5k-8k,400-550,7.11,89.6,moderately_fit
34,South,Walking,63,8272,301,8k-11k,250-400,7.78,67.1,moderately_fit
24,North,Sports,95,17926,922,>14k,>700,6.92,85.3,fit
38,West,Running,113,10512,490,8k-11k,400-550,7.28,69.3,moderately_fit
45,West,Cycling,81,6169,313,5k-8k,250-400,7.77,89.2,unfit
61,North,Sports,104,13195,588,11k-14k,550-700,6.86,90.1,moderately_fit
65,East,Running,99,11432,561,11k-14k,550-700,4.63,70.3,moderately_fit
30,East,Sports,95,14221,687,>14k,550-700,7.14,75.3,fit
53,East,Walking,76,7139,240,5k-8k,<250,6.3,85.4,moderately_fit
58,West,Cycling,110,6481,275,5k-8k,250-400,6.78,94.8,unfit
53,South,Walking,73,7951,228,5k-8k,<250,6.43,95.9,moderately_fit
61,East,Gym,98,5900,314,5k-8k,250-400,6.92,92.9,unfit
32,East,Cycling,45,8815,405,8k-11k,400-550,6.67,72.5,moderately_fit
34,South,Sports,90,13209,611,11k-14k,550-700,7.0,75.8,fit
54,South,Sports,94,10311,480,8k-11k,400-550,7.77,77.5,moderately_fit
25,North,Gym,76,10566,507,8k-11k,400-550,8.29,61.7,moderately_fit
60,East,Walking,69,6514,230,5k-8k,<250,5.93,81.9,unfit
34,East,Cycling,73,12795,760,11k-14k,>700,8.32,69.2,fit
29,South,Cycling,75,14361,828,>14k,>700,7.65,67.9,fit
45,South,Walking,67,6983,251,5k-8k,250-400,5.1,64.0,unfit
28,North,Running,107,18333,941,>14k,>700,7.81,69.5,fit
61,North,Cycling,92,11389,527,11k-14k,400-550,7.52,67.6,moderately_fit
60,South,Cycling,92,10489,492,8k-11k,400-550,7.81,95.3,moderately_fit
31,South,Running,111,11975,542,11k-14k,400-550,6.68,71.5,moderately_fit
29,East,Cycling,90,13569,744,11k-14k,>700,5.89,78.8,fit
42,South,Running,101,13882,756,11k-14k,>700,5.49,59.6,fit
55,West,Sports,97,6437,324,5k-8k,250-400,7.48,76.3,unfit
50,North,Gym,79,4906,199,<5k,<250,7.89,58.5,unfit
52,West,Gym,77,4695,241,<5k,<250,7.57,90.6,unfit
33,North,Sports,86,8717,393,8k-11k,250-400,7.84,72.5,moderately_fit
37,East,Walking,76,4795,149,<5k,<250,8.06,79.9,unfit
58,South,Sports,85,11624,611,11k-14k,550-700,7.66,71.9,moderately_fit
61,South,Running,96,10946,553,8k-11k,550-700,7.12,83.3,moderately_fit
46,North,Sports,92,12780,588,11k-14k,550-700,9.06,93.3,moderately_fit
26,North,Gym,89,6666,326,5k-8k,250-400,6.53,75.5,unfit
39,East,Cycling,88,6465,308,5k-8k,250-400,6.5,71.3,unfit
56,South,Cycling,88,6802,282,5k-8k,250-400,8.46,73.7,unfit
45,West,Cycling,83,11572,520,11k-14k,400-550,5.41,58.5,moderately_fit
24,North,Gym,68,11470,515,11k-14k,400-550,6.04,71.2,moderately_fit
40,West,Gym,96,7965,290,5k-8k,250-400,6.34,75.8,moderately_fit
54,North,Gym,79,8406,272,8k-11k,250-400,5.87,84.3,moderately_fit
23,North,Running,103,12980,675,11k-14k,550-700,7.42,77.4,fit
22,North,Cycling,84,9865,542,8k-11k,400-550,9.14,67.3,moderately_fit
26,West,Gym,93,10460,392,8k-11k,250-400,6.71,79.5,moderately_fit
18,South,Cycling,78,13657,724,11k-14k,>700,5.64,84.6,fit
31,North,Running,100,19071,897,>14k,>700,5.84,89.3,fit
58,North,Walking,75,3869,100,<5k,<250,6.98,73.1,unfit
57,North,Walking,62,3673,160,<5k,<250,6.47,78.5,unfit
57,South,Gym,90,6161,218,5k-8k,<250,7.9,85.8,unfit
26,North,Running,100,16039,856,>14k,>700,7.6,60.0,fit
29,East,Running,107,19923,1041,>14k,>700,6.63,73.1,fit
24,South,Cycling,85,11874,473,11k-14k,400-550,6.16,67.2,moderately_fit
33,West,Gym,75,6844,382,5k-8k,250-400,6.11,80.2,moderately_fit
25,South,Sports,96,9545,382,8k-11k,250-400,7.26,67.3,moderately_fit
28,North,Sports,86,10677,622,8k-11k,550-700,5.57,70.5,moderately_fit
25,West,Walking,77,8085,288,8k-11k,250-400,5.09,64.0,moderately_fit
50,South,Cycling,90,11221,501,11k-14k,400-550,7.05,51.4,moderately_fit
27,South,Running,50,14755,760,>14k,>700,6.87,65.4,fit
52,East,Gym,78,5933,265,5k-8k,250-400,7.46,88.5,unfit
33,North,Running,130,9576,441,8k-11k,400-550,7.07,57.1,moderately_fit
68,South,Cycling,93,9639,483,8k-11k,400-550,6.76,82.5,moderately_fit
51,North,Sports,98,8763,556,8k-11k,550-700,7.6,77.6,moderately_fit
60,North,Gym,99,6030,287,5k-8k,250-400,7.09,71.9,unfit
61,North,Walking,86,3678,118,<5k,<250,6.67,87.5,unfit
33,North,Cycling,91,6914,328,5k-8k,250-400,4.4,70.4,unfit
59,South,Walking,64,9103,331,8k-11k,250-400,6.12,76.2,moderately_fit
32,East,Cycling,90,9233,509,8k-11k,400-550,6.99,87.1,moderately_fit
24,South,Cycling,94,6609,237,5k-8k,<250,7.66,49.4,unfit
27,East,Gym,89,9807,363,8k-11k,250-400,8.46,52.9,moderately_fit
51,South,Walking,75,5943,234,5k-8k,<250,5.51,92.5,unfit
25,East,Running,45,8681,477,8k-11k,400-550,6.54,82.8,moderately_fit
37,West,Gym,87,11585,555,11k-14k,550-700,8.14,84.0,moderately_fit
35,East,Gym,86,10522,359,8k-11k,250-400,6.84,102.1,moderately_fit
24,East,Running,103,16927,533,>14k,400-550,7.58,79.5,moderately_fit
26,North,Sports,94,12976,682,11k-14k,550-700,6.09,74.0,fit
53,South,Cycling,85,5941,262,5k-8k,250-400,6.64,63.4,unfit
18,South,Running,95,14813,637,>14k,550-700,7.06,71.3,fit
53,South,Gym,92,6464,284,5k-8k,250-400,8.8,69.4,unfit
42,South,Gym,75,6774,320,5k-8k,250-400,7.8,73.2,unfit
26,North,Cycling,82,15450,662,>14k,550-700,6.7,45.0,fit
31,North,Cycling,92,8481,414,8k-11k,400-550,7.02,56.0,moderately_fit
29,West,Sports,92,10888,524,8k-11k,400-550,7.21,68.9,moderately_fit
33,East,Sports,84,11794,639,11k-14k,550-700,6.8,75.6,moderately_fit
46,North,Gym,86,9117,521,8k-11k,400-550,6.96,68.2,moderately_fit
28,North,Sports,87,16364,812,>14k,>700,9.11,70.8,fit
27,South,Sports,95,11811,607,11k-14k,550-700,8.26,64.3,moderately_fit
26,South,Running,94,15072,575,>14k,550-700,7.16,61.5,moderately_fit
23,South,Gym,83,6655,276,5k-8k,250-400,8.25,78.2,unfit
23,North,Cycling,99,13038,730,11k-14k,>700,6.11,61.7,fit
26,North,Gym,87,14305,762,>14k,>700,7.89,59.9,fit
46,South,Cycling,97,8691,360,8k-11k,250-400,5.89,98.4,moderately_fit
35,East,Walking,71,8699,293,8k-11k,250-400,4.56,76.7,moderately_fit
33,North,Cycling,87,7273,453,5k-8k,400-550,7.27,75.2,moderately_fit
29,North,Sports,93,11184,600,11k-14k,550-700,7.27,66.3,moderately_fit
56,East,Walking,62,5383,185,5k-8k,<250,7.21,85.1,unfit
49,East,Cycling,84,10400,514,8k-11k,400-550,7.94,76.2,moderately_fit
21,North,Gym,79,9450,287,8k-11k,250-400,8.47,58.9,moderately_fit
18,East,Cycling,76,14823,955,>14k,>700,7.17,86.9,fit
52,West,Running,105,10058,507,8k-11k,400-550,7.29,61.5,moderately_fit
25,West,Gym,91,11360,438,11k-14k,400-550,8.16,76.9,moderately_fit
31,East,Running,98,14184,679,>14k,550-700,6.12,57.1,fit
48,East,Sports,130,7703,337,5k-8k,250-400,7.07,81.5,moderately_fit
55,North,Walking,78,1569,100,<5k,<250,5.78,92.9,unfit
30,East,Cycling,101,11406,546,11k-14k,400-550,6.18,58.1,moderately_fit
33,East,Cycling,101,9088,342,8k-11k,250-400,7.67,87.4,moderately_fit
29,South,Gym,101,9954,457,8k-11k,400-550,6.13,68.3,moderately_fit
25,South,Sports,90,9241,495,8k-11k,400-550,6.67,72.4,moderately_fit
51,East,Gym,91,9133,388,8k-11k,250-400,7.01,53.5,moderately_fit
54,West,Walking,75,9216,334,8k-11k,250-400,6.84,83.1,moderately_fit
29,North,Gym,73,8668,309,8k-11k,250-400,8.25,62.9,moderately_fit
51,North,Gym,88,2809,150,<5k,<250,7.91,73.2,unfit
29,South,Cycling,72,10980,480,8k-11k,400-550,8.01,81.6,moderately_fit
52,North,Gym,84,5952,355,5k-8k,250-400,6.11,72.4,moderately_fit
53,South,Cycling,97,6831,245,5k-8k,<250,9.11,63.0,unfit
32,North,Cycling,72,10356,454,8k-11k,400-550,6.87,86.5,moderately_fit
63,South,Gym,72,9491,360,8k-11k,250-400,6.23,75.5,moderately_fit
28,South,Running,94,12269,604,11k-14k,550-700,6.55,68.6,fit
41,North,Sports,88,12750,646,11k-14k,550-700,5.07,81.3,fit
28,North,Sports,99,11594,587,11k-14k,550-700,7.65,79.7,moderately_fit
55,North,Gym,98,7306,381,5k-8k,250-400,5.21,98.1,moderately_fit
46,South,Cycling,98,12489,559,11k-14k,550-700,5.76,70.3,moderately_fit
39,East,Gym,77,7900,388,5k-8k,250-400,8.76,64.4,moderately_fit
56,South,Walking,62,7505,285,5k-8k,250-400,7.98,80.6,moderately_fit
18,South,Cycling,82,11431,613,11k-14k,550-700,5.99,76.6,moderately_fit
22,South,Running,105,16278,873,>14k,>700,6.29,70.9,fit
55,North,Walking,59,5495,141,5k-8k,<250,7.35,78.2,unfit
51,East,Cycling,92,9787,566,8k-11k,550-700,5.56,79.1,moderately_fit
30,North,Sports,104,12602,649,11k-14k,550-700,6.7,70.4,fit
56,East,Sports,111,11395,574,11k-14k,550-700,6.9,70.8,moderately_fit
56,South,Gym,82,8666,386,8k-11k,250-400,5.56,69.2,moderately_fit
58,South,Gym,89,5222,184,5k-8k,<250,5.9,69.5,unfit
30,East,Gym,45,13750,497,11k-14k,400-550,5.09,76.1,moderately_fit
55,West,Cycling,80,9105,448,8k-11k,400-550,7.63,61.8,moderately_fit
24,West,Sports,100,14768,608,>14k,550-700,6.57,79.9,fit
35,South,Sports,79,5551,344,5k-8k,250-400,5.07,85.5,unfit
33,North,Cycling,77,12808,606,11k-14k,550-700,8.02,78.1,fit
29,West,Walking,60,8943,421,8k-11k,400-550,7.3,55.9,moderately_fit
48,North,Running,99,12701,615,11k-14k,550-700,7.64,65.8,fit
21,East,Running,102,7930,481,5k-8k,400-550,8.68,59.0,moderately_fit
36,East,Sports,79,9634,518,8k-11k,400-550,8.16,59.8,moderately_fit
55,West,Walking,61,3979,157,<5k,<250,6.96,73.9,unfit
49,West,Running,103,15388,675,>14k,550-700,6.54,90.4,fit
47,North,Gym,86,5058,311,5k-8k,250-400,7.96,85.7,unfit
60,South,Running,94,12462,606,11k-14k,550-700,7.07,87.3,fit
28,North,Cycling,110,10475,614,8k-11k,550-700,6.24,48.1,moderately_fit
56,North,Gym,81,10174,408,8k-11k,400-550,7.23,95.2,moderately_fit
47,South,Cycling,92,10252,414,8k-11k,400-550,7.26,91.0,moderately_fit
30,North,Cycling,84,9426,405,8k-11k,400-550,7.46,60.5,moderately_fit
28,East,Gym,81,7397,324,5k-8k,250-400,7.17,53.4,moderately_fit
60,West,Walking,79,4876,189,<5k,<250,5.57,79.7,unfit
18,South,Sports,77,5270,270,5k-8k,250-400,6.26,90.8,unfit
28,North,Gym,73,13759,485,11k-14k,400-550,7.79,76.3,moderately_fit
34,East,Walking,88,9774,308,8k-11k,250-400,6.45,70.0,moderately_fit
55,West,Walking,76,6162,300,5k-8k,250-400,4.92,77.7,unfit
32,East,Gym,64,11415,508,11k-14k,400-550,6.06,80.8,moderately_fit
59,South,Gym,107,7176,314,5k-8k,250-400,5.44,70.4,moderately_fit
29,West,Running,97,15208,771,>14k,>700,7.66,77.5,fit
37,North,Sports,94,13820,544,11k-14k,400-550,7.58,87.8,moderately_fit
23,West,Cycling,87,11003,533,11k-14k,400-550,5.87,60.3,moderately_fit
49,West,Walking,81,7894,299,5k-8k,250-400,5.48,80.1,moderately_fit
21,West,Cycling,80,7268,362,5k-8k,250-400,7.48,82.9,moderately_fit
54,North,Cycling,85,9656,486,8k-11k,400-550,6.6,59.4,moderately_fit
29,West,Cycling,101,11083,538,11k-14k,400-550,5.91,70.1,moderately_fit
27,South,Running,102,13079,714,11k-14k,>700,8.03,63.1,fit
35,South,Gym,77,8349,328,8k-11k,250-400,6.8,63.8,moderately_fit
32,East,Cycling,84,10275,470,8k-11k,400-550,4.94,88.5,moderately_fit
59,North,Cycling,92,11489,578,11k-14k,550-700,6.99,87.6,moderately_fit
33,South,Running,96,13325,730,11k-14k,>700,9.5,85.5,fit
47,East,Gym,95,15119,745,>14k,>700,7.35,86.0,fit
61,East,Running,99,7881,349,5k-8k,250-400,7.38,81.3,moderately_fit
36,East,Walking,71,8149,284,8k-11k,250-400,6.78,79.4,moderately_fit
60,North,Walking,72,7549,200,5k-8k,<250,5.92,90.6,moderately_fit
38,East,Gym,80,7692,414,5k-8k,400-550,6.25,72.9,moderately_fit
22,North,Gym,45,6699,238,5k-8k,<250,5.31,78.5,unfit
50,East,Gym,78,6737,307,5k-8k,250-400,5.83,97.7,unfit
30,North,Gym,81,5897,209,5k-8k,<250,8.24,80.9,unfit
58,East,Walking,78,4219,136,<5k,<250,6.21,75.1,unfit
35,South,Gym,82,9834,396,8k-11k,250-400,7.95,70.8,moderately_fit
32,West,Gym,90,15541,862,>14k,>700,4.81,66.2,fit
25,South,Running,92,19506,992,>14k,>700,7.15,57.2,fit
22,East,Gym,75,8213,310,8k-11k,250-400,9.05,45.0,moderately_fit
25,South,Gym,73,11897,501,11k-14k,400-550,6.88,60.9,moderately_fit
19,East,Running,104,13809,762,11k-14k,>700,7.72,66.2,fit
27,South,Gym,68,7224,302,5k-8k,250-400,6.11,75.0,moderately_fit
57,North,Walking,76,5754,206,5k-8k,<250,6.08,83.0,unfit
48,South,Cycling,84,4129,186,<5k,<250,6.9,74.5,unfit
69,East,Gym,89,2398,100,<5k,<250,6.59,76.3,unfit
46,North,Sports,110,12856,518,11k-14k,400-550,6.45,90.3,moderately_fit
34,North,Running,98,17491,908,>14k,>700,7.6,64.1,fit
25,South,Sports,92,6168,247,5k-8k,<250,5.15,96.3,unfit
26,East,Gym,65,13110,514,11k-14k,400-550,8.89,61.9,moderately_fit
28,North,Running,99,17475,1207,>14k,>700,6.91,68.9,fit
35,West,Running,103,12254,670,11k-14k,550-700,6.15,68.2,fit
26,West,Sports,45,13444,682,11k-14k,550-700,6.68,63.4,fit
23,North,Running,105,19951,1222,>14k,>700,6.22,57.7,fit
34,North,Sports,92,14678,757,>14k,>700,6.23,66.0,fit
29,East,Running,95,15382,862,>14k,>700,7.06,90.7,fit
35,West,Cycling,73,9055,480,8k-11k,400-550,8.07,88.0,moderately_fit
62,East,Cycling,50,7454,391,5k-8k,250-400,8.42,80.1,moderately_fit
31,South,Sports,87,13621,707,11k-14k,>700,7.67,68.6,fit
30,North,Cycling,92,12394,672,11k-14k,550-700,6.31,96.7,fit
28,South,Gym,91,12238,517,11k-14k,400-550,6.91,55.3,moderately_fit
26,South,Gym,110,5854,244,5k-8k,<250,5.96,67.7,unfit
33,North,Gym,82,10112,331,8k-11k,250-400,7.11,47.7,moderately_fit
27,South,Gym,95,11198,529,11k-14k,400-550,7.48,88.9,moderately_fit
64,North,Walking,77,5062,214,5k-8k,<250,7.56,87.9,unfit
57,South,Gym,82,13355,562,11k-14k,550-700,7.22,81.5,moderately_fit
61,North,Cycling,104,6398,297,5k-8k,250-400,6.82,73.0,unfit
50,North,Walking,62,6180,206,5k-8k,<250,6.76,93.2,unfit
26,West,Running,95,16392,975,>14k,>700,6.85,76.7,fit
51,North,Walking,76,7966,254,5k-8k,250-400,6.19,76.2,moderately_fit
50,South,Cycling,76,8826,449,8k-11k,400-550,7.99,96.1,moderately_fit
30,North,Gym,80,8582,401,8k-11k,400-550,7.44,83.7,moderately_fit
27,North,Running,102,16196,606,>14k,550-700,7.11,60.7,fit
31,South,Sports,94,13034,567,11k-14k,550-700,6.99,80.1,moderately_fit
21,North,Gym,77,10030,356,8k-11k,250-400,6.4,57.8,moderately_fit
65,North,Cycling,80,3590,154,<5k,<250,8.52,93.5,unfit
19,West,Cycling,97,12289,551,11k-14k,550-700,8.28,87.5,moderately_fit
25,North,Gym,85,13571,510,11k-14k,400-550,8.15,53.9,moderately_fit
53,North,Sports,96,11440,611,11k-14k,550-700,7.05,79.5,moderately_fit
24,East,Cycling,81,9580,399,8k-11k,250-400,7.53,66.4,moderately_fit
57,North,Walking,80,3002,100,<5k,<250,6.86,65.4,unfit
43,East,Gym,72,10730,481,8k-11k,400-550,7.47,90.5,moderately_fit
29,North,Running,116,12520,765,11k-14k,>700,6.25,62.5,fit
29,North,Cycling,81,14458,636,>14k,550-700,9.1,63.1,fit
30,South,Gym,88,12480,509,11k-14k,400-550,4.61,65.4,moderately_fit
30,West,Cycling,96,10668,397,8k-11k,250-400,6.03,57.0,moderately_fit
37,North,Gym,83,9545,389,8k-11k,250-400,5.38,79.1,moderately_fit
26,South,Cycling,88,12484,511,11k-14k,400-550,7.03,63.4,moderately_fit
35,North,Cycling,86,7639,403,5k-8k,400-550,7.43,74.3,moderately_fit
53,North,Gym,92,11932,491,11k-14k,400-550,7.01,73.1,moderately_fit
23,West,Running,96,15997,875,>14k,>700,5.49,82.0,fit
55,North,Cycling,94,9422,340,8k-11k,250-400,7.87,85.8,moderately_fit
49,West,Gym,84,10399,513,8k-11k,400-550,6.68,77.1,moderately_fit
43,North,Cycling,100,10762,698,8k-11k,550-700,7.26,69.1,moderately_fit
29,West,Gym,92,6547,259,5k-8k,250-400,9.3,63.0,unfit
52,South,Cycling,84,7266,379,5k-8k,250-400,6.94,64.6,moderately_fit
50,West,Cycling,97,4075,212,<5k,<250,7.26,71.7,unfit
25,North,Running,104,14498,935,>14k,>700,6.48,53.8,fit
49,East,Cycling,88,10901,520,8k-11k,400-550,8.41,72.5,moderately_fit
44,East,Running,111,11837,663,11k-14k,550-700,8.44,81.6,moderately_fit
52,South,Sports,100,7164,328,5k-8k,250-400,7.57,72.4,moderately_fit
53,East,Walking,70,5143,165,5k-8k,<250,6.21,60.6,unfit
27,East,Gym,72,8477,301,8k-11k,250-400,6.9,69.1,moderately_fit
30,West,Cycling,79,13208,417,11k-14k,400-550,9.25,77.9,moderately_fit
48,South,Cycling,83,13179,730,11k-14k,>700,7.84,82.9,fit
59,South,Gym,82,1000,100,<5k,<250,5.83,63.3,unfit
25,West,Sports,70,12196,802,11k-14k,>700,7.54,79.6,fit
23,North,Running,103,12687,777,11k-14k,>700,7.28,78.0,fit
51,South,Sports,94,9488,433,8k-11k,400-550,7.33,72.4,moderately_fit
57,West,Gym,72,9505,484,8k-11k,400-550,6.85,84.1,moderately_fit
55,South,Walking,71,5027,160,5k-8k,<250,6.77,64.4,unfit
32,North,Running,117,15653,849,>14k,>700,7.28,46.3,fit
27,South,Sports,87,17198,769,>14k,>700,6.89,64.0,fit
60,West,Walking,62,4859,169,<5k,<250,6.82,77.2,unfit
43,West,Sports,99,10290,427,8k-11k,400-550,7.3,75.5,moderately_fit
59,West,Cycling,72,8121,371,8k-11k,250-400,8.77,49.1,moderately_fit
28,East,Running,105,21160,1201,>14k,>700,7.13,71.0,fit
45,South,Running,106,10799,495,8k-11k,400-550,6.03,70.9,moderately_fit
53,North,Gym,86,11341,508,11k-14k,400-550,7.74,92.5,moderately_fit
56,North,Running,97,11092,549,11k-14k,400-550,8.24,80.2,moderately_fit
62,North,Walking,74,5993,208,5k-8k,<250,4.77,82.1,unfit
18,North,Sports,84,15070,866,>14k,>700,7.37,74.8,fit
38,West,Running,95,11881,779,11k-14k,>700,7.05,91.2,moderately_fit
51,East,Sports,111,12596,609,11k-14k,550-700,7.73,81.4,fit
55,South,Gym,130,6841,262,5k-8k,250-400,7.49,90.6,unfit
30,West,Running,108,10594,541,8k-11k,400-550,7.76,55.0,moderately_fit
26,West,Running,104,17250,836,>14k,>700,8.15,89.3,fit
27,East,Cycling,81,12805,607,11k-14k,550-700,7.75,65.6,fit
56,South,Walking,64,4801,157,<5k,<250,8.02,70.2,unfit
20,North,Sports,90,15708,817,>14k,>700,7.11,73.5,fit
27,South,Running,102,11146,510,11k-14k,400-550,7.24,69.6,moderately_fit
61,North,Sports,80,10330,485,8k-11k,400-550,6.73,76.1,moderately_fit
30,South,Sports,91,7728,400,5k-8k,250-400,6.7,78.1,moderately_fit
61,West,Cycling,100,7586,348,5k-8k,250-400,7.13,71.6,moderately_fit
53,North,Gym,85,5561,254,5k-8k,250-400,7.99,80.8,unfit
56,North,Gym,70,4318,216,<5k,<250,6.88,59.8,unfit
59,South,Cycling,83,8781,479,8k-11k,400-550,7.41,83.7,moderately_fit
31,South,Running,86,14696,772,>14k,>700,8.67,76.3,fit
64,North,Cycling,90,9856,557,8k-11k,550-700,8.18,74.3,moderately_fit
54,North,Cycling,93,9124,502,8k-11k,400-550,6.32,66.2,moderately_fit
23,West,Running,109,15792,658,>14k,550-700,5.89,62.5,fit
48,North,Running,103,8630,416,8k-11k,400-550,5.16,69.3,moderately_fit
27,East,Gym,88,7199,462,5k-8k,400-550,7.95,63.9,moderately_fit
34,South,Gym,82,8888,290,8k-11k,250-400,3.95,73.0,moderately_fit
24,South,Sports,83,10289,413,8k-11k,400-550,6.61,73.8,moderately_fit
53,North,Cycling,92,9213,510,8k-11k,400-550,6.6,80.4,moderately_fit
24,East,Walking,72,6379,270,5k-8k,250-400,6.74,63.0,unfit
39,West,Sports,85,10783,535,8k-11k,400-550,6.82,78.0,moderately_fit
28,North,Walking,120,4137,157,<5k,<250,4.76,55.6,unfit
23,North,Running,101,9363,456,8k-11k,400-550,7.76,50.4,moderately_fit
27,North,Gym,85,7607,384,5k-8k,250-400,7.59,79.7,moderately_fit
24,East,Sports,91,9163,482,8k-11k,400-550,7.02,55.7,moderately_fit
31,South,Sports,75,5312,305,5k-8k,250-400,6.04,53.1,unfit
29,North,Running,93,15347,857,>14k,>700,7.69,53.7,fit
61,North,Walking,52,7649,297,5k-8k,250-400,6.35,81.7,moderately_fit
28,South,Running,115,16625,922,>14k,>700,7.23,73.8,fit
23,West,Cycling,78,11239,548,11k-14k,400-550,7.27,74.8,moderately_fit
28,East,Gym,86,8921,445,8k-11k,400-550,5.38,74.5,moderately_fit
55,North,Gym,82,7781,360,5k-8k,250-400,4.94,70.7,moderately_fit
28,North,Cycling,75,9563,478,8k-11k,400-550,6.71,65.9,moderately_fit
27,South,Gym,76,4793,214,<5k,<250,8.16,53.5,unfit
61,North,Walking,79,8081,351,8k-11k,250-400,5.42,85.7,moderately_fit
51,East,Gym,80,7835,306,5k-8k,250-400,8.17,79.1,moderately_fit
23,South,Cycling,110,11482,561,11k-14k,550-700,7.81,60.8,moderately_fit
49,North,Sports,99,9521,600,8k-11k,550-700,9.55,91.7,moderately_fit
28,South,Walking,74,8653,351,8k-11k,250-400,6.77,56.4,moderately_fit
52,East,Gym,77,7438,390,5k-8k,250-400,6.45,79.7,moderately_fit
31,South,Running,100,12231,591,11k-14k,550-700,6.07,50.7,moderately_fit
21,East,Gym,74,8960,329,8k-11k,250-400,7.55,58.7,moderately_fit
25,South,Running,102,14494,719,>14k,>700,6.92,52.8,fit
25,East,Gym,73,6651,266,5k-8k,250-400,6.34,79.3,unfit
51,East,Walking,70,9068,377,8k-11k,250-400,5.98,100.1,moderately_fit
51,North,Cycling,63,7842,345,5k-8k,250-400,6.54,65.3,moderately_fit
73,North,Gym,86,4345,179,<5k,<250,6.22,72.8,unfit
49,West,Sports,93,9368,533,8k-11k,400-550,6.55,100.3,moderately_fit
51,West,Walking,75,8058,374,8k-11k,250-400,8.5,68.8,moderately_fit
58,East,Gym,45,6662,276,5k-8k,250-400,6.45,93.2,unfit
27,East,Gym,69,12310,451,11k-14k,400-550,7.26,79.4,moderately_fit
54,North,Walking,60,5420,169,5k-8k,<250,6.21,84.3,unfit
25,South,Sports,81,8841,444,8k-11k,400-550,6.01,90.3,moderately_fit
59,West,Cycling,98,6632,335,5k-8k,250-400,7.75,84.9,unfit
29,West,Gym,76,7551,301,5k-8k,250-400,7.45,56.5,moderately_fit
64,North,Cycling,90,9941,454,8k-11k,400-550,6.88,70.0,moderately_fit
18,North,Sports,83,11854,717,11k-14k,>700,7.86,59.7,moderately_fit
53,South,Walking,59,3772,128,<5k,<250,6.29,68.6,unfit
63,South,Walking,80,2704,100,<5k,<250,6.58,90.0,unfit
43,South,Gym,97,3754,180,<5k,<250,7.85,66.0,unfit
28,South,Cycling,89,17834,1108,>14k,>700,6.82,75.4,fit
25,North,Gym,89,7659,246,5k-8k,<250,8.54,65.9,moderately_fit
55,East,Walking,78,6912,224,5k-8k,<250,5.74,82.3,unfit
21,East,Running,84,11079,764,11k-14k,>700,8.09,58.6,moderately_fit
27,East,Running,98,17782,875,>14k,>700,7.41,87.8,fit
27,East,Cycling,82,9136,401,8k-11k,400-550,7.35,88.3,moderately_fit
32,South,Running,111,19212,1189,>14k,>700,8.12,64.4,fit
26,East,Running,104,20115,845,>14k,>700,7.92,67.1,fit
24,South,Sports,87,9691,525,8k-11k,400-550,6.12,64.6,moderately_fit
25,West,Gym,45,12630,560,11k-14k,550-700,6.46,78.9,moderately_fit
45,North,Gym,99,12893,581,11k-14k,550-700,6.65,78.8,moderately_fit
62,West,Cycling,84,4473,170,<5k,<250,7.09,72.6,unfit
49,North,Cycling,86,5802,293,5k-8k,250-400,7.9,68.2,unfit
45,North,Running,95,6021,332,5k-8k,250-400,5.81,87.6,unfit
18,South,Gym,67,7650,320,5k-8k,250-400,7.56,76.1,moderately_fit
51,South,Cycling,81,6846,378,5k-8k,250-400,7.52,81.4,moderately_fit
27,North,Running,94,13098,569,11k-14k,550-700,8.31,84.8,moderately_fit
25,South,Cycling,84,8248,297,8k-11k,250-400,6.02,70.5,moderately_fit
25,East,Cycling,88,13169,592,11k-14k,550-700,7.27,85.3,moderately_fit
33,North,Gym,66,9076,367,8k-11k,250-400,7.28,73.2,moderately_fit
26,South,Cycling,97,12420,574,11k-14k,550-700,5.6,64.8,moderately_fit
53,North,Walking,72,8192,361,8k-11k,250-400,6.01,76.1,moderately_fit
30,South,Sports,82,12617,675,11k-14k,550-700,6.19,65.3,fit
44,East,Cycling,91,9360,490,8k-11k,400-550,6.57,65.1,moderately_fit
28,South,Running,108,11535,645,11k-14k,550-700,8.35,60.7,moderately_fit
41,West,Cycling,86,12403,443,11k-14k,400-550,8.15,48.3,moderately_fit
49,South,Gym,70,8609,334,8k-11k,250-400,6.82,76.0,moderately_fit
54,East,Walking,62,6517,277,5k-8k,250-400,8.01,81.6,unfit
29,East,Gym,50,7753,394,5k-8k,250-400,6.77,57.7,moderately_fit
30,West,Cycling,110,11790,545,11k-14k,400-550,6.13,59.0,moderately_fit
33,North,Running,100,11155,597,11k-14k,550-700,7.92,70.3,moderately_fit
34,North,Gym,89,9708,479,8k-11k,400-550,7.43,82.1,moderately_fit
54,South,Cycling,120,8458,415,8k-11k,400-550,7.06,70.3,moderately_fit
73,West,Walking,50,6497,256,5k-8k,250-400,6.27,88.9,unfit
31,North,Cycling,78,7638,390,5k-8k,250-400,7.12,90.7,moderately_fit
38,West,Running,105,13142,782,11k-14k,>700,7.82,56.5,fit
42,North,Running,98,14708,688,>14k,550-700,7.83,94.4,fit
25,North,Gym,89,9719,487,8k-11k,400-550,7.66,87.3,moderately_fit
34,North,Sports,92,8057,325,8k-11k,250-400,6.95,73.9,moderately_fit
22,South,Gym,58,7871,378,5k-8k,250-400,6.82,87.8,moderately_fit
72,West,Walking,75,7654,235,5k-8k,<250,6.5,84.0,moderately_fit
31,North,Cycling,90,10783,613,8k-11k,550-700,6.37,60.0,moderately_fit
32,South,Sports,102,9738,561,8k-11k,550-700,6.13,62.2,moderately_fit
30,North,Walking,79,9868,378,8k-11k,250-400,7.69,61.7,moderately_fit
64,East,Cycling,90,12194,500,11k-14k,400-550,7.18,88.7,moderately_fit
29,North,Cycling,90,8173,434,8k-11k,400-550,6.33,82.6,moderately_fit
18,South,Running,95,13491,640,11k-14k,550-700,6.7,82.8,fit
32,East,Running,102,12566,666,11k-14k,550-700,6.77,64.8,fit
30,South,Gym,90,10533,468,8k-11k,400-550,7.52,90.1,moderately_fit
26,North,Gym,79,9015,403,8k-11k,400-550,8.36,70.7,moderately_fit
36,North,Cycling,80,10866,550,8k-11k,400-550,6.79,90.6,moderately_fit
46,East,Walking,64,6214,225,5k-8k,<250,4.57,78.9,unfit
27,East,Running,106,20699,956,>14k,>700,7.63,64.3,fit
60,West,Walking,74,6907,213,5k-8k,<250,5.03,87.8,unfit
20,East,Running,85,13919,764,11k-14k,>700,6.87,71.3,fit
47,West,Running,45,11266,726,11k-14k,>700,8.83,51.6,moderately_fit
46,South,Sports,96,11756,620,11k-14k,550-700,5.8,73.4,moderately_fit
18,North,Running,101,12134,574,11k-14k,550-700,6.64,56.1,moderately_fit
24,North,Gym,84,10275,529,8k-11k,400-550,5.89,73.0,moderately_fit
58,South,Walking,76,6185,170,5k-8k,<250,5.1,84.8,unfit
33,East,Cycling,83,8638,371,8k-11k,250-400,6.61,65.2,moderately_fit
45,East,Running,99,5356,221,5k-8k,<250,7.03,73.2,unfit
26,North,Running,112,8989,448,8k-11k,400-550,8.46,74.6,moderately_fit
63,South,Gym,94,6426,296,5k-8k,250-400,6.48,72.3,unfit
30,East,Cycling,76,13307,641,11k-14k,550-700,7.7,72.1,fit
29,South,Sports,92,10923,654,8k-11k,550-700,8.91,52.4,moderately_fit
69,North,Walking,83,7012,247,5k-8k,<250,8.47,73.0,moderately_fit
46,East,Cycling,84,8843,448,8k-11k,400-550,6.6,81.3,moderately_fit
30,North,Walking,67,5257,187,5k-8k,<250,8.07,70.4,unfit
21,West,Running,110,10864,524,8k-11k,400-550,7.87,63.7,moderately_fit
62,West,Gym,74,4750,224,<5k,<250,8.25,79.2,unfit
27,South,Running,88,14522,697,>14k,550-700,6.21,59.3,fit
20,South,Gym,77,9752,356,8k-11k,250-400,6.63,60.7,moderately_fit
24,East,Cycling,78,10899,631,8k-11k,550-700,7.61,72.5,moderately_fit
25,South,Gym,72,9016,420,8k-11k,400-550,5.51,67.5,moderately_fit
27,North,Gym,83,12162,592,11k-14k,550-700,6.33,70.5,moderately_fit
35,West,Gym,81,13565,696,11k-14k,550-700,5.77,80.1,fit
27,South,Running,96,11886,690,11k-14k,550-700,6.91,75.5,moderately_fit
20,North,Gym,79,9396,433,8k-11k,400-550,6.76,57.2,moderately_fit
26,South,Gym,88,6413,213,5k-8k,<250,9.79,59.9,unfit
30,North,Gym,84,9163,513,8k-11k,400-550,7.27,79.8,moderately_fit
62,North,Walking,68,5023,187,5k-8k,<250,5.05,82.7,unfit
24,South,Gym,75,10136,445,8k-11k,400-550,7.16,73.3,moderately_fit
24,South,Gym,81,11795,511,11k-14k,400-550,4.46,80.6,moderately_fit
57,South,Gym,85,4375,204,<5k,<250,7.78,94.9,unfit
25,West,Running,101,13662,830,11k-14k,>700,8.15,84.9,fit
61,West,Walking,93,5152,246,5k-8k,<250,5.06,110.7,unfit
37,North,Cycling,96,10876,463,8k-11k,400-550,7.63,82.2,moderately_fit
40,North,Gym,76,12034,455,11k-14k,400-550,6.72,74.1,moderately_fit
65,South,Walking,68,4192,155,<5k,<250,5.71,72.2,unfit
59,South,Cycling,77,10242,588,8k-11k,550-700,8.67,82.2,moderately_fit
36,West,Running,94,18216,1013,>14k,>700,6.81,87.4,fit
30,South,Sports,97,9845,462,8k-11k,400-550,7.51,73.6,moderately_fit
19,North,Gym,86,10301,474,8k-11k,400-550,6.65,61.2,moderately_fit
46,South,Cycling,87,10106,487,8k-11k,400-550,8.58,78.0,moderately_fit
51,East,Cycling,68,6119,315,5k-8k,250-400,6.94,84.4,unfit
53,West,Cycling,98,10647,348,8k-11k,250-400,6.54,75.0,moderately_fit
33,North,Sports,88,14506,780,>14k,>700,7.19,88.0,fit
50,South,Walking,63,4957,157,<5k,<250,5.2,66.4,unfit
64,North,Walking,70,4967,123,<5k,<250,8.42,73.0,unfit
59,South,Running,99,5659,307,5k-8k,250-400,8.78,82.9,unfit
49,North,Gym,88,10563,531,8k-11k,400-550,6.79,84.1,moderately_fit
35,West,Cycling,79,12803,650,11k-14k,550-700,6.42,75.5,fit
59,East,Walking,72,3901,135,<5k,<250,6.02,65.3,unfit
51,West,Cycling,85,7254,370,5k-8k,250-400,6.07,82.2,moderately_fit
27,West,Gym,89,8405,376,8k-11k,250-400,6.39,89.0,moderately_fit
64,North,Walking,72,8130,220,8k-11k,<250,5.93,87.3,moderately_fit
25,East,Sports,86,12212,712,11k-14k,>700,5.99,86.3,fit
25,West,Gym,71,9912,373,8k-11k,250-400,8.11,63.0,moderately_fit
54,South,Walking,72,6383,210,5k-8k,<250,6.39,96.7,unfit
25,East,Gym,76,12965,505,11k-14k,400-550,7.51,75.6,moderately_fit
28,South,Cycling,86,10267,454,8k-11k,400-550,6.88,67.3,moderately_fit
43,East,Cycling,106,9660,439,8k-11k,400-550,6.1,70.4,moderately_fit
54,South,Cycling,98,12055,559,11k-14k,550-700,6.69,88.1,moderately_fit
28,South,Running,95,17490,1187,>14k,>700,6.67,89.1,fit
25,North,Gym,78,6922,306,5k-8k,250-400,7.96,69.2,unfit
49,North,Walking,79,2454,100,<5k,<250,7.81,91.1,unfit
32,North,Gym,86,9048,349,8k-11k,250-400,5.72,81.9,moderately_fit
26,North,Running,105,16140,812,>14k,>700,7.16,71.9,fit
60,South,Running,94,11745,645,11k-14k,550-700,7.27,77.1,moderately_fit
43,North,Gym,69,6803,342,5k-8k,250-400,6.45,91.0,unfit
24,North,Gym,88,14259,789,>14k,>700,6.61,74.3,fit
31,East,Gym,68,6461,281,5k-8k,250-400,7.01,93.5,unfit
50,East,Walking,67,3565,141,<5k,<250,5.27,63.7,unfit
35,East,Gym,70,11752,557,11k-14k,550-700,7.16,66.0,moderately_fit
51,West,Walking,69,5399,124,5k-8k,<250,6.85,82.5,unfit
23,North,Walking,64,11130,454,11k-14k,400-550,5.27,67.7,moderately_fit
38,North,Sports,84,10642,301,8k-11k,250-400,8.6,68.0,moderately_fit
54,North,Walking,72,5303,232,5k-8k,<250,6.38,75.8,unfit
35,West,Cycling,72,11881,636,11k-14k,550-700,8.56,76.1,moderately_fit
32,East,Running,113,16165,846,>14k,>700,7.47,82.8,fit
34,North,Cycling,92,16121,817,>14k,>700,7.19,77.9,fit
23,North,Gym,77,11821,465,11k-14k,400-550,7.99,69.0,moderately_fit
58,South,Gym,81,10011,453,8k-11k,400-550,7.29,55.4,moderately_fit
59,North,Walking,74,4655,182,<5k,<250,5.26,88.5,unfit
30,South,Walking,72,9277,336,8k-11k,250-400,6.59,65.8,moderately_fit
29,West,Sports,92,13610,781,11k-14k,>700,7.65,67.0,fit
58,South,Gym,86,5879,258,5k-8k,250-400,6.34,84.8,unfit
35,West,Gym,78,5427,233,5k-8k,<250,8.28,71.5,unfit
25,South,Running,102,11591,653,11k-14k,550-700,7.06,76.0,moderately_fit
26,East,Gym,98,8175,400,8k-11k,250-400,7.17,85.3,moderately_fit
24,West,Cycling,88,11034,597,11k-14k,550-700,7.11,74.3,moderately_fit
55,South,Gym,84,9398,487,8k-11k,400-550,7.94,62.1,moderately_fit
21,South,Walking,56,9733,348,8k-11k,250-400,7.33,76.3,moderately_fit
25,East,Gym,82,13905,616,11k-14k,550-700,6.87,65.3,fit
54,West,Gym,90,8666,321,8k-11k,250-400,6.16,77.5,moderately_fit
22,North,Running,99,10240,513,8k-11k,400-550,6.07,67.3,moderately_fit
40,North,Running,102,10097,443,8k-11k,400-550,6.92,75.6,moderately_fit
34,South,Cycling,91,10147,423,8k-11k,400-550,7.28,73.1,moderately_fit
40,West,Cycling,95,12916,718,11k-14k,>700,7.02,67.5,fit
25,West,Gym,65,11087,534,11k-14k,400-550,6.73,64.1,moderately_fit
54,North,Cycling,79,7222,322,5k-8k,250-400,6.41,94.7,moderately_fit
41,North,Walking,70,4546,162,<5k,<250,4.99,96.3,unfit
56,West,Gym,45,5880,231,5k-8k,<250,6.89,66.7,unfit
69,North,Sports,100,5487,348,5k-8k,250-400,6.13,91.9,unfit
25,North,Running,107,13941,646,11k-14k,550-700,7.31,73.8,fit
32,North,Running,89,14934,726,>14k,>700,7.57,79.4,fit
63,North,Walking,80,6191,291,5k-8k,250-400,7.7,92.4,unfit
29,East,Cycling,83,9932,416,8k-11k,400-550,6.67,71.5,moderately_fit
27,South,Gym,75,9470,427,8k-11k,400-550,5.63,72.4,moderately_fit
30,South,Cycling,73,7774,361,5k-8k,250-400,6.85,87.0,moderately_fit
23,West,Gym,68,7952,298,5k-8k,250-400,7.09,69.5,moderately_fit
58,North,Walking,67,6488,206,5k-8k,<250,7.68,74.1,unfit
50,North,Walking,71,10792,415,8k-11k,400-550,7.57,65.8,moderately_fit
50,West,Walking,64,8987,406,8k-11k,400-550,6.27,68.5,moderately_fit
48,East,Sports,105,7128,374,5k-8k,250-400,6.86,75.2,moderately_fit
58,North,Cycling,76,10910,689,8k-11k,550-700,5.92,78.1,moderately_fit
52,North,Gym,79,8171,360,8k-11k,250-400,6.53,72.5,moderately_fit
47,North,Walking,80,6859,196,5k-8k,<250,6.92,63.3,unfit
61,East,Walking,79,10811,386,8k-11k,250-400,7.73,62.3,moderately_fit
36,North,Cycling,77,9346,519,8k-11k,400-550,7.81,60.2,moderately_fit
30,South,Gym,90,10519,481,8k-11k,400-550,6.32,57.3,moderately_fit
42,North,Cycling,50,12001,493,11k-14k,400-550,5.76,92.2,moderately_fit
59,East,Walking,66,4423,178,<5k,<250,6.7,62.1,unfit
48,South,Cycling,87,4367,193,<5k,<250,6.78,72.8,unfit
31,South,Cycling,84,7636,335,5k-8k,250-400,7.7,77.1,moderately_fit
36,North,Running,95,13964,701,11k-14k,>700,6.45,93.5,fit
18,North,Cycling,83,14240,566,>14k,550-700,8.83,68.8,moderately_fit
26,East,Cycling,97,12712,643,11k-14k,550-700,6.73,71.1,fit
30,East,Cycling,78,12362,609,11k-14k,550-700,8.74,86.3,fit
52,East,Gym,75,8569,415,8k-11k,400-550,7.67,86.7,moderately_fit
26,East,Gym,73,7400,271,5k-8k,250-400,7.53,73.8,moderately_fit
51,North,Cycling,77,9290,539,8k-11k,400-550,6.12,72.2,moderately_fit
21,East,Running,107,16584,891,>14k,>700,5.97,83.3,fit
23,North,Cycling,86,12777,556,11k-14k,550-700,6.99,71.6,moderately_fit
47,North,Running,107,17018,976,>14k,>700,6.03,70.1,fit
67,East,Walking,103,4222,143,<5k,<250,7.45,69.3,unfit
27,West,Sports,80,10810,584,8k-11k,550-700,8.1,72.0,moderately_fit
57,East,Walking,69,4514,144,<5k,<250,6.87,99.4,unfit
34,East,Sports,88,4781,252,<5k,250-400,6.57,79.0,unfit
28,West,Gym,91,10868,470,8k-11k,400-550,7.9,76.2,moderately_fit
19,North,Gym,45,9943,334,8k-11k,250-400,6.9,71.5,moderately_fit
61,West,Gym,83,6524,260,5k-8k,250-400,6.2,78.9,unfit
27,South,Sports,96,10181,513,8k-11k,400-550,6.93,72.6,moderately_fit
24,East,Cycling,107,12899,613,11k-14k,550-700,7.11,80.6,fit
28,East,Cycling,103,11243,514,11k-14k,400-550,7.61,58.2,moderately_fit
22,South,Gym,86,13595,671,11k-14k,550-700,8.16,85.1,fit
22,East,Walking,70,7835,335,5k-8k,250-400,4.77,73.6,moderately_fit
26,North,Running,107,15457,945,>14k,>700,9.06,75.2,fit
50,West,Gym,89,11796,460,11k-14k,400-550,7.19,85.8,moderately_fit
32,North,Cycling,82,10054,539,8k-11k,400-550,7.51,84.4,moderately_fit
31,North,Cycling,77,9875,416,8k-11k,400-550,7.66,73.1,moderately_fit
21,North,Running,95,18979,900,>14k,>700,7.51,59.1,fit
54,North,Cycling,50,5222,248,5k-8k,<250,7.89,50.2,unfit
36,North,Cycling,77,9910,388,8k-11k,250-400,10.29,72.2,moderately_fit
36,North,Sports,84,10729,636,8k-11k,550-700,9.07,73.4,moderately_fit
34,South,Running,109,10867,649,8k-11k,550-700,7.18,79.5,moderately_fit
63,South,Cycling,74,9720,376,8k-11k,250-400,8.93,68.6,moderately_fit
23,North,Running,102,12789,708,11k-14k,>700,8.03,81.2,fit
34,North,Walking,84,7357,204,5k-8k,<250,5.3,92.9,moderately_fit
28,West,Gym,90,7001,330,5k-8k,250-400,5.76,67.4,moderately_fit
29,North,Gym,91,9980,447,8k-11k,400-550,6.94,83.0,moderately_fit
50,North,Walking,67,10452,482,8k-11k,400-550,7.65,88.7,moderately_fit
26,North,Walking,78,7468,238,5k-8k,<250,6.56,85.2,moderately_fit
32,North,Sports,88,11761,559,11k-14k,550-700,8.33,85.6,moderately_fit
25,East,Running,98,10738,643,8k-11k,550-700,8.23,83.1,moderately_fit
24,South,Gym,72,11706,583,11k-14k,550-700,7.47,75.7,moderately_fit
25,South,Running,95,14041,728,>14k,>700,7.07,83.9,fit
31,North,Running,95,14878,755,>14k,>700,6.82,70.7,fit
43,East,Walking,81,8565,349,8k-11k,250-400,6.12,85.1,moderately_fit
34,East,Gym,72,8480,378,8k-11k,250-400,7.76,93.5,moderately_fit
49,North,Sports,84,12865,680,11k-14k,550-700,7.3,61.9,fit
34,North,Cycling,84,13435,643,11k-14k,550-700,7.24,59.0,fit
29,North,Running,114,14919,879,>14k,>700,6.63,69.4,fit
23,East,Running,101,15098,587,>14k,550-700,8.44,77.8,moderately_fit
40,North,Gym,76,8603,456,8k-11k,400-550,7.83,68.5,moderately_fit
28,South,Running,95,15684,986,>14k,>700,10.05,76.0,fit
55,North,Gym,74,8824,344,8k-11k,250-400,7.14,79.5,moderately_fit
50,North,Cycling,89,5864,221,5k-8k,<250,8.94,78.8,unfit
63,North,Walking,68,4256,180,<5k,<250,6.14,66.0,unfit
56,North,Cycling,92,11353,612,11k-14k,550-700,5.74,100.6,moderately_fit
34,North,Gym,56,9553,364,8k-11k,250-400,6.2,78.7,moderately_fit
46,South,Running,108,11548,597,11k-14k,550-700,8.12,82.9,moderately_fit
24,South,Running,108,19685,1044,>14k,>700,6.03,80.6,fit
36,South,Running,84,15635,1103,>14k,>700,7.12,83.4,fit
68,East,Gym,78,9366,374,8k-11k,250-400,7.35,77.1,moderately_fit
24,East,Gym,83,9048,350,8k-11k,250-400,7.84,82.7,moderately_fit
43,East,Running,97,13656,854,11k-14k,>700,6.32,75.6,fit
28,West,Gym,76,9129,399,8k-11k,250-400,7.8,85.7,moderately_fit
43,North,Walking,66,4596,183,<5k,<250,6.26,70.0,unfit
43,North,Gym,130,8825,403,8k-11k,400-550,7.94,72.3,moderately_fit
35,South,Cycling,100,10495,494,8k-11k,400-550,7.87,78.2,moderately_fit
30,South,Gym,94,9014,378,8k-11k,250-400,6.55,64.6,moderately_fit
30,South,Gym,82,11676,569,11k-14k,550-700,5.92,63.5,moderately_fit
28,North,Running,112,13667,682,11k-14k,550-700,8.28,65.9,fit
43,South,Sports,88,11008,614,11k-14k,550-700,6.2,84.9,moderately_fit
22,West,Cycling,89,11976,587,11k-14k,550-700,7.26,81.4,moderately_fit
53,North,Sports,97,11223,500,11k-14k,400-550,6.95,79.8,moderately_fit
23,West,Running,97,15394,742,>14k,>700,6.37,62.5,fit
48,South,Running,91,14060,815,>14k,>700,6.63,71.6,fit
35,North,Cycling,74,7432,304,5k-8k,250-400,6.97,74.5,moderately_fit
21,South,Gym,83,10160,377,8k-11k,250-400,6.72,63.3,moderately_fit
27,South,Gym,86,9119,480,8k-11k,400-550,7.05,81.6,moderately_fit
51,South,Walking,71,3607,121,<5k,<250,6.12,79.4,unfit
23,South,Gym,57,6059,312,5k-8k,250-400,8.09,82.0,unfit
22,South,Running,99,12716,631,11k-14k,550-700,8.61,70.0,fit
26,North,Running,96,12244,598,11k-14k,550-700,6.49,97.3,moderately_fit
18,North,Gym,62,9401,346,8k-11k,250-400,6.35,74.1,moderately_fit
29,North,Sports,88,12367,518,11k-14k,400-550,7.36,53.5,moderately_fit
49,West,Running,119,13382,754,11k-14k,>700,6.77,79.7,fit
63,North,Gym,97,3904,164,<5k,<250,6.69,72.5,unfit
18,West,Sports,91,10741,480,8k-11k,400-550,7.01,89.4,moderately_fit
75,North,Walking,88,3220,130,<5k,<250,5.53,73.1,unfit
21,North,Cycling,83,11462,558,11k-14k,550-700,6.8,86.6,moderately_fit
46,North,Gym,87,8203,359,8k-11k,250-400,5.81,62.8,moderately_fit
24,North,Running,89,17397,720,>14k,>700,7.32,65.9,fit
33,West,Sports,95,9407,428,8k-11k,400-550,9.66,62.3,moderately_fit
41,East,Running,105,15025,624,>14k,550-700,6.66,77.7,fit
55,West,Walking,61,3064,103,<5k,<250,5.42,91.4,unfit
32,East,Walking,77,7291,270,5k-8k,250-400,4.62,64.3,moderately_fit
37,South,Gym,80,10112,489,8k-11k,400-550,6.65,59.3,moderately_fit
61,East,Cycling,78,10143,537,8k-11k,400-550,6.81,84.6,moderately_fit
64,South,Walking,67,8929,384,8k-11k,250-400,6.01,76.5,moderately_fit
30,East,Gym,77,15144,542,>14k,400-550,8.69,64.6,moderately_fit
26,North,Cycling,78,12373,612,11k-14k,550-700,7.3,68.7,fit
35,South,Gym,89,5571,237,5k-8k,<250,8.22,80.9,unfit
61,South,Cycling,88,18082,1024,>14k,>700,8.16,89.7,fit
50,North,Walking,69,8577,311,8k-11k,250-400,5.33,69.2,moderately_fit
26,South,Gym,77,12042,660,11k-14k,550-700,7.99,78.0,fit
53,West,Walking,75,5279,236,5k-8k,<250,6.43,73.0,unfit
51,South,Sports,95,9835,493,8k-11k,400-550,5.84,74.9,moderately_fit
28,South,Running,111,11523,620,11k-14k,550-700,6.59,69.0,moderately_fit
20,North,Gym,90,11547,511,11k-14k,400-550,8.16,63.4,moderately_fit
57,East,Gym,80,6241,251,5k-8k,250-400,6.8,92.9,unfit
24,South,Running,98,16555,705,>14k,>700,6.86,53.9,fit
52,West,Walking,74,4707,208,<5k,<250,7.4,80.7,unfit
18,West,Cycling,84,14376,625,>14k,550-700,8.53,82.5,fit
29,West,Gym,83,9973,546,8k-11k,400-550,7.41,55.9,moderately_fit
26,North,Gym,73,12645,651,11k-14k,550-700,6.67,74.0,fit
28,North,Running,100,20334,946,>14k,>700,8.43,73.8,fit
27,West,Gym,45,10108,441,8k-11k,400-550,5.14,85.1,moderately_fit
30,East,Sports,85,15372,854,>14k,>700,7.32,58.0,fit
26,West,Walking,70,10313,289,8k-11k,250-400,7.55,93.2,moderately_fit
47,South,Cycling,105,9626,492,8k-11k,400-550,8.41,75.5,moderately_fit
25,South,Gym,75,10183,397,8k-11k,250-400,8.76,85.9,moderately_fit
36,North,Cycling,81,11238,587,11k-14k,550-700,8.45,88.3,moderately_fit
28,East,Gym,96,8242,421,8k-11k,400-550,7.33,54.5,moderately_fit
24,East,Sports,90,11412,554,11k-14k,550-700,6.32,65.8,moderately_fit
22,North,Gym,88,12795,539,11k-14k,400-550,6.78,82.6,moderately_fit
42,North,Cycling,89,8304,501,8k-11k,400-550,6.98,72.0,moderately_fit
24,South,Running,50,13951,842,11k-14k,>700,6.48,80.1,fit
57,East,Gym,89,6583,328,5k-8k,250-400,4.12,73.9,unfit
50,North,Walking,71,7213,297,5k-8k,250-400,6.53,78.4,moderately_fit
70,North,Cycling,85,13591,652,11k-14k,550-700,6.23,68.0,fit
58,North,Walking,60,5487,249,5k-8k,<250,6.7,76.6,unfit
28,North,Cycling,76,7596,397,5k-8k,250-400,5.91,62.4,moderately_fit
49,West,Running,85,12218,700,11k-14k,550-700,5.9,77.0,fit
20,East,Sports,80,10394,492,8k-11k,400-550,6.67,73.5,moderately_fit
20,East,Running,93,15570,730,>14k,>700,8.23,91.1,fit
29,East,Gym,69,7361,359,5k-8k,250-400,7.18,72.3,moderately_fit
30,South,Running,100,14289,730,>14k,>700,7.9,61.2,fit
62,East,Walking,78,3266,108,<5k,<250,5.47,83.9,unfit
32,West,Gym,76,8402,350,8k-11k,250-400,7.1,59.2,moderately_fit
18,East,Gym,88,7517,300,5k-8k,250-400,6.11,65.5,moderately_fit
24,South,Cycling,81,14653,547,>14k,400-550,8.38,73.5,moderately_fit
29,East,Cycling,101,9309,461,8k-11k,400-550,8.41,59.3,moderately_fit
37,West,Walking,62,8095,246,8k-11k,<250,5.96,67.9,moderately_fit
32,North,Running,109,14137,881,>14k,>700,8.86,66.9,fit
29,North,Gym,64,9763,422,8k-11k,400-550,6.83,59.1,moderately_fit
45,West,Gym,85,9132,419,8k-11k,400-550,8.6,92.3,moderately_fit
20,West,Walking,78,9099,338,8k-11k,250-400,5.32,65.5,moderately_fit
27,South,Cycling,76,14545,811,>14k,>700,6.03,59.3,fit
32,South,Sports,93,14120,699,>14k,550-700,7.75,91.1,fit
54,North,Walking,75,9132,305,8k-11k,250-400,5.69,91.9,moderately_fit
45,South,Gym,82,5539,230,5k-8k,<250,7.41,74.9,unfit
30,West,Gym,84,5846,245,5k-8k,<250,5.97,58.0,unfit
53,North,Sports,101,14109,651,>14k,550-700,5.96,92.3,fit
54,South,Walking,45,7204,279,5k-8k,250-400,7.46,74.1,moderately_fit
31,West,Running,95,10507,665,8k-11k,550-700,9.37,66.7,moderately_fit
22,North,Cycling,84,10981,506,8k-11k,400-550,7.06,64.2,moderately_fit
26,East,Gym,70,10809,415,8k-11k,400-550,7.64,76.5,moderately_fit
54,South,Gym,89,7482,320,5k-8k,250-400,6.82,70.0,moderately_fit
29,East,Gym,80,10797,426,8k-11k,400-550,7.62,67.9,moderately_fit
64,West,Cycling,85,5383,335,5k-8k,250-400,4.02,64.8,unfit
59,South,Walking,77,5752,163,5k-8k,<250,5.91,64.9,unfit
26,East,Sports,79,12600,663,11k-14k,550-700,9.19,80.8,fit
32,West,Sports,92,10019,523,8k-11k,400-550,7.61,71.2,moderately_fit
53,West,Cycling,84,8491,398,8k-11k,250-400,7.14,67.1,moderately_fit
33,South,Running,130,12110,548,11k-14k,400-550,7.89,68.9,moderately_fit
64,South,Cycling,50,5546,271,5k-8k,250-400,8.11,75.3,unfit
54,North,Walking,57,4845,110,<5k,<250,4.35,64.0,unfit
32,North,Gym,72,9544,408,8k-11k,400-550,6.73,68.2,moderately_fit
30,South,Walking,64,5410,211,5k-8k,<250,5.24,69.7,unfit
27,North,Running,111,12075,627,11k-14k,550-700,9.45,51.4,fit
26,East,Cycling,105,7102,397,5k-8k,250-400,5.69,69.6,moderately_fit
29,South,Sports,72,15647,654,>14k,550-700,7.02,67.7,fit
48,West,Cycling,90,11915,603,11k-14k,550-700,7.82,73.4,moderately_fit
23,East,Cycling,80,14611,878,>14k,>700,7.82,75.9,fit
37,North,Sports,86,12255,387,11k-14k,250-400,6.13,80.5,moderately_fit
26,South,Sports,90,13042,787,11k-14k,>700,6.19,61.9,fit
66,East,Gym,91,6272,242,5k-8k,<250,6.23,85.4,unfit
34,North,Gym,91,12183,529,11k-14k,400-550,6.49,69.3,moderately_fit
56,North,Gym,76,7525,301,5k-8k,250-400,6.57,92.7,moderately_fit
32,West,Running,105,7719,349,5k-8k,250-400,7.96,80.1,moderately_fit
40,North,Cycling,69,5407,240,5k-8k,<250,6.6,74.2,unfit
46,West,Sports,96,11481,610,11k-14k,550-700,7.5,72.4,moderately_fit
58,West,Sports,87,7134,316,5k-8k,250-400,6.52,70.5,moderately_fit
29,South,Gym,78,9510,364,8k-11k,250-400,7.45,67.4,moderately_fit
21,East,Gym,130,11697,544,11k-14k,400-550,7.31,52.7,moderately_fit
26,South,Gym,64,7392,389,5k-8k,250-400,6.68,73.1,moderately_fit
25,West,Gym,45,8784,361,8k-11k,250-400,6.15,63.3,moderately_fit
66,East,Walking,70,4913,171,<5k,<250,5.96,80.4,unfit
27,North,Cycling,86,9113,478,8k-11k,400-550,6.41,61.9,moderately_fit
50,South,Gym,79,4293,193,<5k,<250,7.07,80.0,unfit
38,East,Running,115,9722,394,8k-11k,250-400,8.1,79.2,moderately_fit
53,North,Walking,86,3146,126,<5k,<250,6.99,80.5,unfit
27,West,Running,96,13566,597,11k-14k,550-700,8.13,74.2,moderately_fit
56,South,Cycling,90,8481,234,8k-11k,<250,6.15,54.8,moderately_fit
23,South,Cycling,79,10282,607,8k-11k,550-700,7.17,71.8,moderately_fit
56,North,Walking,80,3133,117,<5k,<250,5.83,70.4,unfit
31,South,Sports,97,14636,736,>14k,>700,7.25,71.2,fit
27,East,Gym,78,7843,314,5k-8k,250-400,7.62,67.6,moderately_fit
27,South,Running,100,21799,997,>14k,>700,6.84,63.5,fit
27,East,Gym,80,11562,539,11k-14k,400-550,5.42,66.0,moderately_fit
60,East,Running,98,4613,208,<5k,<250,6.29,81.5,unfit
62,North,Walking,69,8122,322,8k-11k,250-400,4.46,89.4,moderately_fit
21,South,Running,104,12592,629,11k-14k,550-700,7.33,69.7,fit
58,North,Gym,88,5016,293,5k-8k,250-400,6.57,98.3,unfit
28,North,Gym,93,8653,479,8k-11k,400-550,6.41,64.9,moderately_fit
30,North,Sports,72,14794,654,>14k,550-700,5.73,85.9,fit
60,West,Walking,66,6806,228,5k-8k,<250,5.92,70.2,unfit
59,West,Cycling,103,9176,406,8k-11k,400-550,7.07,77.0,moderately_fit
42,North,Gym,87,6345,255,5k-8k,250-400,6.76,67.9,unfit
68,North,Cycling,80,10357,532,8k-11k,400-550,8.11,76.9,moderately_fit
35,North,Cycling,84,8179,447,8k-11k,400-550,6.34,80.6,moderately_fit
24,East,Gym,82,12207,542,11k-14k,400-550,6.96,70.9,moderately_fit
23,South,Gym,71,10499,453,8k-11k,400-550,8.11,68.3,moderately_fit
52,South,Gym,90,6244,229,5k-8k,<250,8.0,90.0,unfit
24,South,Cycling,82,16833,780,>14k,>700,8.12,60.8,fit
25,East,Sports,86,14673,901,>14k,>700,6.98,59.2,fit
29,North,Walking,81,8530,413,8k-11k,400-550,6.39,56.1,moderately_fit
59,North,Walking,71,6020,220,5k-8k,<250,6.25,76.5,unfit
65,North,Running,112,6868,307,5k-8k,250-400,7.96,78.4,unfit
23,South,Running,102,14613,814,>14k,>700,6.32,49.8,fit
60,West,Sports,101,13370,695,11k-14k,550-700,7.85,65.8,fit
18,North,Walking,69,5244,201,5k-8k,<250,5.55,66.1,unfit
39,North,Running,104,14601,691,>14k,550-700,7.92,84.1,fit
23,West,Running,111,18682,965,>14k,>700,7.94,90.3,fit
23,North,Gym,83,13277,480,11k-14k,400-550,7.87,81.4,moderately_fit
22,North,Cycling,79,9429,391,8k-11k,250-400,7.79,95.4,moderately_fit
22,West,Gym,77,8371,350,8k-11k,250-400,7.43,63.8,moderately_fit
43,East,Running,108,12802,505,11k-14k,400-550,9.46,79.8,moderately_fit
62,South,Running,101,11961,620,11k-14k,550-700,5.97,84.7,moderately_fit
27,East,Gym,45,12604,642,11k-14k,550-700,8.37,63.0,fit
56,East,Walking,68,5571,215,5k-8k,<250,8.29,81.6,unfit
23,North,Sports,85,14930,726,>14k,>700,6.84,64.5,fit
26,East,Sports,87,5896,286,5k-8k,250-400,8.15,64.3,unfit
59,East,Sports,97,8781,499,8k-11k,400-550,8.91,67.1,moderately_fit
26,West,Sports,105,14668,656,>14k,550-700,7.15,69.0,fit
42,West,Gym,98,10483,459,8k-11k,400-550,6.89,80.4,moderately_fit
21,South,Gym,77,7404,297,5k-8k,250-400,6.18,59.1,moderately_fit
39,South,Walking,73,8933,341,8k-11k,250-400,8.82,69.7,moderately_fit
56,North,Cycling,91,5409,262,5k-8k,250-400,8.46,72.2,unfit
54,North,Cycling,83,12111,718,11k-14k,>700,6.26,78.3,fit
55,South,Gym,71,7022,335,5k-8k,250-400,7.78,72.1,moderately_fit
29,East,Sports,101,10918,602,8k-11k,550-700,6.98,58.6,moderately_fit
30,South,Running,109,12905,701,11k-14k,>700,5.8,75.3,fit
24,South,Gym,70,10547,555,8k-11k,550-700,9.88,66.6,moderately_fit
35,East,Gym,91,14067,663,>14k,550-700,6.14,74.0,fit
47,East,Gym,84,11111,445,11k-14k,400-550,6.62,81.9,moderately_fit
28,East,Gym,83,6465,290,5k-8k,250-400,6.81,76.3,unfit
59,North,Walking,84,3730,131,<5k,<250,6.03,69.2,unfit
64,East,Cycling,87,3555,153,<5k,<250,7.14,78.8,unfit
30,West,Gym,69,9972,451,8k-11k,400-550,8.06,65.3,moderately_fit
52,North,Cycling,86,8856,536,8k-11k,400-550,6.95,81.4,moderately_fit
63,South,Gym,94,8568,340,8k-11k,250-400,7.64,82.7,moderately_fit
63,West,Sports,81,7847,375,5k-8k,250-400,7.36,69.2,moderately_fit
55,South,Cycling,74,8048,324,8k-11k,250-400,6.0,70.2,moderately_fit
58,South,Sports,85,5903,296,5k-8k,250-400,7.71,70.0,unfit
27,North,Gym,89,12158,405,11k-14k,400-550,6.9,76.0,moderately_fit
50,South,Walking,82,5089,177,5k-8k,<250,4.68,84.9,unfit
51,South,Gym,77,5710,258,5k-8k,250-400,5.82,85.9,unfit
59,North,Walking,82,7746,230,5k-8k,<250,7.29,68.9,moderately_fit
30,South,Running,108,9372,694,8k-11k,550-700,9.79,56.9,moderately_fit
58,North,Walking,76,6966,269,5k-8k,250-400,6.67,73.4,unfit
25,East,Running,110,11995,512,11k-14k,400-550,4.24,77.2,moderately_fit
21,West,Sports,91,12450,523,11k-14k,400-550,7.64,59.7,moderately_fit
24,South,Gym,86,4763,193,<5k,<250,5.44,78.9,unfit
23,East,Sports,82,14010,562,>14k,550-700,6.77,51.1,moderately_fit
69,South,Walking,73,9380,280,8k-11k,250-400,8.4,92.7,moderately_fit
54,North,Walking,60,3553,122,<5k,<250,5.78,76.8,unfit
30,West,Running,89,17265,831,>14k,>700,7.78,83.4,fit
32,North,Cycling,73,10761,439,8k-11k,400-550,7.17,74.7,moderately_fit
30,North,Cycling,61,12376,669,11k-14k,550-700,7.47,70.4,fit
26,South,Cycling,98,8409,501,8k-11k,400-550,5.53,75.3,moderately_fit
23,East,Gym,88,7086,225,5k-8k,<250,7.27,86.6,moderately_fit
24,South,Walking,79,7854,307,5k-8k,250-400,7.74,58.3,moderately_fit
35,North,Gym,80,8325,413,8k-11k,400-550,5.7,80.1,moderately_fit
60,East,Walking,88,6058,189,5k-8k,<250,7.77,86.5,unfit
29,South,Sports,88,8387,421,8k-11k,400-550,6.28,70.6,moderately_fit
62,North,Sports,105,10712,569,8k-11k,550-700,8.16,71.1,moderately_fit
57,South,Walking,71,6696,259,5k-8k,250-400,5.72,68.8,unfit
29,North,Cycling,110,13884,715,11k-14k,>700,6.13,55.9,fit
55,South,Gym,83,8324,372,8k-11k,250-400,7.65,71.1,moderately_fit
28,East,Walking,75,11978,453,11k-14k,400-550,6.93,72.2,moderately_fit
70,East,Walking,82,9241,295,8k-11k,250-400,5.02,74.1,moderately_fit
21,North,Running,86,14751,861,>14k,>700,8.31,68.0,fit
31,North,Cycling,97,10904,425,8k-11k,400-550,5.91,55.7,moderately_fit
33,North,Gym,84,6924,298,5k-8k,250-400,6.56,79.9,unfit
59,North,Sports,94,6056,272,5k-8k,250-400,7.41,81.9,unfit
57,North,Gym,83,6830,253,5k-8k,250-400,6.23,60.7,unfit
26,North,Gym,85,7856,465,5k-8k,400-550,7.86,76.5,moderately_fit
24,North,Gym,88,7636,386,5k-8k,250-400,7.59,79.6,moderately_fit
58,South,Cycling,89,9678,559,8k-11k,550-700,7.19,78.0,moderately_fit
36,South,Cycling,91,6620,260,5k-8k,250-400,4.91,75.0,unfit
26,North,Cycling,110,8403,330,8k-11k,250-400,8.44,65.2,moderately_fit
30,South,Gym,83,4270,211,<5k,<250,7.09,81.5,unfit
33,North,Gym,82,5618,247,5k-8k,<250,6.51,69.5,unfit
23,East,Gym,88,8156,251,8k-11k,250-400,7.11,64.4,moderately_fit
47,South,Gym,90,10086,448,8k-11k,400-550,8.02,64.6,moderately_fit
24,North,Running,115,20198,982,>14k,>700,7.64,70.7,fit
65,North,Walking,83,2038,100,<5k,<250,6.75,75.9,unfit
35,North,Gym,77,11059,587,11k-14k,550-700,5.39,61.7,moderately_fit
48,East,Gym,79,5591,268,5k-8k,250-400,5.31,81.1,unfit
30,West,Running,86,14290,705,>14k,>700,7.07,85.7,fit
26,North,Cycling,93,12801,658,11k-14k,550-700,7.8,79.0,fit
57,East,Cycling,81,12393,618,11k-14k,550-700,8.34,83.8,fit
29,North,Cycling,92,17109,813,>14k,>700,8.73,64.9,fit
27,North,Running,102,17227,1090,>14k,>700,9.53,67.9,fit
46,North,Gym,86,6945,214,5k-8k,<250,6.77,67.1,unfit
26,West,Cycling,83,7513,412,5k-8k,400-550,7.64,77.4,moderately_fit
68,South,Walking,84,5798,222,5k-8k,<250,6.71,73.5,unfit
35,West,Cycling,84,12254,486,11k-14k,400-550,6.65,85.2,moderately_fit
25,South,Cycling,106,8552,470,8k-11k,400-550,8.35,65.3,moderately_fit
60,North,Running,100,13127,673,11k-14k,550-700,8.18,82.7,fit
54,East,Walking,79,5224,169,5k-8k,<250,6.35,98.5,unfit
31,West,Sports,81,9047,421,8k-11k,400-550,6.3,93.4,moderately_fit
30,East,Cycling,86,11382,678,11k-14k,550-700,6.02,66.5,moderately_fit
23,East,Cycling,93,9343,491,8k-11k,400-550,6.52,86.5,moderately_fit
57,North,Walking,77,3607,108,<5k,<250,6.83,77.4,unfit
46,North,Gym,89,8850,392,8k-11k,250-400,6.39,73.8,moderately_fit
29,North,Gym,89,10304,542,8k-11k,400-550,7.2,74.2,moderately_fit
30,South,Gym,50,8286,265,8k-11k,250-400,6.66,73.2,moderately_fit
21,West,Running,101,15524,669,>14k,550-700,7.08,54.8,fit
30,East,Sports,98,14814,755,>14k,>700,7.58,68.6,fit
26,East,Gym,87,11547,577,11k-14k,550-700,6.84,64.4,moderately_fit
54,North,Gym,93,5534,231,5k-8k,<250,5.89,76.6,unfit
26,East,Gym,79,9536,475,8k-11k,400-550,6.5,63.3,moderately_fit
28,West,Gym,81,7585,395,5k-8k,250-400,7.71,69.4,moderately_fit
48,South,Sports,97,6898,267,5k-8k,250-400,7.49,76.0,unfit
45,South,Cycling,92,11446,631,11k-14k,550-700,7.27,75.6,moderately_fit
32,East,Running,99,16608,985,>14k,>700,7.11,76.4,fit
22,South,Gym,71,8548,336,8k-11k,250-400,6.14,79.1,moderately_fit
23,West,Gym,81,10253,367,8k-11k,250-400,5.55,55.3,moderately_fit
32,South,Gym,85,12934,466,11k-14k,400-550,7.31,67.0,moderately_fit
26,North,Gym,81,12029,550,11k-14k,400-550,6.8,68.4,moderately_fit
25,South,Gym,64,8067,447,8k-11k,400-550,7.25,78.1,moderately_fit
26,North,Cycling,83,11160,570,11k-14k,550-700,8.11,66.7,moderately_fit
58,South,Walking,74,4450,150,<5k,<250,5.45,72.8,unfit
67,North,Walking,81,5845,227,5k-8k,<250,3.4,64.9,unfit
52,West,Running,108,11721,708,11k-14k,>700,7.86,87.5,moderately_fit
53,West,Sports,94,7084,365,5k-8k,250-400,8.54,78.4,moderately_fit
19,North,Sports,97,11773,541,11k-14k,400-550,7.04,63.5,moderately_fit
64,North,Cycling,79,3157,171,<5k,<250,7.11,93.6,unfit
29,South,Gym,75,6669,247,5k-8k,<250,6.59,81.1,unfit
54,East,Walking,72,6905,239,5k-8k,<250,7.06,86.9,unfit
26,North,Cycling,94,11718,525,11k-14k,400-550,5.95,56.9,moderately_fit
50,North,Cycling,63,11807,348,11k-14k,250-400,8.47,80.6,moderately_fit
35,South,Cycling,87,10771,537,8k-11k,400-550,7.33,63.8,moderately_fit
24,East,Gym,77,9109,434,8k-11k,400-550,6.75,71.4,moderately_fit
55,North,Walking,74,9742,413,8k-11k,400-550,5.89,63.4,moderately_fit
32,East,Sports,91,10938,580,8k-11k,550-700,8.13,72.3,moderately_fit
28,West,Gym,76,8370,346,8k-11k,250-400,6.78,70.6,moderately_fit
29,North,Running,104,14048,765,>14k,>700,8.77,78.9,fit
53,South,Sports,94,8022,447,8k-11k,400-550,8.04,72.6,moderately_fit
62,North,Cycling,120,9122,403,8k-11k,400-550,8.52,77.1,moderately_fit
30,North,Gym,99,7389,314,5k-8k,250-400,6.79,66.3,moderately_fit
27,North,Gym,68,8321,380,8k-11k,250-400,7.51,71.2,moderately_fit
30,South,Walking,72,5869,185,5k-8k,<250,6.71,71.1,unfit
27,East,Running,107,8766,428,8k-11k,400-550,7.02,84.4,moderately_fit
32,South,Running,100,6351,300,5k-8k,250-400,6.26,67.2,unfit
26,North,Gym,101,5907,255,5k-8k,250-400,9.22,83.6,unfit
30,North,Gym,90,12052,538,11k-14k,400-550,6.47,67.4,moderately_fit
34,South,Walking,120,7296,265,5k-8k,250-400,7.19,87.4,moderately_fit
29,North,Sports,81,10846,527,8k-11k,400-550,8.31,84.3,moderately_fit
25,North,Cycling,93,8841,392,8k-11k,250-400,6.49,81.1,moderately_fit
26,South,Gym,73,12619,665,11k-14k,550-700,5.66,65.7,fit
24,West,Sports,79,10875,479,8k-11k,400-550,7.62,72.6,moderately_fit
41,North,Cycling,99,8047,451,8k-11k,400-550,6.76,87.2,moderately_fit
29,East,Cycling,88,6390,351,5k-8k,250-400,6.42,66.2,moderately_fit
50,North,Running,115,5106,271,5k-8k,250-400,6.77,78.6,unfit
29,South,Cycling,85,12273,693,11k-14k,550-700,7.55,78.0,fit
47,South,Gym,87,12282,450,11k-14k,400-550,5.51,71.8,moderately_fit
47,East,Running,95,12989,664,11k-14k,550-700,7.11,67.4,fit
18,South,Cycling,84,12707,764,11k-14k,>700,6.01,60.2,fit
58,South,Walking,70,9459,306,8k-11k,250-400,7.89,93.9,moderately_fit
30,North,Gym,92,10452,364,8k-11k,250-400,6.86,85.2,moderately_fit
36,North,Gym,99,8780,397,8k-11k,250-400,8.18,83.7,moderately_fit
23,South,Gym,82,11065,655,11k-14k,550-700,7.99,84.2,moderately_fit
27,West,Gym,81,11657,544,11k-14k,400-550,7.09,77.2,moderately_fit
32,South,Cycling,88,12153,473,11k-14k,400-550,7.88,68.9,moderately_fit
57,East,Walking,120,4948,151,<5k,<250,7.09,75.1,unfit
28,North,Gym,84,10349,397,8k-11k,250-400,8.02,62.5,moderately_fit
25,South,Sports,94,10660,630,8k-11k,550-700,7.11,79.3,moderately_fit
26,North,Running,104,14106,647,>14k,550-700,7.56,64.4,fit
46,North,Gym,83,9126,458,8k-11k,400-550,5.96,75.2,moderately_fit
32,South,Gym,87,13663,661,11k-14k,550-700,6.15,74.6,fit
34,East,Cycling,78,11816,517,11k-14k,400-550,7.83,73.8,moderately_fit
27,South,Cycling,80,11321,487,11k-14k,400-550,7.7,80.6,moderately_fit
47,East,Gym,50,7065,277,5k-8k,250-400,6.08,90.5,moderately_fit
22,East,Sports,91,11193,600,11k-14k,550-700,7.25,71.0,moderately_fit
36,North,Cycling,74,9593,382,8k-11k,250-400,5.93,81.8,moderately_fit
22,East,Cycling,89,11780,533,11k-14k,400-550,5.75,72.1,moderately_fit
55,North,Walking,69,7858,169,5k-8k,<250,6.73,78.1,moderately_fit
68,North,Walking,81,2784,100,<5k,<250,5.84,83.8,unfit
66,North,Walking,79,6972,239,5k-8k,<250,6.76,101.3,unfit
42,North,Walking,70,5589,208,5k-8k,<250,6.06,89.3,unfit
31,East,Walking,74,5904,189,5k-8k,<250,5.79,76.9,unfit
68,West,Walking,62,6354,209,5k-8k,<250,7.75,78.6,unfit
28,North,Cycling,84,10262,429,8k-11k,400-550,7.93,68.2,moderately_fit
25,North,Walking,63,8579,285,8k-11k,250-400,5.91,69.5,moderately_fit
29,North,Gym,76,10236,516,8k-11k,400-550,8.34,79.9,moderately_fit
33,East,Sports,93,13714,728,11k-14k,>700,6.18,73.2,fit
26,South,Gym,81,12762,564,11k-14k,550-700,5.97,69.7,moderately_fit
28,South,Running,97,8839,428,8k-11k,400-550,6.34,74.2,moderately_fit
28,East,Running,108,14613,679,>14k,550-700,6.73,71.2,fit
54,South,Sports,100,8030,438,8k-11k,400-550,6.31,75.2,moderately_fit
32,West,Sports,88,12831,766,11k-14k,>700,6.96,85.9,fit
26,North,Running,111,9983,531,8k-11k,400-550,6.42,66.8,moderately_fit
29,West,Sports,98,12174,573,11k-14k,550-700,6.65,59.9,moderately_fit
45,North,Running,102,6653,388,5k-8k,250-400,7.22,77.3,moderately_fit
32,North,Cycling,80,10988,587,8k-11k,550-700,8.02,66.3,moderately_fit
31,East,Gym,64,9147,370,8k-11k,250-400,7.34,70.7,moderately_fit
63,East,Gym,89,5318,223,5k-8k,<250,8.22,89.8,unfit
29,East,Running,103,12718,582,11k-14k,550-700,7.2,79.5,moderately_fit
48,North,Cycling,74,8675,381,8k-11k,250-400,7.0,75.7,moderately_fit
32,West,Cycling,83,7006,349,5k-8k,250-400,8.69,66.4,moderately_fit
64,North,Walking,73,2953,123,<5k,<250,7.34,76.2,unfit
25,North,Gym,89,10003,532,8k-11k,400-550,8.03,107.4,moderately_fit
27,North,Cycling,88,13950,711,11k-14k,>700,9.32,89.8,fit
53,East,Walking,76,7706,283,5k-8k,250-400,5.58,75.2,moderately_fit
34,East,Gym,82,3860,151,<5k,<250,5.33,77.1,unfit
24,South,Running,107,18120,1034,>14k,>700,7.64,45.9,fit
71,North,Sports,92,11659,545,11k-14k,400-550,7.29,77.1,moderately_fit
36,North,Walking,65,5545,217,5k-8k,<250,5.59,81.6,unfit
59,North,Gym,78,5447,219,5k-8k,<250,7.27,75.3,unfit
25,South,Gym,78,8239,371,8k-11k,250-400,6.81,72.6,moderately_fit
18,East,Gym,72,10829,397,8k-11k,250-400,7.29,70.6,moderately_fit
37,East,Gym,85,7974,429,5k-8k,400-550,7.67,82.9,moderately_fit
53,West,Gym,86,8639,299,8k-11k,250-400,7.79,59.8,moderately_fit
65,North,Cycling,84,4984,260,<5k,250-400,7.87,71.8,unfit
69,North,Walking,76,3136,115,<5k,<250,3.95,84.5,unfit
28,South,Cycling,96,9011,378,8k-11k,250-400,7.95,64.2,moderately_fit
63,East,Gym,80,4957,188,<5k,<250,6.0,91.2,unfit
24,South,Gym,92,10668,451,8k-11k,400-550,6.95,68.9,moderately_fit
32,West,Running,90,14337,941,>14k,>700,7.65,55.0,fit
51,South,Walking,74,7556,298,5k-8k,250-400,7.49,72.2,moderately_fit
28,North,Gym,103,12037,529,11k-14k,400-550,6.66,85.7,moderately_fit
50,North,Cycling,96,10425,402,8k-11k,400-550,7.28,60.7,moderately_fit
23,East,Cycling,45,7144,318,5k-8k,250-400,6.89,73.7,moderately_fit
75,East,Cycling,97,6395,238,5k-8k,<250,7.2,85.4,unfit
63,North,Walking,79,5034,181,5k-8k,<250,6.34,77.4,unfit
19,North,Gym,86,10577,440,8k-11k,400-550,7.73,66.7,moderately_fit
58,South,Cycling,92,6441,305,5k-8k,250-400,8.61,77.2,unfit
66,East,Walking,45,8399,298,8k-11k,250-400,5.02,77.8,moderately_fit
24,North,Cycling,79,10516,478,8k-11k,400-550,8.29,78.7,moderately_fit
31,South,Cycling,87,10133,487,8k-11k,400-550,8.18,73.3,moderately_fit
30,North,Cycling,87,10551,389,8k-11k,250-400,7.57,86.5,moderately_fit
29,West,Gym,92,7977,362,5k-8k,250-400,10.14,73.9,moderately_fit
50,North,Sports,90,5888,262,5k-8k,250-400,6.95,77.9,unfit
67,East,Running,92,13823,880,11k-14k,>700,6.69,88.5,fit
44,South,Running,112,10495,644,8k-11k,550-700,9.73,60.7,moderately_fit
21,North,Running,100,16589,754,>14k,>700,5.54,69.1,fit
61,South,Walking,76,4855,141,<5k,<250,4.92,75.1,unfit
22,North,Gym,86,8160,333,8k-11k,250-400,7.8,63.1,moderately_fit
30,East,Sports,96,8847,487,8k-11k,400-550,7.47,70.0,moderately_fit
26,South,Gym,73,5012,238,5k-8k,<250,5.71,90.9,unfit
57,North,Gym,83,6286,256,5k-8k,250-400,7.82,69.1,unfit
62,North,Gym,91,5847,230,5k-8k,<250,6.67,74.5,unfit
49,East,Gym,74,11523,519,11k-14k,400-550,5.11,97.6,moderately_fit
29,North,Running,89,14115,827,>14k,>700,7.96,74.6,fit
28,South,Sports,93,14987,820,>14k,>700,8.19,84.8,fit
24,North,Gym,70,5845,282,5k-8k,250-400,5.71,80.1,unfit
18,West,Cycling,50,12129,624,11k-14k,550-700,5.73,68.7,fit
29,South,Cycling,85,12496,708,11k-14k,>700,4.65,82.1,fit
47,East,Running,104,12436,631,11k-14k,550-700,7.2,83.5,fit
53,North,Walking,62,6433,177,5k-8k,<250,6.0,93.7,unfit
22,North,Running,95,13851,661,11k-14k,550-700,6.68,68.8,fit
35,North,Sports,91,8540,386,8k-11k,250-400,8.24,65.1,moderately_fit
50,North,Walking,66,3560,125,<5k,<250,5.99,80.3,unfit
31,East,Cycling,76,12726,681,11k-14k,550-700,5.85,74.0,fit
29,South,Sports,93,10395,549,8k-11k,400-550,7.07,64.4,moderately_fit
25,South,Cycling,102,10374,476,8k-11k,400-550,7.47,78.5,moderately_fit
24,East,Running,100,12417,649,11k-14k,550-700,6.16,76.5,fit
27,North,Sports,91,9986,533,8k-11k,400-550,5.99,68.8,moderately_fit
52,North,Walking,70,3261,119,<5k,<250,7.52,82.8,unfit
25,West,Cycling,85,15280,847,>14k,>700,5.56,73.5,fit
31,South,Running,87,7584,426,5k-8k,400-550,6.32,69.2,moderately_fit
58,East,Walking,72,7242,250,5k-8k,<250,5.62,84.3,moderately_fit
18,North,Running,101,18266,861,>14k,>700,7.16,69.0,fit
57,South,Walking,69,6202,203,5k-8k,<250,7.05,83.3,unfit
34,North,Gym,78,8495,302,8k-11k,250-400,7.3,86.5,moderately_fit
26,West,Gym,73,10048,405,8k-11k,400-550,6.97,63.9,moderately_fit
64,South,Walking,67,4748,208,<5k,<250,8.52,88.4,unfit
30,North,Gym,82,11656,466,11k-14k,400-550,6.66,72.3,moderately_fit
18,East,Cycling,86,14798,636,>14k,550-700,5.61,69.3,fit
46,South,Gym,90,9489,456,8k-11k,400-550,7.5,85.9,moderately_fit
26,East,Running,102,9247,603,8k-11k,550-700,7.22,75.8,moderately_fit
30,North,Cycling,81,12727,638,11k-14k,550-700,7.09,64.1,fit
47,North,Gym,87,11275,568,11k-14k,550-700,6.64,80.2,moderately_fit
40,North,Sports,120,12613,562,11k-14k,550-700,7.51,76.9,moderately_fit
27,North,Cycling,90,13742,664,11k-14k,550-700,8.61,75.9,fit
56,East,Walking,71,4514,167,<5k,<250,8.0,76.6,unfit
21,East,Sports,93,11554,614,11k-14k,550-700,9.31,68.2,moderately_fit
35,South,Cycling,100,13915,543,11k-14k,400-550,7.91,71.0,moderately_fit
47,West,Gym,74,9731,415,8k-11k,400-550,8.46,55.3,moderately_fit
56,North,Running,108,10458,478,8k-11k,400-550,7.89,85.5,moderately_fit
27,West,Running,101,13284,709,11k-14k,>700,6.92,66.4,fit
29,West,Running,100,13958,869,11k-14k,>700,9.16,69.1,fit
20,South,Cycling,84,11094,544,11k-14k,400-550,6.74,70.2,moderately_fit
31,North,Gym,70,9147,329,8k-11k,250-400,6.7,87.0,moderately_fit
23,East,Sports,90,20424,1231,>14k,>700,7.77,53.9,fit
59,North,Cycling,98,6960,316,5k-8k,250-400,7.32,71.2,unfit
50,East,Cycling,85,4955,207,<5k,<250,6.09,79.2,unfit
27,North,Walking,86,6194,211,5k-8k,<250,7.76,45.0,unfit
42,South,Running,87,14263,648,>14k,550-700,6.83,73.7,fit
32,South,Cycling,79,12384,716,11k-14k,>700,8.39,68.5,fit
63,North,Cycling,103,5710,294,5k-8k,250-400,7.25,74.6,unfit
47,South,Sports,91,9545,458,8k-11k,400-550,7.2,75.1,moderately_fit
56,North,Sports,45,11871,611,11k-14k,550-700,6.73,81.5,moderately_fit
31,South,Running,114,13377,743,11k-14k,>700,7.88,60.8,fit
22,East,Cycling,106,9119,453,8k-11k,400-550,6.7,76.4,moderately_fit
24,North,Walking,79,6052,218,5k-8k,<250,9.68,68.2,unfit
62,East,Walking,73,8469,346,8k-11k,250-400,7.52,92.8,moderately_fit
27,North,Gym,84,8265,429,8k-11k,400-550,8.11,81.1,moderately_fit
54,East,Cycling,94,9251,510,8k-11k,400-550,6.05,75.2,moderately_fit
62,West,Sports,104,5189,274,5k-8k,250-400,8.07,87.7,unfit
23,North,Gym,86,9074,435,8k-11k,400-550,7.42,58.6,moderately_fit
60,West,Walking,77,11407,462,11k-14k,400-550,5.92,67.0,moderately_fit
24,South,Sports,103,16953,832,>14k,>700,9.28,85.2,fit
29,North,Running,92,14662,689,>14k,550-700,6.09,67.8,fit
25,West,Running,86,19145,1013,>14k,>700,6.49,81.0,fit
52,North,Gym,76,9241,470,8k-11k,400-550,6.99,73.5,moderately_fit
25,North,Running,112,21277,1077,>14k,>700,8.76,77.4,fit
42,South,Sports,87,12587,718,11k-14k,>700,6.71,70.2,fit
57,East,Walking,56,8599,279,8k-11k,250-400,5.39,65.1,moderately_fit
29,East,Gym,76,3984,151,<5k,<250,6.4,80.0,unfit
28,North,Gym,85,10298,523,8k-11k,400-550,6.39,86.5,moderately_fit
29,West,Walking,73,6186,174,5k-8k,<250,6.71,56.8,unfit
32,East,Running,89,15283,743,>14k,>700,6.68,74.5,fit
50,West,Sports,93,11533,536,11k-14k,400-550,6.64,74.8,moderately_fit
29,North,Cycling,91,14579,804,>14k,>700,7.04,81.1,fit
23,East,Sports,87,15178,660,>14k,550-700,5.88,76.1,fit
19,West,Sports,81,9389,491,8k-11k,400-550,8.18,72.9,moderately_fit
32,South,Running,94,8047,375,8k-11k,250-400,7.12,59.6,moderately_fit
30,West,Running,96,13184,758,11k-14k,>700,6.61,78.4,fit
51,North,Gym,74,9677,406,8k-11k,400-550,7.28,74.3,moderately_fit
22,North,Gym,84,11318,565,11k-14k,550-700,7.39,63.4,moderately_fit
31,West,Cycling,110,11127,512,11k-14k,400-550,6.89,76.0,moderately_fit
44,West,Running,108,14242,804,>14k,>700,6.72,72.0,fit
54,North,Gym,71,9655,475,8k-11k,400-550,7.26,88.5,moderately_fit
30,North,Running,115,14004,799,>14k,>700,5.56,71.5,fit
18,East,Gym,82,11554,486,11k-14k,400-550,7.14,77.9,moderately_fit
25,West,Running,101,16429,893,>14k,>700,7.14,80.7,fit
28,South,Gym,74,9246,421,8k-11k,400-550,7.82,76.3,moderately_fit
58,East,Walking,94,8825,324,8k-11k,250-400,6.91,61.3,moderately_fit
55,East,Running,92,7704,431,5k-8k,400-550,7.86,73.9,moderately_fit
45,North,Gym,76,12326,544,11k-14k,400-550,5.7,63.7,moderately_fit
58,West,Cycling,45,11412,524,11k-14k,400-550,8.91,64.6,moderately_fit
44,South,Gym,71,13664,534,11k-14k,400-550,7.38,47.1,moderately_fit
36,South,Cycling,78,6762,323,5k-8k,250-400,5.74,64.5,unfit
22,South,Running,96,13546,646,11k-14k,550-700,6.02,69.9,fit
25,South,Gym,73,10738,451,8k-11k,400-550,6.99,72.9,moderately_fit
47,East,Running,111,12874,647,11k-14k,550-700,6.78,77.9,fit
63,West,Running,112,9204,455,8k-11k,400-550,8.81,85.0,moderately_fit
28,East,Gym,81,10100,396,8k-11k,250-400,7.6,71.1,moderately_fit
50,East,Walking,85,8785,321,8k-11k,250-400,6.34,69.5,moderately_fit
61,North,Gym,83,7485,211,5k-8k,<250,6.19,79.2,moderately_fit
28,East,Gym,72,5921,274,5k-8k,250-400,6.19,57.9,unfit
66,North,Running,102,16364,953,>14k,>700,6.63,76.9,fit
55,North,Cycling,83,6642,329,5k-8k,250-400,6.49,88.2,unfit
59,North,Walking,87,3377,118,<5k,<250,5.21,66.4,unfit
20,East,Running,45,12623,599,11k-14k,550-700,6.85,66.8,moderately_fit
30,West,Running,104,11955,514,11k-14k,400-550,8.94,69.8,moderately_fit
21,East,Running,98,15526,886,>14k,>700,7.12,79.1,fit
51,North,Walking,74,11459,304,11k-14k,250-400,5.97,74.2,moderately_fit
35,North,Running,105,10614,542,8k-11k,400-550,7.09,88.9,moderately_fit
28,South,Walking,85,9655,363,8k-11k,250-400,6.22,76.9,moderately_fit
33,North,Gym,82,13877,594,11k-14k,550-700,7.29,78.8,moderately_fit
52,South,Gym,82,6673,270,5k-8k,250-400,7.9,73.6,unfit
20,East,Gym,72,9617,460,8k-11k,400-550,6.29,50.6,moderately_fit
59,West,Walking,56,6424,182,5k-8k,<250,5.96,86.4,unfit
46,South,Gym,95,6992,269,5k-8k,250-400,5.9,65.2,unfit
22,North,Gym,78,5192,208,5k-8k,<250,8.04,88.1,unfit
61,East,Walking,75,8411,287,8k-11k,250-400,8.27,87.9,moderately_fit
30,East,Gym,88,9595,402,8k-11k,400-550,6.92,64.7,moderately_fit
44,West,Gym,83,6855,249,5k-8k,<250,7.65,78.3,unfit
50,North,Cycling,83,9330,416,8k-11k,400-550,7.43,69.0,moderately_fit
21,South,Gym,93,9010,343,8k-11k,250-400,6.34,86.5,moderately_fit
46,West,Cycling,88,11241,465,11k-14k,400-550,6.74,105.4,moderately_fit
28,North,Gym,78,7085,257,5k-8k,250-400,7.14,59.3,moderately_fit
32,East,Cycling,95,9936,455,8k-11k,400-550,7.96,63.9,moderately_fit
23,North,Gym,73,10027,424,8k-11k,400-550,6.45,80.6,moderately_fit
33,South,Sports,95,6781,338,5k-8k,250-400,9.19,78.9,unfit
27,East,Cycling,76,10665,436,8k-11k,400-550,6.38,61.5,moderately_fit
18,South,Gym,65,8281,393,8k-11k,250-400,6.69,66.7,moderately_fit
26,East,Gym,63,10987,442,8k-11k,400-550,7.45,72.2,moderately_fit
22,South,Running,93,15341,942,>14k,>700,5.89,67.4,fit
35,West,Sports,72,14697,670,>14k,550-700,6.46,68.2,fit
24,South,Running,107,8355,290,8k-11k,250-400,6.94,56.1,moderately_fit
32,North,Running,110,11749,462,11k-14k,400-550,7.55,89.8,moderately_fit
29,South,Gym,84,9755,384,8k-11k,250-400,8.84,76.6,moderately_fit
52,East,Walking,62,8770,274,8k-11k,250-400,6.6,93.9,moderately_fit
64,East,Walking,71,3334,118,<5k,<250,6.24,72.7,unfit
45,South,Gym,90,6191,303,5k-8k,250-400,7.37,73.0,unfit
44,South,Walking,69,9242,354,8k-11k,250-400,6.99,79.6,moderately_fit
34,East,Walking,61,11754,327,11k-14k,250-400,6.28,62.4,moderately_fit
51,East,Running,108,16817,677,>14k,550-700,7.88,87.5,fit
53,East,Running,102,16647,741,>14k,>700,7.55,69.0,fit
56,East,Walking,68,6835,263,5k-8k,250-400,6.02,82.2,unfit
28,South,Cycling,83,11531,461,11k-14k,400-550,6.91,72.1,moderately_fit
27,North,Gym,64,14154,628,>14k,550-700,7.65,72.9,fit
66,North,Walking,54,4788,164,<5k,<250,7.41,88.6,unfit
74,West,Cycling,93,4994,317,<5k,250-400,6.21,65.2,unfit
33,North,Cycling,74,11508,644,11k-14k,550-700,7.97,59.9,moderately_fit
28,South,Cycling,96,10298,579,8k-11k,550-700,7.74,73.5,moderately_fit
75,West,Walking,59,3423,124,<5k,<250,5.9,83.3,unfit
32,North,Gym,88,11193,361,11k-14k,250-400,8.48,66.3,moderately_fit
27,East,Running,93,13349,824,11k-14k,>700,8.62,70.1,fit
38,East,Gym,87,9128,409,8k-11k,400-550,6.67,45.0,moderately_fit
27,West,Walking,65,8602,359,8k-11k,250-400,5.97,79.4,moderately_fit
21,North,Running,95,9404,580,8k-11k,550-700,6.99,81.3,moderately_fit
20,North,Gym,77,12965,561,11k-14k,550-700,7.03,71.9,moderately_fit
43,West,Gym,102,14085,578,>14k,550-700,5.49,67.1,moderately_fit
26,North,Gym,77,12668,691,11k-14k,550-700,6.26,73.1,fit
46,South,Walking,75,1000,100,<5k,<250,6.62,78.1,unfit
55,East,Walking,68,6477,216,5k-8k,<250,7.56,67.6,unfit
18,North,Running,96,9424,489,8k-11k,400-550,6.47,83.5,moderately_fit
62,West,Walking,69,8040,319,8k-11k,250-400,5.31,96.5,moderately_fit
61,East,Cycling,77,11553,512,11k-14k,400-550,7.26,84.8,moderately_fit
38,North,Gym,83,9598,344,8k-11k,250-400,6.25,58.3,moderately_fit
27,North,Cycling,85,4671,195,<5k,<250,7.69,72.1,unfit
61,North,Gym,79,7159,301,5k-8k,250-400,6.87,80.3,moderately_fit
34,North,Gym,81,6130,212,5k-8k,<250,6.11,93.4,unfit
26,East,Gym,110,9813,410,8k-11k,400-550,7.05,73.4,moderately_fit
30,North,Gym,76,9163,432,8k-11k,400-550,8.3,55.9,moderately_fit
43,South,Running,130,15627,802,>14k,>700,6.25,69.6,fit
34,West,Gym,76,8537,306,8k-11k,250-400,7.21,71.3,moderately_fit
35,South,Cycling,84,14821,730,>14k,>700,6.58,78.4,fit
64,North,Gym,93,7927,292,5k-8k,250-400,6.64,78.9,moderately_fit
40,West,Cycling,84,8927,403,8k-11k,400-550,6.71,70.7,moderately_fit
34,North,Cycling,80,10501,364,8k-11k,250-400,5.88,57.3,moderately_fit
28,West,Gym,88,12552,593,11k-14k,550-700,8.15,65.0,moderately_fit
25,East,Cycling,73,14990,747,>14k,>700,8.12,68.2,fit
24,East,Cycling,93,4831,209,<5k,<250,5.42,69.4,unfit
22,East,Sports,95,9664,414,8k-11k,400-550,6.72,87.0,moderately_fit
36,South,Gym,80,7231,308,5k-8k,250-400,6.73,80.3,moderately_fit
28,East,Cycling,88,14715,683,>14k,550-700,8.53,63.0,fit
28,East,Cycling,83,14343,642,>14k,550-700,5.55,77.9,fit
30,South,Cycling,96,13551,642,11k-14k,550-700,7.63,59.7,fit
25,South,Running,98,17706,960,>14k,>700,6.3,60.0,fit
26,West,Sports,84,16588,756,>14k,>700,8.16,64.7,fit
30,South,Sports,86,13359,602,11k-14k,550-700,7.54,71.6,fit
65,West,Gym,82,9589,467,8k-11k,400-550,6.12,86.7,moderately_fit
40,South,Gym,81,9613,392,8k-11k,250-400,6.57,79.0,moderately_fit
37,South,Cycling,83,13120,597,11k-14k,550-700,7.18,79.9,moderately_fit
59,North,Walking,82,4844,178,<5k,<250,5.07,89.1,unfit
28,North,Gym,120,7164,367,5k-8k,250-400,8.02,80.9,moderately_fit
67,South,Sports,93,7105,356,5k-8k,250-400,6.24,74.7,moderately_fit
24,South,Cycling,77,10831,489,8k-11k,400-550,7.17,64.5,moderately_fit
70,East,Sports,94,10532,661,8k-11k,550-700,6.68,87.2,moderately_fit
61,East,Gym,76,11255,431,11k-14k,400-550,6.09,89.8,moderately_fit
62,East,Gym,84,5553,238,5k-8k,<250,6.51,84.6,unfit
50,East,Sports,86,16547,757,>14k,>700,7.86,86.1,fit
35,North,Gym,87,8310,368,8k-11k,250-400,6.04,77.4,moderately_fit
27,East,Cycling,82,11328,598,11k-14k,550-700,6.68,85.7,moderately_fit
59,North,Gym,68,7983,335,5k-8k,250-400,8.63,72.7,moderately_fit
24,South,Gym,77,8022,348,8k-11k,250-400,6.21,81.1,moderately_fit
75,North,Walking,79,3959,145,<5k,<250,6.56,80.5,unfit
30,South,Gym,120,8439,349,8k-11k,250-400,7.67,60.5,moderately_fit
27,South,Running,94,10576,449,8k-11k,400-550,7.39,69.0,moderately_fit
57,North,Walking,76,4280,187,<5k,<250,4.59,83.9,unfit
53,South,Gym,87,7473,297,5k-8k,250-400,7.38,90.5,moderately_fit
31,West,Cycling,94,9943,597,8k-11k,550-700,6.41,73.3,moderately_fit
27,North,Cycling,92,9658,481,8k-11k,400-550,7.61,67.9,moderately_fit
37,East,Walking,73,9037,267,8k-11k,250-400,6.34,80.3,moderately_fit
28,South,Running,104,8746,479,8k-11k,400-550,6.98,55.2,moderately_fit
31,North,Walking,61,8476,270,8k-11k,250-400,8.61,74.2,moderately_fit
49,North,Walking,78,6648,233,5k-8k,<250,6.25,57.8,unfit
25,North,Gym,96,10241,464,8k-11k,400-550,6.84,57.7,moderately_fit
57,East,Running,102,7416,351,5k-8k,250-400,7.59,66.5,moderately_fit
28,North,Gym,83,7945,309,5k-8k,250-400,5.69,76.1,moderately_fit
27,North,Walking,74,8303,345,8k-11k,250-400,6.23,67.9,moderately_fit
41,North,Gym,71,7114,302,5k-8k,250-400,7.01,64.8,moderately_fit
35,South,Sports,130,7685,266,5k-8k,250-400,7.41,81.0,moderately_fit
62,East,Sports,103,8513,356,8k-11k,250-400,6.77,70.5,moderately_fit
18,South,Gym,78,9522,450,8k-11k,400-550,5.81,73.2,moderately_fit
28,South,Gym,88,11156,497,11k-14k,400-550,7.61,73.0,moderately_fit
25,South,Sports,91,15232,735,>14k,>700,8.14,67.8,fit
31,North,Walking,73,7582,243,5k-8k,<250,5.7,71.9,moderately_fit
32,South,Walking,70,8127,290,8k-11k,250-400,7.66,80.6,moderately_fit
23,South,Gym,64,12305,661,11k-14k,550-700,6.92,57.1,fit
26,South,Sports,81,11836,681,11k-14k,550-700,6.25,90.6,moderately_fit
22,East,Cycling,68,13033,614,11k-14k,550-700,7.17,67.0,fit
25,East,Gym,77,5984,245,5k-8k,<250,5.76,75.0,unfit
30,North,Walking,60,6234,227,5k-8k,<250,7.11,59.4,unfit
21,North,Sports,87,17025,943,>14k,>700,7.5,93.1,fit
30,South,Running,107,16873,1042,>14k,>700,6.24,60.5,fit
27,East,Running,114,16607,1073,>14k,>700,6.08,72.7,fit
36,North,Gym,84,6584,298,5k-8k,250-400,4.81,83.9,unfit
45,West,Cycling,85,6031,293,5k-8k,250-400,6.81,84.1,unfit
66,South,Walking,86,3523,142,<5k,<250,5.91,88.2,unfit
27,North,Cycling,98,11538,491,11k-14k,400-550,6.91,69.6,moderately_fit
58,East,Walking,63,6928,171,5k-8k,<250,5.8,99.1,unfit
52,North,Walking,78,9354,324,8k-11k,250-400,7.53,70.9,moderately_fit
44,South,Running,110,8785,502,8k-11k,400-550,6.59,75.8,moderately_fit
71,South,Cycling,84,6343,313,5k-8k,250-400,8.47,77.0,unfit
31,North,Gym,81,13215,636,11k-14k,550-700,6.51,66.7,fit
22,East,Walking,73,4607,160,<5k,<250,5.79,82.2,unfit
24,East,Running,112,15058,654,>14k,550-700,6.86,83.0,fit
26,North,Running,101,8427,509,8k-11k,400-550,6.93,74.4,moderately_fit
58,South,Cycling,91,7931,400,5k-8k,250-400,9.41,87.5,moderately_fit
30,North,Running,101,19698,1000,>14k,>700,5.57,63.5,fit
31,East,Walking,72,8405,235,8k-11k,<250,7.71,64.6,moderately_fit
49,North,Running,94,15874,877,>14k,>700,7.74,53.2,fit
48,South,Gym,86,9364,319,8k-11k,250-400,6.8,50.4,moderately_fit
31,North,Sports,88,13195,712,11k-14k,>700,5.92,88.0,fit
26,North,Running,109,9304,377,8k-11k,250-400,8.67,71.4,moderately_fit
29,East,Running,92,20095,1146,>14k,>700,5.91,80.7,fit
31,East,Gym,78,13209,587,11k-14k,550-700,7.32,75.6,moderately_fit
67,South,Walking,67,3894,148,<5k,<250,5.55,89.1,unfit
36,East,Running,91,17794,1210,>14k,>700,8.41,81.1,fit
33,South,Gym,120,11660,567,11k-14k,550-700,6.18,56.3,moderately_fit
62,North,Cycling,91,10114,476,8k-11k,400-550,7.63,90.0,moderately_fit
28,North,Running,106,14637,845,>14k,>700,6.93,77.9,fit
57,South,Walking,79,5718,200,5k-8k,<250,5.61,55.7,unfit
40,East,Gym,80,12883,510,11k-14k,400-550,5.49,79.9,moderately_fit
31,West,Cycling,82,11297,540,11k-14k,400-550,8.15,55.3,moderately_fit
28,North,Walking,57,8411,330,8k-11k,250-400,7.01,86.5,moderately_fit
46,South,Running,93,17171,932,>14k,>700,6.6,83.1,fit
29,North,Running,102,17388,762,>14k,>700,6.9,73.8,fit
31,East,Gym,93,6045,247,5k-8k,<250,5.67,75.3,unfit
27,East,Cycling,75,9818,420,8k-11k,400-550,6.3,57.6,moderately_fit
35,North,Cycling,84,8584,400,8k-11k,250-400,7.26,79.6,moderately_fit
38,East,Sports,107,12379,744,11k-14k,>700,6.08,71.1,fit
56,East,Gym,83,6261,423,5k-8k,400-550,6.95,69.2,moderately_fit
23,North,Running,80,13353,879,11k-14k,>700,7.97,64.2,fit
31,South,Gym,77,8547,422,8k-11k,400-550,7.17,59.0,moderately_fit
54,South,Walking,80,6821,312,5k-8k,250-400,5.13,97.6,unfit
26,North,Walking,84,7051,272,5k-8k,250-400,6.47,80.3,moderately_fit
21,South,Running,112,17605,970,>14k,>700,8.94,81.5,fit
22,North,Gym,81,7006,265,5k-8k,250-400,8.45,58.8,moderately_fit
23,South,Running,108,10059,444,8k-11k,400-550,6.99,50.5,moderately_fit
71,East,Walking,75,3868,126,<5k,<250,6.01,78.3,unfit
34,South,Cycling,80,8178,319,8k-11k,250-400,8.0,71.1,moderately_fit
25,North,Running,86,14467,754,>14k,>700,6.87,73.7,fit
38,North,Running,96,11800,635,11k-14k,550-700,5.8,95.0,moderately_fit
60,South,Sports,89,6113,299,5k-8k,250-400,7.69,69.6,unfit
55,North,Cycling,85,5746,335,5k-8k,250-400,6.38,60.8,unfit
29,South,Gym,73,9723,441,8k-11k,400-550,6.56,60.8,moderately_fit
26,North,Running,98,16902,784,>14k,>700,7.31,73.9,fit
28,East,Running,95,11882,649,11k-14k,550-700,6.69,88.6,moderately_fit
54,West,Cycling,97,8901,474,8k-11k,400-550,7.92,84.2,moderately_fit
25,West,Cycling,83,9834,475,8k-11k,400-550,7.9,57.6,moderately_fit
59,North,Walking,77,5509,219,5k-8k,<250,7.21,95.1,unfit
28,East,Cycling,80,15605,842,>14k,>700,8.49,65.4,fit
50,North,Walking,77,11292,270,11k-14k,250-400,6.42,56.9,moderately_fit
20,East,Cycling,87,10724,464,8k-11k,400-550,6.44,71.5,moderately_fit
25,North,Gym,79,8254,275,8k-11k,250-400,6.03,69.0,moderately_fit
47,East,Gym,76,9146,358,8k-11k,250-400,5.94,94.9,moderately_fit
26,South,Cycling,74,11661,566,11k-14k,550-700,5.73,58.8,moderately_fit
23,West,Running,97,16543,917,>14k,>700,6.24,87.2,fit
22,East,Sports,93,12341,670,11k-14k,550-700,7.72,63.2,fit
31,South,Gym,90,8678,426,8k-11k,400-550,6.84,66.0,moderately_fit
32,West,Running,97,14924,687,>14k,550-700,8.0,66.4,fit
27,North,Cycling,110,11885,502,11k-14k,400-550,5.8,86.0,moderately_fit
25,West,Walking,59,6662,238,5k-8k,<250,5.99,56.8,unfit
55,East,Walking,82,6274,223,5k-8k,<250,9.35,69.5,unfit
25,West,Walking,67,7879,333,5k-8k,250-400,7.86,72.0,moderately_fit
29,North,Sports,91,5148,244,5k-8k,<250,9.57,75.4,unfit
33,North,Cycling,89,10657,510,8k-11k,400-550,9.08,80.4,moderately_fit
25,East,Gym,130,11791,497,11k-14k,400-550,6.92,67.4,moderately_fit
56,West,Walking,69,5096,171,5k-8k,<250,6.75,87.2,unfit
28,North,Gym,90,7473,344,5k-8k,250-400,7.1,47.6,moderately_fit
26,North,Running,94,11979,665,11k-14k,550-700,6.74,75.0,moderately_fit
58,North,Sports,98,10354,582,8k-11k,550-700,8.8,83.2,moderately_fit
27,West,Running,101,11139,506,11k-14k,400-550,8.4,63.3,moderately_fit
21,East,Gym,83,10395,484,8k-11k,400-550,8.24,77.0,moderately_fit
29,North,Running,97,14376,864,>14k,>700,6.08,63.5,fit
26,North,Sports,86,8972,365,8k-11k,250-400,6.46,70.4,moderately_fit
54,South,Gym,77,9963,447,8k-11k,400-550,7.26,63.7,moderately_fit
49,North,Sports,45,13442,679,11k-14k,550-700,6.0,80.5,fit
20,East,Walking,55,8396,213,8k-11k,<250,6.48,79.5,moderately_fit
18,South,Cycling,79,12096,561,11k-14k,550-700,5.87,64.2,moderately_fit
62,East,Gym,98,5814,208,5k-8k,<250,5.73,78.7,unfit
33,West,Cycling,89,9644,517,8k-11k,400-550,8.8,73.4,moderately_fit
25,South,Running,96,13000,575,11k-14k,550-700,9.78,67.6,moderately_fit
23,North,Walking,73,9219,354,8k-11k,250-400,7.45,74.0,moderately_fit
58,East,Walking,88,7012,295,5k-8k,250-400,5.88,103.5,moderately_fit
53,North,Sports,84,5039,202,5k-8k,<250,7.09,91.4,unfit
27,West,Gym,74,5695,261,5k-8k,250-400,7.51,68.9,unfit
59,North,Sports,80,7375,367,5k-8k,250-400,7.94,82.6,moderately_fit
19,East,Running,101,13505,450,11k-14k,400-550,7.3,68.3,moderately_fit
61,North,Gym,87,8211,345,8k-11k,250-400,7.83,73.2,moderately_fit
32,North,Sports,101,10438,503,8k-11k,400-550,7.39,85.9,moderately_fit
19,South,Cycling,84,12967,605,11k-14k,550-700,6.3,70.1,fit
23,West,Running,99,19289,1032,>14k,>700,7.76,71.1,fit
28,West,Gym,93,7877,384,5k-8k,250-400,8.16,101.9,moderately_fit
56,North,Cycling,86,6672,340,5k-8k,250-400,7.57,84.0,unfit
43,North,Cycling,110,7182,316,5k-8k,250-400,6.34,70.2,moderately_fit
30,South,Cycling,101,8453,368,8k-11k,250-400,7.32,76.6,moderately_fit
28,North,Cycling,97,12585,669,11k-14k,550-700,6.56,71.2,fit
21,East,Gym,74,11696,560,11k-14k,550-700,5.99,76.7,moderately_fit
37,South,Sports,97,12920,591,11k-14k,550-700,6.19,60.5,moderately_fit
30,East,Walking,65,5261,232,5k-8k,<250,5.7,66.7,unfit
32,East,Gym,130,8108,286,8k-11k,250-400,7.3,78.2,moderately_fit
45,South,Walking,90,5799,187,5k-8k,<250,7.93,78.3,unfit
28,East,Gym,79,13624,457,11k-14k,400-550,7.96,74.2,moderately_fit
65,North,Gym,90,7606,356,5k-8k,250-400,7.42,86.6,moderately_fit
46,North,Walking,72,6727,158,5k-8k,<250,7.37,78.6,unfit
26,East,Gym,83,10161,404,8k-11k,400-550,8.3,56.6,moderately_fit
49,North,Gym,88,6859,358,5k-8k,250-400,8.27,59.8,moderately_fit
33,North,Cycling,92,11807,550,11k-14k,400-550,7.13,87.2,moderately_fit
32,West,Running,109,12164,725,11k-14k,>700,6.75,88.6,fit
26,South,Running,107,18483,945,>14k,>700,9.27,95.2,fit
63,South,Cycling,93,6221,289,5k-8k,250-400,7.81,75.1,unfit
22,East,Running,100,15166,763,>14k,>700,8.31,60.4,fit
23,North,Gym,94,11342,558,11k-14k,550-700,5.82,64.7,moderately_fit
24,West,Sports,97,12280,413,11k-14k,400-550,8.75,61.1,moderately_fit
36,North,Walking,89,7294,312,5k-8k,250-400,5.75,65.3,moderately_fit
69,East,Walking,68,4877,151,<5k,<250,5.92,95.4,unfit
29,East,Running,101,11160,586,11k-14k,550-700,6.37,68.0,moderately_fit
50,South,Cycling,92,13775,638,11k-14k,550-700,7.14,65.1,fit
25,East,Cycling,75,10543,440,8k-11k,400-550,7.28,57.7,moderately_fit
29,West,Walking,77,4802,169,<5k,<250,6.32,77.5,unfit
55,East,Cycling,83,7232,353,5k-8k,250-400,7.23,80.0,moderately_fit
61,North,Cycling,82,11881,580,11k-14k,550-700,6.1,87.4,moderately_fit
47,South,Gym,130,13759,573,11k-14k,550-700,7.65,66.8,moderately_fit
54,West,Walking,74,6823,264,5k-8k,250-400,8.46,81.2,unfit
31,South,Cycling,98,12934,517,11k-14k,400-550,6.46,95.8,moderately_fit
29,East,Gym,79,13882,732,11k-14k,>700,6.17,71.7,fit
49,South,Walking,75,4424,163,<5k,<250,6.3,74.3,unfit
33,North,Gym,83,9980,404,8k-11k,400-550,6.74,68.8,moderately_fit
48,North,Walking,82,10053,412,8k-11k,400-550,5.31,72.6,moderately_fit
54,West,Walking,89,7758,296,5k-8k,250-400,5.02,86.0,moderately_fit
20,South,Gym,86,9185,408,8k-11k,400-550,8.2,57.5,moderately_fit
36,North,Gym,100,9704,451,8k-11k,400-550,5.17,50.0,moderately_fit
27,West,Sports,95,16876,665,>14k,550-700,7.2,86.2,fit
65,South,Walking,82,5796,197,5k-8k,<250,5.38,83.4,unfit
57,East,Gym,84,5090,234,5k-8k,<250,8.26,72.7,unfit
19,North,Sports,83,14442,765,>14k,>700,5.83,92.2,fit
46,West,Sports,108,8314,469,8k-11k,400-550,6.35,72.7,moderately_fit
25,South,Gym,71,7697,316,5k-8k,250-400,5.67,49.7,moderately_fit
29,East,Gym,85,8103,364,8k-11k,250-400,6.22,74.8,moderately_fit
59,North,Gym,77,7220,325,5k-8k,250-400,5.88,82.6,moderately_fit
51,North,Sports,96,8026,436,8k-11k,400-550,7.73,81.2,moderately_fit
40,North,Walking,83,7647,321,5k-8k,250-400,6.96,68.6,moderately_fit
26,West,Gym,50,8598,349,8k-11k,250-400,9.91,59.0,moderately_fit
52,North,Cycling,74,11326,562,11k-14k,550-700,5.16,76.1,moderately_fit
18,East,Running,93,15122,1150,>14k,>700,8.06,87.3,fit
28,North,Cycling,95,10814,451,8k-11k,400-550,6.81,71.6,moderately_fit
24,North,Running,95,14056,670,>14k,550-700,8.02,67.6,fit
33,North,Gym,90,12649,398,11k-14k,250-400,6.75,66.0,moderately_fit
58,East,Gym,103,9539,463,8k-11k,400-550,8.0,74.9,moderately_fit
54,East,Gym,83,4028,176,<5k,<250,8.98,84.1,unfit
26,West,Cycling,93,10111,433,8k-11k,400-550,6.42,72.1,moderately_fit
24,West,Cycling,87,11760,530,11k-14k,400-550,6.16,72.9,moderately_fit
27,North,Cycling,101,5839,303,5k-8k,250-400,6.02,82.2,unfit
53,East,Walking,71,6990,253,5k-8k,250-400,4.99,74.2,unfit
51,South,Running,99,9154,600,8k-11k,550-700,6.63,74.4,moderately_fit
59,West,Gym,82,5429,223,5k-8k,<250,6.46,68.8,unfit
49,North,Running,103,9794,561,8k-11k,550-700,7.42,92.1,moderately_fit
60,East,Walking,69,8277,283,8k-11k,250-400,6.02,93.7,moderately_fit
23,North,Cycling,100,13122,606,11k-14k,550-700,6.61,72.2,fit
22,North,Running,100,13248,752,11k-14k,>700,7.46,63.6,fit
61,North,Gym,78,5727,291,5k-8k,250-400,6.78,80.4,unfit
19,North,Cycling,85,12331,505,11k-14k,400-550,8.38,70.3,moderately_fit
52,South,Walking,74,9377,327,8k-11k,250-400,7.66,80.8,moderately_fit
33,East,Gym,93,8357,364,8k-11k,250-400,6.41,71.6,moderately_fit
58,East,Gym,82,2675,139,<5k,<250,5.7,87.6,unfit
50,North,Sports,88,10647,613,8k-11k,550-700,6.92,72.2,moderately_fit
51,North,Walking,73,6786,253,5k-8k,250-400,6.21,83.4,unfit
75,South,Walking,78,5698,206,5k-8k,<250,8.56,91.1,unfit
29,West,Sports,50,11951,526,11k-14k,400-550,7.15,79.6,moderately_fit
57,North,Cycling,85,9221,324,8k-11k,250-400,6.93,89.0,moderately_fit
37,South,Sports,111,8902,427,8k-11k,400-550,5.2,73.8,moderately_fit
22,North,Gym,81,12460,562,11k-14k,550-700,7.66,59.3,moderately_fit
18,South,Cycling,120,10690,526,8k-11k,400-550,6.96,81.3,moderately_fit
33,North,Running,81,12726,510,11k-14k,400-550,8.2,70.9,moderately_fit
23,North,Running,112,15679,772,>14k,>700,8.76,76.5,fit
26,North,Gym,83,9996,373,8k-11k,250-400,6.07,80.7,moderately_fit
40,North,Cycling,79,14180,729,>14k,>700,8.12,85.3,fit
30,North,Gym,64,12473,668,11k-14k,550-700,7.67,70.3,fit
24,East,Gym,93,8366,344,8k-11k,250-400,6.54,60.7,moderately_fit
33,North,Cycling,91,15745,848,>14k,>700,6.14,60.1,fit
33,North,Gym,92,11373,509,11k-14k,400-550,5.96,76.1,moderately_fit
34,North,Gym,83,9258,407,8k-11k,400-550,6.5,74.3,moderately_fit
49,West,Gym,77,6276,243,5k-8k,<250,7.08,67.0,unfit
71,South,Cycling,85,7598,351,5k-8k,250-400,8.32,84.7,moderately_fit
55,East,Walking,50,2193,100,<5k,<250,7.72,72.4,unfit
52,South,Cycling,85,10637,382,8k-11k,250-400,6.91,87.3,moderately_fit
53,North,Running,108,7542,397,5k-8k,250-400,5.84,86.1,moderately_fit
18,North,Running,94,16464,836,>14k,>700,6.44,71.5,fit
32,South,Running,89,12162,591,11k-14k,550-700,7.04,66.1,moderately_fit
32,South,Cycling,130,11198,386,11k-14k,250-400,6.63,75.1,moderately_fit
37,West,Walking,67,5754,177,5k-8k,<250,7.87,97.4,unfit
56,West,Walking,81,4529,200,<5k,<250,5.95,66.8,unfit
24,South,Running,96,16602,859,>14k,>700,5.32,79.3,fit
49,South,Sports,80,8749,351,8k-11k,250-400,8.25,79.1,moderately_fit
29,North,Walking,61,5609,168,5k-8k,<250,7.16,70.6,unfit
54,North,Gym,78,4974,219,<5k,<250,6.04,67.8,unfit
50,West,Sports,110,12363,565,11k-14k,550-700,7.1,92.7,moderately_fit
26,North,Cycling,85,8561,344,8k-11k,250-400,6.34,83.3,moderately_fit
35,West,Walking,68,7104,242,5k-8k,<250,8.32,81.5,moderately_fit
48,South,Running,101,18637,1014,>14k,>700,5.59,77.9,fit
33,South,Walking,77,5823,229,5k-8k,<250,5.5,53.9,unfit
25,North,Cycling,78,9486,575,8k-11k,550-700,6.74,73.8,moderately_fit
30,East,Gym,91,11916,416,11k-14k,400-550,7.47,63.2,moderately_fit
22,South,Cycling,102,8712,447,8k-11k,400-550,8.26,81.8,moderately_fit
41,South,Sports,106,13719,652,11k-14k,550-700,8.14,83.1,fit
38,North,Sports,110,10314,450,8k-11k,400-550,7.74,82.3,moderately_fit
29,North,Cycling,93,13377,659,11k-14k,550-700,5.37,91.8,fit
65,South,Walking,66,6370,193,5k-8k,<250,5.79,63.7,unfit
61,North,Walking,88,6856,257,5k-8k,250-400,6.91,58.3,unfit
28,East,Running,102,12671,640,11k-14k,550-700,7.83,81.0,fit
47,East,Running,101,10924,629,8k-11k,550-700,6.49,61.1,moderately_fit
37,North,Walking,80,5944,216,5k-8k,<250,5.94,74.1,unfit
47,East,Gym,84,11389,522,11k-14k,400-550,6.68,72.5,moderately_fit
20,North,Sports,102,12841,600,11k-14k,550-700,8.59,71.3,fit
24,East,Cycling,100,16391,703,>14k,>700,7.29,69.5,fit
27,North,Gym,74,9978,390,8k-11k,250-400,5.92,74.8,moderately_fit
31,North,Gym,89,8671,390,8k-11k,250-400,6.12,55.2,moderately_fit
31,North,Running,98,13051,646,11k-14k,550-700,7.18,86.1,fit
27,East,Cycling,83,9537,483,8k-11k,400-550,5.74,71.4,moderately_fit
30,North,Running,105,14472,632,>14k,550-700,6.24,73.9,fit
31,North,Sports,94,11652,587,11k-14k,550-700,7.41,62.1,moderately_fit
31,South,Cycling,81,9424,355,8k-11k,250-400,7.34,74.9,moderately_fit
30,North,Sports,95,11812,532,11k-14k,400-550,8.61,78.2,moderately_fit
27,East,Cycling,90,10028,456,8k-11k,400-550,6.2,70.0,moderately_fit
28,South,Cycling,120,11917,585,11k-14k,550-700,7.36,71.0,moderately_fit
34,West,Cycling,95,12507,622,11k-14k,550-700,8.7,63.2,fit
55,North,Walking,77,4771,156,<5k,<250,7.54,52.9,unfit
24,North,Gym,87,8457,321,8k-11k,250-400,8.63,70.6,moderately_fit
35,East,Sports,45,9266,389,8k-11k,250-400,5.62,62.3,moderately_fit
28,East,Gym,78,12168,548,11k-14k,400-550,7.66,69.2,moderately_fit
26,North,Running,89,8875,381,8k-11k,250-400,6.04,91.7,moderately_fit
29,South,Cycling,84,9473,482,8k-11k,400-550,9.64,74.8,moderately_fit
47,East,Cycling,85,11452,502,11k-14k,400-550,8.17,66.7,moderately_fit
35,North,Gym,80,7288,362,5k-8k,250-400,7.79,64.1,moderately_fit
46,East,Running,111,10196,569,8k-11k,550-700,6.62,84.9,moderately_fit
54,North,Gym,83,9280,343,8k-11k,250-400,7.35,66.5,moderately_fit
45,West,Gym,84,2531,131,<5k,<250,7.46,55.2,unfit
30,South,Sports,86,12032,621,11k-14k,550-700,6.54,74.2,fit
37,North,Cycling,77,9104,544,8k-11k,400-550,7.28,95.8,moderately_fit
50,South,Sports,91,8902,417,8k-11k,400-550,4.63,76.9,moderately_fit
36,West,Walking,73,9174,281,8k-11k,250-400,8.4,73.2,moderately_fit
34,East,Gym,79,8882,388,8k-11k,250-400,7.58,59.9,moderately_fit
25,North,Cycling,95,8554,435,8k-11k,400-550,6.72,56.1,moderately_fit
30,South,Running,108,9361,608,8k-11k,550-700,8.09,74.1,moderately_fit
31,South,Gym,74,8981,374,8k-11k,250-400,5.24,86.7,moderately_fit
28,North,Sports,95,8690,475,8k-11k,400-550,8.23,73.9,moderately_fit
29,North,Cycling,75,14135,664,>14k,550-700,7.07,71.0,fit
60,South,Gym,82,4440,181,<5k,<250,5.2,82.5,unfit
63,South,Gym,65,6969,239,5k-8k,<250,7.01,91.6,unfit
34,North,Walking,86,3256,111,<5k,<250,7.43,93.6,unfit
25,East,Sports,90,7655,480,5k-8k,400-550,7.97,72.8,moderately_fit
27,South,Cycling,81,10755,407,8k-11k,400-550,7.23,85.8,moderately_fit
27,North,Walking,74,13917,514,11k-14k,400-550,6.55,61.8,moderately_fit
60,North,Walking,72,4635,180,<5k,<250,5.33,77.4,unfit
36,South,Cycling,84,12286,550,11k-14k,400-550,7.14,68.9,moderately_fit
26,East,Gym,84,8233,316,8k-11k,250-400,7.48,86.6,moderately_fit
43,East,Sports,97,13375,703,11k-14k,>700,8.58,89.5,fit
33,North,Sports,90,11470,557,11k-14k,550-700,5.91,74.8,moderately_fit
30,South,Sports,88,8843,487,8k-11k,400-550,6.69,69.0,moderately_fit
32,West,Cycling,78,10256,575,8k-11k,550-700,7.64,74.8,moderately_fit
48,South,Running,118,6655,289,5k-8k,250-400,5.23,72.5,unfit
27,North,Gym,75,7178,383,5k-8k,250-400,6.55,87.3,moderately_fit
28,East,Cycling,95,12153,655,11k-14k,550-700,8.84,79.5,fit
28,North,Gym,91,7696,387,5k-8k,250-400,5.67,65.8,moderately_fit
53,North,Gym,70,6578,316,5k-8k,250-400,7.56,63.8,unfit
23,North,Gym,90,12013,716,11k-14k,>700,7.08,60.0,fit
20,North,Gym,75,8612,291,8k-11k,250-400,7.1,79.0,moderately_fit
28,South,Gym,79,10614,484,8k-11k,400-550,7.48,89.7,moderately_fit
53,North,Cycling,82,7710,325,5k-8k,250-400,6.64,76.2,moderately_fit
63,West,Gym,78,9291,406,8k-11k,400-550,6.78,66.6,moderately_fit
29,South,Gym,87,12540,499,11k-14k,400-550,6.94,83.7,moderately_fit
60,South,Gym,60,2280,100,<5k,<250,7.78,68.1,unfit
52,South,Walking,85,4216,152,<5k,<250,7.04,72.9,unfit
32,East,Sports,89,11197,553,11k-14k,550-700,7.32,70.1,moderately_fit
52,South,Gym,78,6021,282,5k-8k,250-400,6.25,66.4,unfit
24,East,Gym,67,11744,567,11k-14k,550-700,6.13,77.6,moderately_fit
49,East,Gym,90,8481,390,8k-11k,250-400,5.74,75.9,moderately_fit
46,East,Sports,84,8209,371,8k-11k,250-400,6.47,61.8,moderately_fit
53,South,Gym,68,11210,405,11k-14k,400-550,7.33,77.2,moderately_fit
58,East,Walking,71,8664,363,8k-11k,250-400,7.84,73.2,moderately_fit
50,South,Gym,90,4540,227,<5k,<250,7.15,66.2,unfit
55,North,Walking,65,4815,162,<5k,<250,5.78,83.5,unfit
25,North,Walking,71,9295,277,8k-11k,250-400,6.49,71.3,moderately_fit
20,West,Cycling,88,14162,471,>14k,400-550,6.59,67.1,moderately_fit
50,North,Walking,77,9100,286,8k-11k,250-400,7.22,62.1,moderately_fit
27,East,Cycling,77,17459,717,>14k,>700,5.95,74.0,fit
62,North,Gym,98,8111,232,8k-11k,<250,7.88,78.8,moderately_fit
43,South,Gym,64,11524,530,11k-14k,400-550,7.62,53.7,moderately_fit
59,East,Cycling,89,15397,618,>14k,550-700,6.48,97.9,fit
25,North,Gym,90,9496,291,8k-11k,250-400,6.25,83.9,moderately_fit
63,East,Cycling,73,6439,324,5k-8k,250-400,6.76,78.0,unfit
25,East,Cycling,83,12077,534,11k-14k,400-550,7.71,81.2,moderately_fit
63,South,Sports,105,13083,673,11k-14k,550-700,6.25,75.2,fit
55,South,Walking,72,9653,381,8k-11k,250-400,5.06,74.0,moderately_fit
23,North,Walking,60,8026,297,8k-11k,250-400,6.29,77.3,moderately_fit
60,South,Gym,72,6787,248,5k-8k,<250,7.74,74.6,unfit
53,North,Walking,65,3584,137,<5k,<250,4.79,80.8,unfit
27,North,Running,98,14339,735,>14k,>700,4.79,58.7,fit
51,West,Walking,80,3882,173,<5k,<250,7.19,62.8,unfit
39,South,Running,102,9983,509,8k-11k,400-550,7.43,74.1,moderately_fit
62,East,Walking,72,6125,222,5k-8k,<250,6.46,65.3,unfit
68,South,Cycling,86,4806,227,<5k,<250,6.93,86.0,unfit
54,North,Cycling,92,10008,487,8k-11k,400-550,7.2,83.0,moderately_fit
26,South,Gym,79,11839,590,11k-14k,550-700,7.71,52.2,moderately_fit
60,East,Cycling,71,6007,248,5k-8k,<250,8.89,74.9,unfit
47,North,Gym,94,6594,261,5k-8k,250-400,7.49,83.9,unfit
31,East,Gym,96,5517,338,5k-8k,250-400,6.19,62.9,unfit
30,South,Gym,62,10684,473,8k-11k,400-550,6.71,73.3,moderately_fit
63,North,Cycling,84,4680,269,<5k,250-400,7.21,70.5,unfit
65,South,Gym,87,8615,322,8k-11k,250-400,7.35,69.5,moderately_fit
27,South,Walking,81,8099,254,8k-11k,250-400,6.87,72.9,moderately_fit
18,North,Sports,89,18397,665,>14k,550-700,7.43,53.5,fit
30,East,Gym,90,13380,740,11k-14k,>700,8.57,70.5,fit
50,West,Sports,87,7258,364,5k-8k,250-400,7.81,81.7,moderately_fit
32,East,Gym,78,13629,563,11k-14k,550-700,5.78,61.5,moderately_fit
59,East,Cycling,84,7383,371,5k-8k,250-400,7.18,69.3,moderately_fit
21,West,Running,98,12279,589,11k-14k,550-700,8.5,78.1,moderately_fit
61,West,Cycling,95,7290,311,5k-8k,250-400,6.67,59.5,moderately_fit
18,North,Sports,95,12279,659,11k-14k,550-700,6.64,81.0,fit
51,South,Cycling,94,14757,873,>14k,>700,7.06,60.5,fit
31,North,Running,107,5254,253,5k-8k,250-400,7.11,75.2,unfit
24,South,Cycling,69,16150,718,>14k,>700,6.88,70.0,fit
62,West,Cycling,74,10553,471,8k-11k,400-550,6.65,75.6,moderately_fit
31,North,Walking,110,7642,280,5k-8k,250-400,7.75,77.6,moderately_fit
57,East,Sports,91,8122,354,8k-11k,250-400,7.51,70.6,moderately_fit
25,East,Running,45,14022,802,>14k,>700,6.34,68.4,fit
27,North,Gym,95,11528,515,11k-14k,400-550,5.71,73.4,moderately_fit
24,North,Running,102,17285,964,>14k,>700,7.04,63.1,fit
36,South,Cycling,110,8481,368,8k-11k,250-400,7.57,71.5,moderately_fit
22,North,Running,105,16920,847,>14k,>700,7.56,59.2,fit
34,South,Running,85,11635,461,11k-14k,400-550,7.65,71.1,moderately_fit
50,South,Walking,67,5941,217,5k-8k,<250,7.25,65.2,unfit
64,South,Gym,88,10214,444,8k-11k,400-550,6.78,85.6,moderately_fit
22,North,Sports,85,14637,761,>14k,>700,8.61,68.7,fit
54,South,Walking,87,2842,100,<5k,<250,6.21,65.0,unfit
66,North,Gym,91,7137,270,5k-8k,250-400,6.24,64.1,moderately_fit
27,West,Gym,78,10448,524,8k-11k,400-550,4.27,71.7,moderately_fit
28,North,Walking,76,7764,313,5k-8k,250-400,7.35,73.4,moderately_fit
30,West,Running,104,6249,258,5k-8k,250-400,5.97,64.2,unfit
36,East,Walking,79,4330,178,<5k,<250,7.84,76.2,unfit
30,East,Cycling,82,6606,266,5k-8k,250-400,4.3,84.4,unfit
55,North,Running,86,9397,455,8k-11k,400-550,7.46,89.6,moderately_fit
59,North,Walking,63,6089,191,5k-8k,<250,5.45,95.8,unfit
63,South,Gym,84,5694,267,5k-8k,250-400,7.48,67.4,unfit
34,North,Sports,95,10060,545,8k-11k,400-550,6.47,71.8,moderately_fit
25,West,Walking,120,4144,137,<5k,<250,7.92,65.3,unfit
46,South,Running,103,8453,508,8k-11k,400-550,6.1,65.0,moderately_fit
28,West,Sports,92,9744,390,8k-11k,250-400,7.36,74.0,moderately_fit
35,East,Sports,90,13730,603,11k-14k,550-700,7.42,54.7,fit
65,North,Gym,97,7944,298,5k-8k,250-400,6.34,98.0,moderately_fit
35,East,Gym,74,10826,515,8k-11k,400-550,7.89,62.7,moderately_fit
25,North,Gym,70,10688,261,8k-11k,250-400,5.74,56.6,moderately_fit
42,North,Gym,99,10455,444,8k-11k,400-550,7.37,72.8,moderately_fit
31,North,Cycling,85,7545,409,5k-8k,400-550,7.92,73.5,moderately_fit
52,West,Walking,71,8859,337,8k-11k,250-400,5.53,85.5,moderately_fit
52,South,Cycling,98,11900,617,11k-14k,550-700,8.12,80.2,moderately_fit
20,East,Running,97,13678,698,11k-14k,550-700,7.08,78.0,fit
61,North,Walking,65,7646,278,5k-8k,250-400,5.73,89.9,moderately_fit
22,South,Gym,90,12772,412,11k-14k,400-550,6.98,62.3,moderately_fit
23,South,Running,110,14341,664,>14k,550-700,6.26,88.6,fit
45,North,Walking,66,7634,303,5k-8k,250-400,6.26,76.0,moderately_fit
28,North,Cycling,87,9902,541,8k-11k,400-550,5.2,79.8,moderately_fit
28,South,Sports,88,15433,711,>14k,>700,8.11,72.5,fit
24,East,Sports,99,11349,538,11k-14k,400-550,8.04,64.0,moderately_fit
60,North,Cycling,79,9424,483,8k-11k,400-550,9.49,78.6,moderately_fit
32,West,Sports,93,11679,703,11k-14k,>700,7.01,77.8,moderately_fit
22,North,Running,103,12852,593,11k-14k,550-700,7.88,70.3,moderately_fit
24,South,Running,96,9285,510,8k-11k,400-550,7.18,76.8,moderately_fit
26,North,Cycling,99,13575,699,11k-14k,550-700,7.56,83.8,fit
55,North,Walking,70,5955,223,5k-8k,<250,8.27,74.1,unfit
75,West,Walking,69,8623,391,8k-11k,250-400,7.4,77.8,moderately_fit
25,East,Cycling,93,14481,550,>14k,400-550,7.61,81.0,moderately_fit
31,East,Sports,89,14879,864,>14k,>700,5.38,81.9,fit
41,West,Running,89,14900,875,>14k,>700,7.69,81.1,fit
58,East,Gym,84,9218,408,8k-11k,400-550,5.61,81.2,moderately_fit
33,East,Running,99,13969,613,11k-14k,550-700,7.7,74.3,fit
32,East,Running,107,16073,824,>14k,>700,7.59,68.0,fit
46,South,Running,86,10856,487,8k-11k,400-550,6.3,83.3,moderately_fit
31,South,Sports,95,5768,258,5k-8k,250-400,6.7,79.1,unfit
30,East,Running,108,15923,760,>14k,>700,8.44,82.4,fit
23,North,Gym,71,11492,345,11k-14k,250-400,8.13,87.2,moderately_fit
33,West,Cycling,92,7496,339,5k-8k,250-400,9.24,65.1,moderately_fit
58,North,Walking,76,6894,213,5k-8k,<250,5.15,89.7,unfit
27,West,Cycling,82,12525,565,11k-14k,550-700,7.85,79.4,moderately_fit
21,North,Running,100,17937,878,>14k,>700,8.13,77.8,fit
60,North,Cycling,81,8375,449,8k-11k,400-550,8.38,88.0,moderately_fit
23,North,Gym,78,5861,271,5k-8k,250-400,8.26,61.0,unfit
52,West,Walking,73,5218,182,5k-8k,<250,7.22,88.8,unfit
29,North,Gym,79,8047,371,8k-11k,250-400,8.51,63.0,moderately_fit
28,East,Running,109,13648,765,11k-14k,>700,7.46,59.1,fit
59,East,Walking,76,6057,239,5k-8k,<250,5.7,81.9,unfit
52,North,Gym,91,7140,334,5k-8k,250-400,5.39,92.5,moderately_fit
27,West,Sports,89,13210,797,11k-14k,>700,5.68,80.3,fit
28,North,Gym,85,6587,240,5k-8k,<250,7.47,81.1,unfit
29,South,Cycling,87,12019,622,11k-14k,550-700,5.64,79.8,fit
59,South,Cycling,90,6822,360,5k-8k,250-400,7.19,76.6,moderately_fit
64,North,Cycling,98,7816,447,5k-8k,400-550,6.9,74.3,moderately_fit
19,North,Sports,83,8341,369,8k-11k,250-400,6.58,57.8,moderately_fit
29,East,Running,87,16731,1020,>14k,>700,7.97,78.7,fit
53,West,Running,105,10581,578,8k-11k,550-700,6.95,73.7,moderately_fit
28,North,Running,101,15016,702,>14k,>700,6.86,83.8,fit
27,North,Gym,88,7347,216,5k-8k,<250,6.92,74.8,moderately_fit
25,West,Gym,84,8133,289,8k-11k,250-400,6.87,73.8,moderately_fit
61,North,Walking,78,3774,119,<5k,<250,6.66,63.1,unfit
25,South,Gym,82,9930,433,8k-11k,400-550,8.15,70.0,moderately_fit
54,South,Cycling,97,10558,544,8k-11k,400-550,6.97,77.1,moderately_fit
60,North,Sports,104,6857,298,5k-8k,250-400,7.84,54.4,unfit
31,East,Sports,89,12223,786,11k-14k,>700,6.64,71.1,fit
56,West,Walking,75,5483,196,5k-8k,<250,5.59,77.5,unfit
33,South,Walking,85,7588,240,5k-8k,<250,6.62,72.1,moderately_fit
27,East,Cycling,77,9033,443,8k-11k,400-550,7.06,63.4,moderately_fit
22,East,Gym,80,10895,476,8k-11k,400-550,6.3,80.4,moderately_fit
59,South,Cycling,78,8022,342,8k-11k,250-400,7.79,76.6,moderately_fit
22,North,Cycling,88,11333,698,11k-14k,550-700,5.45,52.3,moderately_fit
25,East,Running,95,21321,896,>14k,>700,7.66,60.2,fit
29,South,Gym,76,4861,219,<5k,<250,6.62,91.5,unfit
54,North,Walking,63,7160,273,5k-8k,250-400,5.96,74.5,moderately_fit
26,West,Gym,81,10554,487,8k-11k,400-550,8.68,50.2,moderately_fit
27,East,Running,105,15991,856,>14k,>700,8.41,74.3,fit
26,West,Sports,82,13770,558,11k-14k,550-700,7.76,59.9,moderately_fit
29,North,Gym,70,9749,403,8k-11k,400-550,6.35,84.6,moderately_fit
29,East,Gym,85,10287,552,8k-11k,550-700,5.27,58.8,moderately_fit
48,South,Cycling,110,16314,888,>14k,>700,9.03,63.4,fit
58,West,Walking,68,5522,192,5k-8k,<250,5.14,88.9,unfit
69,West,Cycling,101,7463,410,5k-8k,400-550,8.39,69.6,moderately_fit
61,West,Walking,69,3572,142,<5k,<250,6.78,83.8,unfit
28,West,Sports,94,10070,558,8k-11k,550-700,7.04,65.9,moderately_fit
21,North,Sports,87,13298,485,11k-14k,400-550,7.14,68.6,moderately_fit
29,East,Cycling,96,12042,544,11k-14k,400-550,8.14,75.9,moderately_fit
57,North,Walking,76,5694,179,5k-8k,<250,8.15,85.8,unfit
57,East,Walking,54,7224,269,5k-8k,250-400,7.59,93.5,moderately_fit
25,West,Cycling,71,10437,478,8k-11k,400-550,7.58,61.2,moderately_fit
55,North,Cycling,82,15253,651,>14k,550-700,9.31,69.6,fit
61,South,Cycling,81,8941,280,8k-11k,250-400,7.89,80.0,moderately_fit
22,East,Running,101,16621,845,>14k,>700,6.97,73.9,fit
61,North,Walking,69,6029,179,5k-8k,<250,7.37,66.4,unfit
30,North,Sports,94,10454,583,8k-11k,550-700,7.33,65.8,moderately_fit
29,North,Gym,72,7998,346,5k-8k,250-400,7.47,62.5,moderately_fit
25,North,Walking,79,5333,199,5k-8k,<250,7.54,66.4,unfit
65,East,Walking,78,2048,100,<5k,<250,7.0,81.5,unfit
20,South,Cycling,76,14214,630,>14k,550-700,7.46,75.0,fit
24,North,Gym,90,8076,388,8k-11k,250-400,6.46,83.7,moderately_fit
32,West,Running,102,13407,689,11k-14k,550-700,9.52,77.1,fit
34,East,Gym,80,12765,562,11k-14k,550-700,7.37,59.4,moderately_fit
24,South,Gym,89,12522,524,11k-14k,400-550,6.96,71.9,moderately_fit
48,North,Cycling,73,9974,545,8k-11k,400-550,7.99,76.8,moderately_fit
24,East,Gym,83,9073,248,8k-11k,<250,8.16,59.1,moderately_fit
32,South,Gym,87,8683,366,8k-11k,250-400,7.19,66.9,moderately_fit
33,East,Running,92,20107,1049,>14k,>700,6.45,79.5,fit
32,East,Running,110,14117,607,>14k,550-700,6.87,62.6,fit
46,North,Gym,120,15613,618,>14k,550-700,5.79,84.0,fit
28,West,Sports,83,8881,525,8k-11k,400-550,7.01,65.2,moderately_fit
25,South,Sports,79,12510,516,11k-14k,400-550,7.22,70.4,moderately_fit
52,South,Gym,77,10647,370,8k-11k,250-400,6.81,63.9,moderately_fit
26,West,Gym,71,12166,714,11k-14k,>700,8.09,71.7,fit
18,South,Gym,77,11578,538,11k-14k,400-550,5.77,70.7,moderately_fit
27,East,Cycling,91,9754,558,8k-11k,550-700,7.7,63.3,moderately_fit
30,East,Running,107,9860,459,8k-11k,400-550,6.24,68.8,moderately_fit
44,North,Walking,80,6255,280,5k-8k,250-400,7.62,76.9,unfit
28,West,Cycling,91,13808,693,11k-14k,550-700,5.17,79.1,fit
52,South,Gym,74,11983,441,11k-14k,400-550,7.18,77.7,moderately_fit
30,South,Running,96,14132,666,>14k,550-700,8.27,95.5,fit
27,West,Gym,78,9154,377,8k-11k,250-400,7.4,76.9,moderately_fit
28,South,Gym,84,9855,503,8k-11k,400-550,5.91,82.4,moderately_fit
30,East,Sports,86,12510,721,11k-14k,>700,7.68,56.8,fit
44,East,Cycling,86,12886,659,11k-14k,550-700,7.35,71.9,fit
60,North,Walking,62,5023,195,5k-8k,<250,4.85,85.8,unfit
55,North,Gym,90,7237,336,5k-8k,250-400,6.17,81.2,moderately_fit
52,North,Gym,89,8888,428,8k-11k,400-550,6.37,91.5,moderately_fit
49,West,Gym,100,6352,352,5k-8k,250-400,5.66,69.7,moderately_fit
57,North,Gym,84,5101,219,5k-8k,<250,7.29,63.3,unfit
32,North,Cycling,83,14388,646,>14k,550-700,9.44,68.0,fit
72,North,Walking,66,5072,197,5k-8k,<250,6.47,59.1,unfit
29,North,Gym,87,11493,482,11k-14k,400-550,6.31,82.5,moderately_fit
25,East,Gym,90,11259,438,11k-14k,400-550,6.5,51.1,moderately_fit
27,West,Running,93,9973,540,8k-11k,400-550,5.07,79.4,moderately_fit
28,North,Running,45,12042,720,11k-14k,>700,5.64,74.2,fit
60,South,Walking,67,5887,258,5k-8k,250-400,7.1,94.8,unfit
52,East,Gym,78,7131,368,5k-8k,250-400,6.64,81.7,moderately_fit
23,South,Gym,84,10278,446,8k-11k,400-550,5.38,97.5,moderately_fit
31,West,Cycling,90,11423,399,11k-14k,250-400,7.38,51.9,moderately_fit
33,South,Gym,76,10964,467,8k-11k,400-550,6.72,79.2,moderately_fit
33,North,Running,98,13369,727,11k-14k,>700,7.95,98.2,fit
42,West,Cycling,93,10253,528,8k-11k,400-550,6.46,59.4,moderately_fit
34,South,Cycling,87,7126,391,5k-8k,250-400,9.26,85.1,moderately_fit
52,North,Cycling,89,7777,367,5k-8k,250-400,5.86,71.9,moderately_fit
27,North,Gym,73,8020,407,8k-11k,400-550,6.08,76.1,moderately_fit
33,West,Sports,89,10589,608,8k-11k,550-700,5.47,80.6,moderately_fit
33,East,Cycling,83,9872,498,8k-11k,400-550,6.58,59.7,moderately_fit
18,South,Running,120,16799,914,>14k,>700,7.19,75.2,fit
29,East,Cycling,94,15550,786,>14k,>700,7.96,64.0,fit
35,South,Gym,76,5492,211,5k-8k,<250,6.85,79.4,unfit
68,North,Walking,64,4932,216,<5k,<250,7.03,84.4,unfit
33,East,Cycling,85,8634,231,8k-11k,<250,7.98,102.0,moderately_fit
29,East,Sports,98,8700,374,8k-11k,250-400,6.59,65.6,moderately_fit
33,South,Gym,77,7680,353,5k-8k,250-400,5.75,73.8,moderately_fit
36,North,Cycling,97,7928,354,5k-8k,250-400,7.28,58.6,moderately_fit
18,North,Cycling,71,12581,622,11k-14k,550-700,8.27,83.7,fit
30,East,Sports,98,11553,600,11k-14k,550-700,8.71,73.8,moderately_fit
49,East,Gym,70,7187,268,5k-8k,250-400,4.98,86.3,moderately_fit
55,East,Walking,80,6642,216,5k-8k,<250,4.84,88.2,unfit
56,East,Walking,74,3109,114,<5k,<250,4.98,78.1,unfit
25,East,Running,93,11261,548,11k-14k,400-550,8.5,66.7,moderately_fit
75,West,Sports,95,8947,381,8k-11k,250-400,8.37,81.2,moderately_fit
34,North,Running,99,10329,598,8k-11k,550-700,7.14,85.9,moderately_fit
45,South,Sports,88,5555,253,5k-8k,250-400,7.18,79.4,unfit
57,South,Cycling,82,12885,552,11k-14k,550-700,7.86,82.0,moderately_fit
50,North,Gym,74,8722,369,8k-11k,250-400,7.42,101.7,moderately_fit
20,East,Walking,55,9925,385,8k-11k,250-400,8.31,81.5,moderately_fit
47,West,Gym,88,6253,294,5k-8k,250-400,6.6,71.7,unfit
64,South,Walking,70,2781,101,<5k,<250,7.11,71.7,unfit
25,West,Gym,88,10252,327,8k-11k,250-400,7.05,62.8,moderately_fit
28,South,Gym,80,6579,304,5k-8k,250-400,8.13,82.5,unfit
41,South,Gym,85,11014,436,11k-14k,400-550,7.62,62.5,moderately_fit
27,South,Running,98,14815,692,>14k,550-700,7.24,72.0,fit
22,North,Running,82,15185,783,>14k,>700,6.78,81.0,fit
27,South,Gym,93,9915,355,8k-11k,250-400,6.76,62.7,moderately_fit
48,South,Cycling,95,14684,601,>14k,550-700,6.02,91.4,fit
26,West,Running,113,16164,913,>14k,>700,8.16,51.7,fit
29,East,Running,108,13292,678,11k-14k,550-700,6.8,78.1,fit
26,North,Cycling,83,11701,650,11k-14k,550-700,7.36,69.6,moderately_fit
58,North,Cycling,110,6625,270,5k-8k,250-400,5.67,80.7,unfit
27,West,Sports,93,10909,596,8k-11k,550-700,7.56,76.0,moderately_fit
52,South,Walking,60,8689,282,8k-11k,250-400,6.0,75.9,moderately_fit
33,West,Gym,76,9106,416,8k-11k,400-550,9.63,74.2,moderately_fit
28,South,Gym,68,11240,620,11k-14k,550-700,7.66,66.6,moderately_fit
33,South,Running,112,10831,521,8k-11k,400-550,5.17,71.8,moderately_fit
25,East,Gym,80,11649,579,11k-14k,550-700,8.21,71.0,moderately_fit
23,North,Running,104,13906,740,11k-14k,>700,7.51,51.4,fit
27,East,Gym,74,9968,512,8k-11k,400-550,5.43,69.9,moderately_fit
53,South,Gym,89,7817,316,5k-8k,250-400,5.78,72.0,moderately_fit
34,East,Cycling,45,11175,508,11k-14k,400-550,6.15,78.3,moderately_fit
35,East,Gym,108,8593,348,8k-11k,250-400,8.47,79.7,moderately_fit
44,North,Running,97,16252,980,>14k,>700,6.0,90.3,fit
52,South,Cycling,76,5517,269,5k-8k,250-400,7.24,93.8,unfit
54,North,Cycling,92,10453,584,8k-11k,550-700,6.31,65.1,moderately_fit
26,North,Gym,88,7795,346,5k-8k,250-400,6.35,86.9,moderately_fit
32,East,Sports,98,9396,385,8k-11k,250-400,7.62,47.8,moderately_fit
64,North,Walking,68,9823,372,8k-11k,250-400,6.98,79.3,moderately_fit
41,South,Running,108,9847,432,8k-11k,400-550,6.15,76.1,moderately_fit
45,North,Walking,68,2925,100,<5k,<250,4.43,82.3,unfit
33,North,Sports,100,14089,904,>14k,>700,5.92,69.3,fit
21,North,Walking,74,6853,247,5k-8k,<250,6.13,73.2,unfit
58,North,Walking,80,8415,261,8k-11k,250-400,7.07,76.0,moderately_fit
30,East,Sports,94,6331,276,5k-8k,250-400,7.69,87.9,unfit
19,East,Running,106,20461,1226,>14k,>700,8.75,70.8,fit
53,West,Cycling,83,11558,591,11k-14k,550-700,7.86,90.0,moderately_fit
26,North,Walking,57,7157,170,5k-8k,<250,5.75,62.7,moderately_fit
27,East,Running,100,8902,509,8k-11k,400-550,7.59,84.3,moderately_fit
49,East,Sports,93,6984,367,5k-8k,250-400,5.18,67.0,moderately_fit
37,North,Running,130,11026,580,11k-14k,550-700,7.97,83.1,moderately_fit
47,East,Cycling,130,11464,493,11k-14k,400-550,7.87,77.0,moderately_fit
48,East,Sports,107,8245,479,8k-11k,400-550,6.07,79.2,moderately_fit
26,South,Running,99,8049,343,8k-11k,250-400,9.1,95.9,moderately_fit
58,East,Walking,68,6322,179,5k-8k,<250,7.31,73.1,unfit
22,South,Gym,86,12224,535,11k-14k,400-550,8.33,81.1,moderately_fit
47,North,Walking,70,10847,407,8k-11k,400-550,7.53,79.2,moderately_fit
42,South,Running,98,9522,469,8k-11k,400-550,6.65,94.3,moderately_fit
29,West,Sports,92,9746,518,8k-11k,400-550,6.72,90.1,moderately_fit
44,South,Running,97,3418,202,<5k,<250,6.42,89.4,unfit
29,South,Sports,105,8178,361,8k-11k,250-400,4.81,76.7,moderately_fit
32,South,Cycling,88,8214,357,8k-11k,250-400,7.82,57.9,moderately_fit
24,East,Sports,88,10246,567,8k-11k,550-700,8.54,70.7,moderately_fit
27,East,Sports,96,10885,625,8k-11k,550-700,7.11,53.4,moderately_fit
28,North,Cycling,84,12679,701,11k-14k,>700,10.2,59.9,fit
51,East,Cycling,92,10638,589,8k-11k,550-700,6.61,71.5,moderately_fit
29,South,Cycling,95,9835,365,8k-11k,250-400,5.92,79.6,moderately_fit
21,South,Cycling,84,11798,601,11k-14k,550-700,7.59,58.8,moderately_fit
56,South,Cycling,91,5565,353,5k-8k,250-400,7.28,66.0,moderately_fit
20,East,Cycling,130,10426,485,8k-11k,400-550,8.08,45.0,moderately_fit
28,East,Gym,84,6103,326,5k-8k,250-400,7.41,87.9,unfit
34,East,Running,97,11180,617,11k-14k,550-700,8.58,73.0,moderately_fit
31,South,Gym,92,13772,567,11k-14k,550-700,5.45,82.7,moderately_fit
23,South,Gym,72,10029,529,8k-11k,400-550,6.98,76.6,moderately_fit
18,North,Running,97,13217,741,11k-14k,>700,6.94,62.8,fit
28,West,Cycling,97,12394,592,11k-14k,550-700,8.09,74.9,moderately_fit
23,South,Running,86,13315,601,11k-14k,550-700,6.48,80.8,fit
24,South,Gym,65,13809,590,11k-14k,550-700,6.02,63.7,moderately_fit
27,East,Cycling,79,12161,881,11k-14k,>700,7.15,79.0,fit
24,North,Sports,84,9578,420,8k-11k,400-550,7.43,68.5,moderately_fit
34,West,Cycling,96,14017,604,>14k,550-700,7.7,81.0,fit
51,East,Cycling,103,10908,495,8k-11k,400-550,6.28,75.3,moderately_fit
50,East,Walking,56,7227,272,5k-8k,250-400,7.26,91.8,moderately_fit
30,North,Gym,70,11266,547,11k-14k,400-550,5.79,91.2,moderately_fit
58,South,Gym,86,9155,366,8k-11k,250-400,6.3,88.6,moderately_fit
52,North,Walking,73,7210,243,5k-8k,<250,6.4,98.1,moderately_fit
24,South,Gym,82,9196,421,8k-11k,400-550,8.04,80.2,moderately_fit
36,East,Sports,92,13706,756,11k-14k,>700,5.93,61.2,fit
35,North,Cycling,76,10209,393,8k-11k,250-400,8.04,66.2,moderately_fit
30,East,Gym,73,12520,536,11k-14k,400-550,6.97,93.9,moderately_fit
23,South,Gym,76,10911,478,8k-11k,400-550,7.5,61.4,moderately_fit
21,East,Gym,83,10268,414,8k-11k,400-550,6.31,70.6,moderately_fit
55,South,Walking,75,7291,214,5k-8k,<250,6.38,57.5,moderately_fit
37,North,Cycling,90,10875,458,8k-11k,400-550,7.56,70.7,moderately_fit
35,North,Gym,81,12053,577,11k-14k,550-700,8.82,86.2,moderately_fit
52,West,Cycling,100,11652,539,11k-14k,400-550,5.76,84.3,moderately_fit
21,South,Cycling,109,11942,535,11k-14k,400-550,6.56,72.0,moderately_fit
34,South,Cycling,89,2573,154,<5k,<250,6.66,58.3,unfit
54,North,Cycling,94,11277,553,11k-14k,550-700,7.41,86.9,moderately_fit
31,South,Gym,88,10174,463,8k-11k,400-550,5.49,83.5,moderately_fit
37,East,Running,103,20381,1167,>14k,>700,5.94,75.9,fit
46,East,Cycling,96,6511,293,5k-8k,250-400,9.11,78.7,unfit
57,North,Running,107,10444,499,8k-11k,400-550,7.11,74.5,moderately_fit
37,South,Gym,77,4867,221,<5k,<250,6.55,72.6,unfit
26,North,Gym,77,7646,316,5k-8k,250-400,9.56,59.3,moderately_fit
41,West,Gym,83,12361,602,11k-14k,550-700,6.51,87.8,fit
48,South,Running,96,7006,383,5k-8k,250-400,6.84,83.9,moderately_fit
54,East,Cycling,91,5638,281,5k-8k,250-400,7.3,78.2,unfit
26,East,Running,107,15939,606,>14k,550-700,8.13,66.9,fit
56,West,Cycling,102,9444,427,8k-11k,400-550,5.59,91.6,moderately_fit
58,West,Walking,80,5208,212,5k-8k,<250,8.42,86.0,unfit
55,North,Cycling,93,2624,132,<5k,<250,8.12,86.2,unfit
30,West,Running,105,17598,789,>14k,>700,7.93,81.9,fit
60,West,Walking,72,5289,179,5k-8k,<250,5.91,83.6,unfit
36,South,Cycling,85,8008,441,8k-11k,400-550,7.08,70.8,moderately_fit
29,East,Running,105,14864,959,>14k,>700,8.02,49.4,fit
59,East,Walking,67,8325,283,8k-11k,250-400,5.94,67.7,moderately_fit
50,East,Cycling,86,8774,342,8k-11k,250-400,8.2,57.3,moderately_fit
24,North,Sports,99,10856,530,8k-11k,400-550,7.36,75.1,moderately_fit
28,East,Gym,75,9422,436,8k-11k,400-550,5.47,81.6,moderately_fit
18,North,Running,96,16148,856,>14k,>700,6.32,72.5,fit
55,East,Walking,71,6978,246,5k-8k,<250,5.91,64.4,unfit
28,West,Sports,103,11518,651,11k-14k,550-700,6.97,67.4,moderately_fit
64,East,Walking,67,8007,260,8k-11k,250-400,6.35,84.0,moderately_fit
29,South,Gym,78,7072,282,5k-8k,250-400,6.4,63.9,moderately_fit
21,East,Running,93,14181,668,>14k,550-700,6.61,71.5,fit
29,North,Walking,65,7058,195,5k-8k,<250,6.34,74.8,moderately_fit
50,South,Walking,82,3212,116,<5k,<250,6.3,81.3,unfit
24,East,Gym,76,10507,454,8k-11k,400-550,5.67,59.7,moderately_fit
69,North,Walking,76,5466,183,5k-8k,<250,6.59,94.4,unfit
38,North,Gym,110,8189,362,8k-11k,250-400,7.56,78.0,moderately_fit
31,East,Sports,88,13138,474,11k-14k,400-550,7.47,69.7,moderately_fit
30,South,Sports,112,11472,596,11k-14k,550-700,6.76,71.9,moderately_fit
37,West,Running,100,17330,861,>14k,>700,7.61,92.1,fit
31,North,Cycling,91,12136,579,11k-14k,550-700,7.56,66.9,moderately_fit
20,North,Running,92,15924,820,>14k,>700,7.78,63.8,fit
27,East,Gym,93,7715,298,5k-8k,250-400,7.49,72.5,moderately_fit
50,East,Walking,70,2517,100,<5k,<250,6.97,62.1,unfit
29,South,Running,87,16308,735,>14k,>700,5.91,91.4,fit
50,East,Walking,73,2516,110,<5k,<250,6.02,65.2,unfit
53,South,Gym,79,6996,313,5k-8k,250-400,6.06,83.7,unfit
60,East,Gym,86,9401,456,8k-11k,400-550,5.42,80.0,moderately_fit
25,North,Running,93,11697,546,11k-14k,400-550,5.38,70.9,moderately_fit
29,South,Cycling,81,9967,460,8k-11k,400-550,8.64,77.0,moderately_fit
32,North,Cycling,89,7394,384,5k-8k,250-400,6.88,66.3,moderately_fit
26,North,Sports,110,10001,468,8k-11k,400-550,8.72,78.1,moderately_fit
38,North,Cycling,98,8411,414,8k-11k,400-550,8.49,65.0,moderately_fit
25,North,Gym,81,8377,396,8k-11k,250-400,6.29,62.9,moderately_fit
57,West,Cycling,120,9203,405,8k-11k,400-550,7.85,65.8,moderately_fit
66,North,Running,99,10894,628,8k-11k,550-700,8.46,76.5,moderately_fit
65,North,Gym,91,10480,438,8k-11k,400-550,6.88,80.3,moderately_fit
35,East,Running,103,11840,499,11k-14k,400-550,7.97,79.3,moderately_fit
39,South,Walking,65,7993,272,5k-8k,250-400,6.86,70.0,moderately_fit
34,South,Sports,74,10024,449,8k-11k,400-550,8.75,75.3,moderately_fit
29,South,Cycling,78,15309,813,>14k,>700,6.93,71.3,fit
27,South,Running,99,14470,716,>14k,>700,7.92,76.2,fit
29,North,Gym,73,8749,356,8k-11k,250-400,6.6,65.1,moderately_fit
25,North,Cycling,84,9460,469,8k-11k,400-550,6.2,76.3,moderately_fit
27,West,Running,91,16818,819,>14k,>700,6.02,65.6,fit
25,North,Gym,83,9857,443,8k-11k,400-550,7.97,75.6,moderately_fit
30,North,Cycling,87,11551,444,11k-14k,400-550,8.05,69.1,moderately_fit
49,South,Cycling,82,6879,362,5k-8k,250-400,7.76,85.1,moderately_fit
30,North,Walking,74,5795,237,5k-8k,<250,7.34,75.3,unfit
35,South,Cycling,97,6235,320,5k-8k,250-400,7.21,85.2,unfit
33,East,Cycling,80,9526,536,8k-11k,400-550,7.24,77.9,moderately_fit
28,West,Running,98,12561,650,11k-14k,550-700,7.93,71.1,fit
29,East,Gym,84,5905,220,5k-8k,<250,7.3,83.1,unfit
56,North,Walking,67,5828,205,5k-8k,<250,5.72,62.7,unfit
19,West,Gym,87,9062,517,8k-11k,400-550,7.49,70.0,moderately_fit
26,South,Walking,78,6121,225,5k-8k,<250,7.35,70.9,unfit
51,North,Walking,63,4525,154,<5k,<250,5.94,79.6,unfit
34,South,Running,98,13897,732,11k-14k,>700,7.16,64.3,fit
18,East,Gym,110,8054,373,8k-11k,250-400,8.52,78.3,moderately_fit
21,North,Gym,95,13910,659,11k-14k,550-700,6.69,85.4,fit
29,East,Gym,71,8807,429,8k-11k,400-550,6.39,71.7,moderately_fit
25,West,Gym,79,11829,522,11k-14k,400-550,8.57,67.6,moderately_fit
56,North,Cycling,107,6096,309,5k-8k,250-400,7.06,82.0,unfit
30,East,Running,95,13313,782,11k-14k,>700,8.05,63.5,fit
31,South,Walking,68,5400,204,5k-8k,<250,5.15,67.6,unfit
68,South,Walking,85,6185,266,5k-8k,250-400,6.51,75.9,unfit
44,North,Cycling,95,9763,465,8k-11k,400-550,6.81,70.3,moderately_fit
59,South,Walking,84,9770,297,8k-11k,250-400,7.26,75.8,moderately_fit
60,South,Sports,91,8414,396,8k-11k,250-400,8.03,85.7,moderately_fit
26,East,Cycling,79,6959,302,5k-8k,250-400,6.05,68.5,unfit
55,West,Walking,110,5907,214,5k-8k,<250,7.55,77.4,unfit
57,West,Gym,88,7894,379,5k-8k,250-400,7.62,69.5,moderately_fit
61,North,Running,107,8821,441,8k-11k,400-550,8.49,88.5,moderately_fit
22,North,Gym,85,7848,317,5k-8k,250-400,7.8,61.5,moderately_fit
20,South,Gym,68,6872,356,5k-8k,250-400,8.12,76.7,moderately_fit
33,East,Running,108,14944,732,>14k,>700,6.05,76.3,fit
40,West,Sports,97,12572,584,11k-14k,550-700,7.53,51.0,moderately_fit
32,East,Gym,83,15145,762,>14k,>700,8.73,62.1,fit
71,South,Gym,80,6049,229,5k-8k,<250,6.76,84.8,unfit
57,North,Walking,77,6225,179,5k-8k,<250,6.8,75.4,unfit
27,East,Running,105,13374,781,11k-14k,>700,7.48,71.5,fit
43,North,Cycling,71,16767,793,>14k,>700,8.56,71.1,fit
23,North,Running,94,16353,926,>14k,>700,7.89,62.7,fit
55,West,Cycling,89,9045,427,8k-11k,400-550,5.39,101.6,moderately_fit
32,South,Gym,81,14323,603,>14k,550-700,6.63,78.3,fit
53,North,Cycling,95,9051,445,8k-11k,400-550,6.32,86.8,moderately_fit
52,South,Walking,50,13270,435,11k-14k,400-550,6.49,64.6,moderately_fit
20,North,Cycling,97,15999,964,>14k,>700,7.0,69.4,fit
58,East,Cycling,86,8747,350,8k-11k,250-400,7.66,82.1,moderately_fit
38,North,Cycling,88,11681,568,11k-14k,550-700,9.28,64.6,moderately_fit
65,West,Walking,74,5747,186,5k-8k,<250,5.97,79.9,unfit
29,South,Running,93,16162,882,>14k,>700,5.47,81.5,fit
30,South,Running,104,12061,617,11k-14k,550-700,7.34,73.0,fit
27,North,Sports,108,17461,1002,>14k,>700,6.93,73.9,fit
48,North,Gym,83,6368,282,5k-8k,250-400,6.2,86.0,unfit
49,East,Cycling,71,10156,450,8k-11k,400-550,7.1,72.5,moderately_fit
26,East,Gym,85,10385,478,8k-11k,400-550,5.6,81.3,moderately_fit
36,North,Gym,79,8011,319,8k-11k,250-400,6.34,70.3,moderately_fit
60,South,Walking,83,3181,113,<5k,<250,5.48,65.3,unfit
28,East,Gym,81,9935,544,8k-11k,400-550,5.84,78.0,moderately_fit
28,South,Gym,78,9952,448,8k-11k,400-550,7.07,81.0,moderately_fit
25,North,Gym,71,8711,369,8k-11k,250-400,6.64,55.8,moderately_fit
24,South,Walking,60,7101,242,5k-8k,<250,7.45,59.8,moderately_fit
29,South,Cycling,85,11505,406,11k-14k,400-550,7.69,61.7,moderately_fit
33,North,Running,101,17236,902,>14k,>700,7.67,59.8,fit
33,North,Cycling,84,13736,676,11k-14k,550-700,8.73,78.0,fit
44,South,Cycling,79,11123,401,11k-14k,400-550,6.81,79.3,moderately_fit
28,West,Cycling,74,10128,588,8k-11k,550-700,8.53,67.5,moderately_fit
59,South,Gym,82,6416,320,5k-8k,250-400,7.06,64.5,unfit
22,North,Gym,90,9124,320,8k-11k,250-400,7.45,66.8,moderately_fit
56,South,Gym,86,6341,266,5k-8k,250-400,8.6,85.5,unfit
55,North,Running,113,7994,399,5k-8k,250-400,8.55,89.4,moderately_fit
47,North,Cycling,82,7731,376,5k-8k,250-400,7.06,54.3,moderately_fit
29,South,Cycling,86,12625,532,11k-14k,400-550,7.73,58.4,moderately_fit
23,West,Cycling,87,9994,404,8k-11k,400-550,6.81,81.0,moderately_fit
55,East,Gym,95,7623,381,5k-8k,250-400,7.5,93.8,moderately_fit
66,North,Cycling,93,8162,447,8k-11k,400-550,7.92,85.1,moderately_fit
50,East,Running,118,13176,577,11k-14k,550-700,6.49,64.2,moderately_fit
38,North,Gym,85,7016,330,5k-8k,250-400,6.77,64.6,moderately_fit
30,North,Running,85,3875,193,<5k,<250,9.16,72.4,unfit
48,West,Cycling,92,8058,369,8k-11k,250-400,7.41,71.8,moderately_fit
61,West,Gym,94,4823,207,<5k,<250,7.52,77.9,unfit
26,North,Sports,87,7055,363,5k-8k,250-400,7.33,70.9,moderately_fit
60,North,Walking,79,4653,160,<5k,<250,5.46,85.1,unfit
25,North,Cycling,87,9728,377,8k-11k,250-400,5.12,63.9,moderately_fit
28,South,Cycling,85,11131,484,11k-14k,400-550,7.67,75.2,moderately_fit
60,West,Cycling,85,9950,476,8k-11k,400-550,5.68,69.1,moderately_fit
50,North,Walking,67,10042,340,8k-11k,250-400,6.32,72.7,moderately_fit
61,South,Walking,76,5893,225,5k-8k,<250,7.0,76.8,unfit
31,North,Running,97,13790,676,11k-14k,550-700,7.0,72.9,fit
36,North,Gym,94,13794,532,11k-14k,400-550,6.15,59.1,moderately_fit
36,East,Sports,101,8267,442,8k-11k,400-550,7.53,62.0,moderately_fit
51,East,Walking,58,3833,100,<5k,<250,6.04,72.6,unfit
28,North,Running,96,15806,959,>14k,>700,8.25,83.6,fit
29,North,Gym,78,12555,555,11k-14k,550-700,6.94,67.3,moderately_fit
59,North,Gym,71,10846,465,8k-11k,400-550,7.12,54.4,moderately_fit
28,South,Cycling,85,6688,328,5k-8k,250-400,8.36,77.9,unfit
31,North,Gym,50,4694,208,<5k,<250,6.72,74.5,unfit
54,South,Cycling,100,8827,387,8k-11k,250-400,6.01,71.0,moderately_fit
30,South,Gym,92,10972,474,8k-11k,400-550,5.57,73.5,moderately_fit
30,North,Cycling,93,10086,595,8k-11k,550-700,7.45,85.7,moderately_fit
32,East,Running,92,10068,561,8k-11k,550-700,7.5,71.3,moderately_fit
63,North,Walking,74,3053,116,<5k,<250,6.71,73.6,unfit
23,East,Gym,90,12257,511,11k-14k,400-550,7.77,64.7,moderately_fit
32,South,Cycling,91,13546,606,11k-14k,550-700,7.08,68.3,fit
18,East,Gym,68,11576,465,11k-14k,400-550,9.33,62.5,moderately_fit
68,North,Walking,67,5233,178,5k-8k,<250,7.16,80.0,unfit
27,East,Cycling,45,9110,512,8k-11k,400-550,6.98,87.5,moderately_fit
60,North,Walking,64,1943,100,<5k,<250,4.96,73.7,unfit
26,West,Cycling,102,7604,347,5k-8k,250-400,6.47,60.1,moderately_fit
24,East,Running,100,8285,494,8k-11k,400-550,8.55,57.8,moderately_fit
47,North,Gym,75,7316,379,5k-8k,250-400,8.42,58.2,moderately_fit
56,North,Walking,80,6904,317,5k-8k,250-400,7.65,71.2,unfit
53,West,Gym,85,7831,302,5k-8k,250-400,6.2,69.4,moderately_fit
67,West,Walking,71,8218,276,8k-11k,250-400,6.59,80.9,moderately_fit
24,West,Gym,87,10047,373,8k-11k,250-400,7.49,88.6,moderately_fit
54,East,Cycling,99,5010,234,5k-8k,<250,8.57,81.9,unfit
73,East,Gym,88,5991,228,5k-8k,<250,7.24,88.3,unfit
25,South,Gym,89,9267,369,8k-11k,250-400,6.54,87.5,moderately_fit
25,North,Running,101,15798,907,>14k,>700,6.27,55.8,fit
28,North,Running,109,16542,830,>14k,>700,7.91,82.8,fit
27,East,Running,93,15516,895,>14k,>700,5.32,83.2,fit
46,South,Cycling,120,8543,389,8k-11k,250-400,7.25,67.7,moderately_fit
59,South,Sports,79,12897,686,11k-14k,550-700,8.42,84.1,fit
59,North,Walking,73,7486,228,5k-8k,<250,7.01,62.9,moderately_fit
45,East,Gym,68,1723,100,<5k,<250,7.52,68.2,unfit
26,North,Walking,52,9099,341,8k-11k,250-400,5.4,88.2,moderately_fit
51,South,Walking,89,4469,120,<5k,<250,5.17,73.3,unfit
28,South,Gym,104,4946,269,<5k,250-400,6.72,66.0,unfit
56,North,Walking,69,6476,187,5k-8k,<250,5.63,67.4,unfit
55,West,Gym,93,13341,480,11k-14k,400-550,6.77,77.8,moderately_fit
22,South,Walking,59,7680,277,5k-8k,250-400,7.19,59.7,moderately_fit
32,West,Cycling,79,10157,553,8k-11k,550-700,7.65,64.2,moderately_fit
53,North,Walking,71,6326,248,5k-8k,<250,6.17,90.6,unfit
37,North,Sports,92,17329,729,>14k,>700,6.97,63.2,fit
25,North,Running,97,13495,827,11k-14k,>700,6.84,48.3,fit
48,North,Cycling,87,12058,393,11k-14k,250-400,7.68,71.6,moderately_fit
30,North,Sports,75,10964,552,8k-11k,550-700,9.76,81.8,moderately_fit
56,North,Cycling,100,7508,381,5k-8k,250-400,6.55,66.4,moderately_fit
63,West,Gym,95,10530,437,8k-11k,400-550,6.23,73.1,moderately_fit
58,West,Walking,83,3661,152,<5k,<250,6.65,97.2,unfit
50,West,Gym,84,9733,514,8k-11k,400-550,5.97,84.9,moderately_fit
62,West,Gym,85,6212,269,5k-8k,250-400,7.54,72.7,unfit
36,South,Gym,66,6907,305,5k-8k,250-400,9.29,75.2,unfit
34,South,Gym,100,7888,381,5k-8k,250-400,9.05,74.8,moderately_fit
25,North,Gym,73,3905,153,<5k,<250,6.58,56.9,unfit
44,North,Gym,106,5641,235,5k-8k,<250,6.06,68.9,unfit
35,East,Walking,70,7361,272,5k-8k,250-400,7.52,78.5,moderately_fit
28,West,Running,87,13257,670,11k-14k,550-700,8.09,60.5,fit
18,East,Gym,81,7635,358,5k-8k,250-400,7.48,68.3,moderately_fit
24,East,Running,103,18844,1131,>14k,>700,7.15,50.6,fit
54,North,Cycling,77,6636,381,5k-8k,250-400,7.74,89.9,moderately_fit
30,South,Running,95,18111,757,>14k,>700,7.07,96.1,fit
24,South,Sports,95,12847,739,11k-14k,>700,7.86,73.8,fit
50,West,Walking,59,5766,155,5k-8k,<250,6.84,70.6,unfit
47,West,Sports,91,10720,598,8k-11k,550-700,7.11,51.5,moderately_fit
31,South,Gym,79,9867,407,8k-11k,400-550,7.8,78.1,moderately_fit
46,North,Sports,90,8184,354,8k-11k,250-400,6.0,83.4,moderately_fit
33,North,Gym,76,6678,311,5k-8k,250-400,7.83,76.3,unfit
21,South,Cycling,93,11259,581,11k-14k,550-700,8.11,82.4,moderately_fit
68,West,Walking,71,6207,199,5k-8k,<250,5.67,84.1,unfit
61,North,Gym,85,8792,463,8k-11k,400-550,6.1,73.2,moderately_fit
29,North,Gym,100,12380,556,11k-14k,550-700,5.27,54.6,moderately_fit
54,North,Running,50,7714,393,5k-8k,250-400,8.18,80.0,moderately_fit
25,West,Running,95,15370,929,>14k,>700,7.36,59.0,fit
41,South,Sports,95,10974,449,8k-11k,400-550,6.19,79.8,moderately_fit
47,East,Cycling,81,8348,358,8k-11k,250-400,8.23,91.5,moderately_fit
18,South,Running,109,21010,887,>14k,>700,6.89,87.3,fit
65,North,Walking,83,6357,215,5k-8k,<250,5.79,61.3,unfit
33,North,Cycling,91,14372,687,>14k,550-700,8.42,84.2,fit
29,East,Gym,89,1000,100,<5k,<250,6.13,77.5,unfit
32,West,Cycling,95,13497,809,11k-14k,>700,7.11,74.3,fit
35,South,Gym,50,10206,520,8k-11k,400-550,6.7,70.4,moderately_fit
27,South,Running,99,16205,887,>14k,>700,7.06,56.0,fit
29,East,Running,109,13020,744,11k-14k,>700,6.61,70.1,fit
20,East,Gym,67,15143,700,>14k,550-700,7.95,77.5,fit
27,North,Running,90,13509,754,11k-14k,>700,7.14,75.8,fit
48,South,Gym,102,7953,329,5k-8k,250-400,6.6,71.5,moderately_fit
27,East,Walking,79,5563,172,5k-8k,<250,6.44,76.6,unfit
18,South,Sports,69,12901,508,11k-14k,400-550,6.53,86.4,moderately_fit
37,West,Gym,81,8296,351,8k-11k,250-400,7.62,84.3,moderately_fit
34,West,Cycling,86,13400,650,11k-14k,550-700,6.94,71.7,fit
68,North,Gym,75,8253,429,8k-11k,400-550,8.09,76.2,moderately_fit
44,East,Cycling,88,12853,515,11k-14k,400-550,9.29,73.3,moderately_fit
20,North,Gym,81,9597,467,8k-11k,400-550,6.14,61.4,moderately_fit
27,East,Running,102,13081,604,11k-14k,550-700,5.19,80.2,fit
32,South,Gym,97,11276,587,11k-14k,550-700,6.84,79.0,moderately_fit
21,South,Running,114,15173,836,>14k,>700,6.49,62.7,fit
56,West,Sports,110,3805,180,<5k,<250,6.31,86.7,unfit
48,East,Gym,73,6868,315,5k-8k,250-400,6.37,84.6,unfit
57,West,Cycling,86,3414,160,<5k,<250,7.53,86.0,unfit
54,North,Walking,70,4448,167,<5k,<250,4.46,82.3,unfit
69,North,Walking,86,7332,172,5k-8k,<250,7.54,63.9,moderately_fit
28,South,Gym,86,8492,337,8k-11k,250-400,8.33,83.6,moderately_fit
66,West,Walking,84,4901,166,<5k,<250,5.59,60.3,unfit
34,South,Gym,79,8447,404,8k-11k,400-550,6.18,64.1,moderately_fit
30,North,Gym,120,9227,366,8k-11k,250-400,7.01,80.9,moderately_fit
30,South,Cycling,92,10203,517,8k-11k,400-550,6.95,79.2,moderately_fit
29,South,Walking,74,11046,399,11k-14k,250-400,6.46,70.5,moderately_fit
32,East,Gym,78,4808,243,<5k,<250,6.99,66.9,unfit
51,East,Walking,75,6697,268,5k-8k,250-400,5.78,87.3,unfit
32,West,Cycling,86,12270,703,11k-14k,>700,7.09,81.0,fit
64,East,Walking,62,3757,119,<5k,<250,5.69,76.7,unfit
26,North,Sports,89,13920,601,11k-14k,550-700,7.73,47.8,fit
25,East,Gym,110,7863,308,5k-8k,250-400,6.46,63.8,moderately_fit
30,East,Gym,82,10399,426,8k-11k,400-550,5.63,71.9,moderately_fit
23,West,Gym,71,6512,348,5k-8k,250-400,5.51,88.3,unfit
24,North,Gym,81,9818,597,8k-11k,550-700,7.02,81.3,moderately_fit
59,North,Cycling,94,14294,542,>14k,400-550,7.13,71.4,moderately_fit
38,North,Running,95,10284,660,8k-11k,550-700,6.56,81.2,moderately_fit
32,South,Gym,80,8028,370,8k-11k,250-400,7.86,80.0,moderately_fit
50,North,Walking,63,9592,376,8k-11k,250-400,8.05,72.1,moderately_fit
30,East,Gym,87,12291,497,11k-14k,400-550,8.23,86.6,moderately_fit
25,East,Sports,88,16764,786,>14k,>700,8.65,61.1,fit
23,South,Cycling,88,10676,491,8k-11k,400-550,8.15,74.3,moderately_fit
56,South,Gym,72,8333,429,8k-11k,400-550,7.69,70.6,moderately_fit
55,West,Gym,80,8686,327,8k-11k,250-400,7.76,66.4,moderately_fit
62,South,Cycling,85,6537,299,5k-8k,250-400,7.87,65.3,unfit
55,North,Gym,92,4739,192,<5k,<250,7.11,78.0,unfit
18,North,Cycling,84,8897,372,8k-11k,250-400,7.52,73.0,moderately_fit
19,South,Running,107,13395,815,11k-14k,>700,7.53,79.5,fit
26,North,Gym,76,6272,316,5k-8k,250-400,8.91,68.2,unfit
65,South,Cycling,90,6547,267,5k-8k,250-400,7.27,79.7,unfit
25,West,Running,92,11282,644,11k-14k,550-700,7.42,79.6,moderately_fit
36,East,Cycling,84,11840,505,11k-14k,400-550,8.31,74.8,moderately_fit
29,South,Gym,76,10254,510,8k-11k,400-550,7.38,65.2,moderately_fit
51,North,Gym,76,6371,276,5k-8k,250-400,7.63,69.7,unfit
31,West,Gym,79,8279,374,8k-11k,250-400,7.13,84.1,moderately_fit
26,West,Gym,82,10955,499,8k-11k,400-550,7.08,80.5,moderately_fit
55,South,Running,103,10235,570,8k-11k,550-700,8.25,83.2,moderately_fit
55,South,Gym,77,6044,218,5k-8k,<250,5.3,89.3,unfit
59,East,Gym,77,3943,213,<5k,<250,7.22,83.7,unfit
20,North,Sports,86,16090,861,>14k,>700,5.45,97.6,fit
72,North,Cycling,94,3627,163,<5k,<250,5.51,64.9,unfit
27,North,Running,96,13153,665,11k-14k,550-700,5.07,72.6,fit
32,South,Cycling,81,8666,468,8k-11k,400-550,7.73,66.9,moderately_fit
27,North,Gym,71,9763,361,8k-11k,250-400,5.76,71.3,moderately_fit
30,North,Cycling,45,9921,432,8k-11k,400-550,6.54,61.2,moderately_fit
22,North,Gym,99,9942,464,8k-11k,400-550,7.84,56.0,moderately_fit
24,East,Cycling,82,9418,326,8k-11k,250-400,6.84,67.6,moderately_fit
30,South,Gym,80,8065,397,8k-11k,250-400,6.45,80.9,moderately_fit
30,North,Gym,81,5831,237,5k-8k,<250,8.16,70.9,unfit
25,West,Gym,130,7012,300,5k-8k,250-400,7.43,81.6,moderately_fit
49,South,Cycling,96,8362,379,8k-11k,250-400,6.79,71.0,moderately_fit
26,North,Gym,71,9877,473,8k-11k,400-550,7.33,63.5,moderately_fit
21,North,Gym,86,9432,411,8k-11k,400-550,5.83,68.3,moderately_fit
75,East,Gym,79,9609,452,8k-11k,400-550,6.37,83.8,moderately_fit
20,North,Walking,80,4866,152,<5k,<250,7.98,85.1,unfit
31,North,Gym,73,8479,410,8k-11k,400-550,5.66,80.1,moderately_fit
23,South,Gym,78,3984,178,<5k,<250,6.31,80.9,unfit
20,South,Cycling,91,11424,618,11k-14k,550-700,6.81,64.3,moderately_fit
27,East,Running,92,12087,447,11k-14k,400-550,6.67,60.6,moderately_fit
54,East,Cycling,84,7829,377,5k-8k,250-400,7.55,68.0,moderately_fit
54,West,Walking,76,4716,134,<5k,<250,6.64,78.7,unfit
51,North,Walking,76,7109,216,5k-8k,<250,7.03,69.2,moderately_fit
18,North,Walking,77,8559,312,8k-11k,250-400,7.15,90.6,moderately_fit
20,West,Sports,95,9811,667,8k-11k,550-700,7.73,74.5,moderately_fit
22,East,Running,102,13923,850,11k-14k,>700,8.67,56.4,fit
62,East,Gym,84,3264,142,<5k,<250,7.97,77.2,unfit
66,North,Sports,105,4570,245,<5k,<250,6.97,79.6,unfit
18,North,Gym,87,11001,547,11k-14k,400-550,8.44,60.4,moderately_fit
27,North,Gym,94,6556,291,5k-8k,250-400,6.4,79.3,unfit
49,South,Cycling,98,7985,369,5k-8k,250-400,6.76,76.8,moderately_fit
19,North,Cycling,70,12468,667,11k-14k,550-700,7.28,77.8,fit
20,South,Running,103,14747,816,>14k,>700,8.12,70.3,fit
31,South,Cycling,78,14469,942,>14k,>700,7.49,62.6,fit
51,North,Gym,73,4657,199,<5k,<250,6.85,80.5,unfit
33,North,Sports,81,14748,774,>14k,>700,7.06,67.2,fit
59,South,Gym,87,8712,383,8k-11k,250-400,8.15,66.9,moderately_fit
65,North,Walking,67,7013,234,5k-8k,<250,6.44,78.7,moderately_fit
63,North,Gym,83,6020,297,5k-8k,250-400,7.72,100.9,unfit
26,North,Cycling,86,8980,397,8k-11k,250-400,4.96,80.4,moderately_fit
28,South,Running,120,14285,872,>14k,>700,5.45,79.3,fit
52,East,Walking,82,4273,151,<5k,<250,7.79,66.6,unfit
43,North,Walking,60,4689,202,<5k,<250,4.11,81.0,unfit
29,East,Gym,91,9643,444,8k-11k,400-550,5.17,85.6,moderately_fit
30,West,Sports,81,14590,719,>14k,>700,7.2,87.6,fit
49,East,Gym,73,3923,172,<5k,<250,7.88,63.2,unfit
63,North,Gym,85,10267,456,8k-11k,400-550,4.81,83.6,moderately_fit
45,South,Cycling,84,6735,309,5k-8k,250-400,7.16,77.7,unfit
60,East,Cycling,78,7873,359,5k-8k,250-400,7.97,99.4,moderately_fit
29,West,Cycling,72,10392,448,8k-11k,400-550,6.66,69.8,moderately_fit
26,West,Sports,93,11096,459,11k-14k,400-550,6.92,69.6,moderately_fit
31,South,Cycling,103,10367,514,8k-11k,400-550,7.99,81.7,moderately_fit
53,South,Cycling,89,9535,417,8k-11k,400-550,7.39,82.7,moderately_fit
31,West,Gym,76,12314,486,11k-14k,400-550,6.9,86.5,moderately_fit
38,East,Running,101,12393,585,11k-14k,550-700,6.49,59.2,moderately_fit
26,South,Cycling,73,9078,366,8k-11k,250-400,6.49,77.8,moderately_fit
29,North,Gym,89,6594,324,5k-8k,250-400,7.29,80.7,unfit
25,North,Cycling,85,12237,721,11k-14k,>700,6.88,75.6,fit
26,South,Gym,73,11510,491,11k-14k,400-550,6.05,88.4,moderately_fit
21,East,Gym,75,8177,316,8k-11k,250-400,5.82,63.7,moderately_fit
30,West,Gym,82,11491,457,11k-14k,400-550,4.76,69.0,moderately_fit
27,West,Running,100,20606,1228,>14k,>700,6.6,72.3,fit
32,North,Gym,85,12365,535,11k-14k,400-550,6.99,83.4,moderately_fit
25,East,Walking,130,6177,177,5k-8k,<250,7.73,80.9,unfit
34,North,Sports,97,14191,782,>14k,>700,8.06,67.4,fit
23,East,Sports,92,14879,665,>14k,550-700,6.83,69.0,fit
37,East,Walking,86,7112,310,5k-8k,250-400,6.0,76.8,moderately_fit
50,North,Gym,84,10109,422,8k-11k,400-550,6.38,82.1,moderately_fit
47,North,Running,93,14382,844,>14k,>700,5.68,81.2,fit
24,North,Gym,81,12718,598,11k-14k,550-700,5.69,52.5,moderately_fit
58,North,Gym,88,8780,343,8k-11k,250-400,6.56,96.6,moderately_fit
27,West,Running,102,16364,905,>14k,>700,7.1,64.6,fit
29,North,Running,102,10839,549,8k-11k,400-550,6.9,64.5,moderately_fit
31,North,Cycling,86,10954,550,8k-11k,400-550,6.04,61.0,moderately_fit
55,North,Gym,85,5658,270,5k-8k,250-400,6.49,77.3,unfit
52,West,Walking,79,8577,390,8k-11k,250-400,5.53,76.9,moderately_fit
36,North,Running,105,9125,497,8k-11k,400-550,8.53,68.9,moderately_fit
23,North,Running,98,7934,395,5k-8k,250-400,8.06,69.3,moderately_fit
55,East,Running,97,7052,421,5k-8k,400-550,7.11,60.1,moderately_fit
67,North,Gym,82,6163,325,5k-8k,250-400,8.16,61.4,unfit
48,North,Cycling,84,4541,280,<5k,250-400,7.6,81.6,unfit
26,East,Gym,79,4734,224,<5k,<250,7.17,71.5,unfit
43,North,Running,101,14494,806,>14k,>700,7.37,85.5,fit
52,West,Running,95,7420,370,5k-8k,250-400,5.75,77.9,moderately_fit
51,South,Cycling,95,11872,485,11k-14k,400-550,7.64,71.3,moderately_fit
47,South,Running,95,8134,361,8k-11k,250-400,8.22,90.0,moderately_fit
56,North,Walking,79,1699,100,<5k,<250,7.06,72.9,unfit
39,East,Cycling,92,7748,419,5k-8k,400-550,7.29,87.3,moderately_fit
19,South,Gym,77,6713,238,5k-8k,<250,7.37,86.5,unfit
28,North,Walking,77,4880,151,<5k,<250,7.06,68.1,unfit
27,North,Running,101,13771,656,11k-14k,550-700,8.16,79.6,fit
56,South,Walking,62,6313,254,5k-8k,250-400,6.99,84.7,unfit
58,East,Walking,74,8631,275,8k-11k,250-400,7.88,78.3,moderately_fit
56,West,Walking,66,5248,216,5k-8k,<250,6.0,83.8,unfit
21,East,Cycling,100,12476,549,11k-14k,400-550,6.95,64.5,moderately_fit
65,South,Walking,69,2834,121,<5k,<250,7.3,86.8,unfit
29,North,Running,96,11176,531,11k-14k,400-550,7.84,70.0,moderately_fit
46,East,Cycling,86,13010,641,11k-14k,550-700,7.6,71.5,fit
61,West,Gym,76,10644,425,8k-11k,400-550,8.16,64.8,moderately_fit
46,South,Walking,70,9681,396,8k-11k,250-400,5.14,85.2,moderately_fit
26,North,Cycling,79,11045,455,11k-14k,400-550,7.63,62.6,moderately_fit
47,North,Walking,64,3804,165,<5k,<250,5.97,74.2,unfit
58,North,Walking,84,4304,150,<5k,<250,7.2,78.6,unfit
24,South,Gym,79,8780,445,8k-11k,400-550,6.47,83.8,moderately_fit
43,West,Gym,85,6920,323,5k-8k,250-400,7.93,70.1,unfit
65,North,Cycling,83,8523,456,8k-11k,400-550,8.39,67.5,moderately_fit
30,North,Cycling,81,12918,701,11k-14k,>700,6.52,65.0,fit
28,South,Gym,77,6760,338,5k-8k,250-400,5.81,81.5,unfit
60,West,Sports,90,14153,665,>14k,550-700,7.57,91.5,fit
43,South,Gym,84,8519,343,8k-11k,250-400,8.25,86.6,moderately_fit
28,North,Running,99,18073,1021,>14k,>700,8.8,71.6,fit
32,North,Cycling,103,11938,542,11k-14k,400-550,8.92,57.0,moderately_fit
32,South,Cycling,87,16270,813,>14k,>700,6.25,58.9,fit
20,East,Gym,76,6958,304,5k-8k,250-400,6.67,72.8,unfit
55,North,Running,120,9758,494,8k-11k,400-550,6.58,74.3,moderately_fit
32,South,Gym,82,7790,333,5k-8k,250-400,6.85,74.7,moderately_fit
24,South,Gym,77,10057,472,8k-11k,400-550,7.2,67.3,moderately_fit
32,South,Running,92,13977,809,11k-14k,>700,8.19,63.0,fit
30,North,Cycling,71,12012,635,11k-14k,550-700,7.79,83.7,fit
40,West,Gym,90,8883,357,8k-11k,250-400,8.24,64.1,moderately_fit
24,South,Gym,74,10993,551,8k-11k,550-700,6.64,79.5,moderately_fit
57,East,Walking,71,4952,168,<5k,<250,7.94,87.6,unfit
27,East,Gym,72,10568,488,8k-11k,400-550,6.96,65.8,moderately_fit
30,West,Walking,71,12990,602,11k-14k,550-700,6.87,80.9,fit
31,South,Sports,120,11884,691,11k-14k,550-700,8.75,80.0,moderately_fit
22,South,Gym,90,6122,263,5k-8k,250-400,5.12,64.5,unfit
31,South,Gym,65,7565,367,5k-8k,250-400,7.07,69.5,moderately_fit
20,South,Running,95,13421,647,11k-14k,550-700,5.55,96.9,fit
52,North,Cycling,90,7065,318,5k-8k,250-400,5.77,95.0,moderately_fit
50,West,Cycling,86,9745,481,8k-11k,400-550,7.26,66.4,moderately_fit
33,West,Cycling,74,12797,695,11k-14k,550-700,6.24,55.1,fit
34,North,Walking,76,4546,136,<5k,<250,6.94,76.1,unfit
18,North,Cycling,82,7764,344,5k-8k,250-400,7.28,63.4,moderately_fit
47,North,Running,105,19521,1036,>14k,>700,6.58,84.4,fit
51,West,Gym,91,5455,217,5k-8k,<250,5.44,69.3,unfit
49,South,Sports,82,13846,702,11k-14k,>700,8.35,81.0,fit
42,South,Cycling,83,11982,590,11k-14k,550-700,7.37,89.0,moderately_fit
60,West,Cycling,89,7131,388,5k-8k,250-400,6.35,64.4,moderately_fit
26,South,Gym,73,7497,303,5k-8k,250-400,6.23,68.7,moderately_fit
23,East,Running,109,12686,697,11k-14k,550-700,6.22,73.6,fit
21,South,Sports,82,11635,585,11k-14k,550-700,7.29,72.2,moderately_fit
56,East,Gym,110,9014,469,8k-11k,400-550,7.78,78.1,moderately_fit
33,South,Gym,66,5518,294,5k-8k,250-400,7.43,82.4,unfit
52,South,Cycling,91,12484,615,11k-14k,550-700,8.42,70.6,fit
62,West,Walking,61,4374,124,<5k,<250,6.79,72.7,unfit
25,South,Cycling,94,7781,423,5k-8k,400-550,8.7,89.3,moderately_fit
48,South,Sports,81,10862,630,8k-11k,550-700,7.15,75.8,moderately_fit
25,North,Running,97,21510,1058,>14k,>700,5.43,55.2,fit
32,North,Running,115,11081,571,11k-14k,550-700,6.0,56.7,moderately_fit
61,East,Walking,78,5964,170,5k-8k,<250,6.15,84.0,unfit
24,South,Cycling,80,11873,549,11k-14k,400-550,6.88,63.9,moderately_fit
58,East,Gym,85,12046,654,11k-14k,550-700,6.29,84.1,fit
52,South,Gym,130,5386,230,5k-8k,<250,7.53,80.9,unfit
49,South,Cycling,89,11860,557,11k-14k,550-700,8.3,51.4,moderately_fit
25,East,Gym,78,5975,243,5k-8k,<250,4.74,76.8,unfit
52,South,Gym,110,8289,260,8k-11k,250-400,7.74,78.5,moderately_fit
31,West,Cycling,77,12802,686,11k-14k,550-700,6.68,72.3,fit
56,South,Sports,85,12216,594,11k-14k,550-700,5.49,72.1,moderately_fit
35,North,Walking,130,4356,160,<5k,<250,5.18,55.6,unfit
24,South,Walking,79,3654,119,<5k,<250,5.98,64.4,unfit
30,North,Running,98,13207,790,11k-14k,>700,6.7,46.8,fit
28,North,Running,102,12290,620,11k-14k,550-700,6.35,64.7,fit
25,North,Gym,77,5984,300,5k-8k,250-400,5.68,62.4,unfit
28,East,Sports,87,8869,407,8k-11k,400-550,9.09,87.4,moderately_fit
35,North,Gym,81,7671,259,5k-8k,250-400,7.06,71.2,moderately_fit
27,North,Walking,51,10938,410,8k-11k,400-550,7.08,64.3,moderately_fit
54,North,Walking,73,3616,139,<5k,<250,7.48,83.0,unfit
27,North,Cycling,82,13508,719,11k-14k,>700,6.66,90.3,fit
64,North,Walking,79,2604,108,<5k,<250,6.26,105.3,unfit
50,North,Gym,78,5982,268,5k-8k,250-400,7.16,58.4,unfit
30,North,Running,120,9203,424,8k-11k,400-550,6.2,79.3,moderately_fit
23,North,Running,130,21018,1445,>14k,>700,6.23,61.2,fit
30,North,Walking,66,9272,296,8k-11k,250-400,8.6,82.2,moderately_fit
25,East,Running,85,16404,738,>14k,>700,9.84,61.1,fit
26,East,Gym,78,11092,509,11k-14k,400-550,5.44,65.9,moderately_fit
68,South,Sports,97,6648,350,5k-8k,250-400,7.74,94.2,moderately_fit
58,West,Cycling,72,8888,484,8k-11k,400-550,7.72,72.1,moderately_fit
26,North,Gym,87,6853,358,5k-8k,250-400,7.25,75.8,moderately_fit
53,North,Sports,88,16702,944,>14k,>700,6.32,92.2,fit
24,East,Gym,68,6788,319,5k-8k,250-400,6.0,73.3,unfit
26,South,Cycling,75,9208,450,8k-11k,400-550,8.48,69.6,moderately_fit
30,West,Running,96,18610,885,>14k,>700,9.09,72.6,fit
52,West,Gym,84,7471,213,5k-8k,<250,6.95,84.1,moderately_fit
29,North,Gym,89,10776,490,8k-11k,400-550,5.61,63.7,moderately_fit
30,West,Running,103,13555,705,11k-14k,>700,7.08,77.2,fit
30,West,Walking,68,5981,252,5k-8k,250-400,6.0,84.1,unfit
38,South,Cycling,73,8678,461,8k-11k,400-550,6.4,87.4,moderately_fit
23,West,Gym,50,11823,610,11k-14k,550-700,6.74,73.2,moderately_fit
25,North,Cycling,92,12008,683,11k-14k,550-700,8.02,68.3,fit
23,East,Running,103,18109,890,>14k,>700,8.15,52.0,fit
59,North,Cycling,104,11695,470,11k-14k,400-550,7.43,77.0,moderately_fit
33,North,Cycling,93,12242,581,11k-14k,550-700,7.57,65.7,moderately_fit
52,South,Walking,74,8282,299,8k-11k,250-400,6.73,73.8,moderately_fit
50,North,Walking,79,7367,279,5k-8k,250-400,5.85,65.2,moderately_fit
49,East,Gym,81,8884,428,8k-11k,400-550,8.28,74.7,moderately_fit
31,South,Sports,91,11063,584,11k-14k,550-700,5.84,78.7,moderately_fit
30,South,Running,105,8723,469,8k-11k,400-550,7.7,77.4,moderately_fit
24,North,Cycling,74,9933,385,8k-11k,250-400,7.55,73.2,moderately_fit
35,South,Sports,86,15144,704,>14k,>700,9.17,72.7,fit
60,East,Sports,77,10080,530,8k-11k,400-550,5.99,73.4,moderately_fit
25,South,Running,103,13094,796,11k-14k,>700,7.08,71.8,fit
68,South,Gym,91,9670,531,8k-11k,400-550,6.09,92.0,moderately_fit
33,South,Sports,97,10580,518,8k-11k,400-550,8.52,66.0,moderately_fit
53,South,Cycling,84,10969,592,8k-11k,550-700,6.41,73.6,moderately_fit
35,South,Cycling,71,13964,669,11k-14k,550-700,6.74,70.6,fit
36,West,Cycling,92,12078,444,11k-14k,400-550,8.68,58.3,moderately_fit
28,East,Running,50,17185,885,>14k,>700,6.27,80.7,fit
21,South,Gym,74,10981,390,8k-11k,250-400,6.58,55.0,moderately_fit
59,South,Cycling,86,3958,192,<5k,<250,8.22,87.8,unfit
22,South,Running,108,18532,856,>14k,>700,8.86,66.6,fit
22,East,Gym,78,11739,540,11k-14k,400-550,6.36,85.3,moderately_fit
26,South,Gym,86,8705,430,8k-11k,400-550,8.15,75.4,moderately_fit
29,East,Cycling,110,9651,399,8k-11k,250-400,7.33,62.3,moderately_fit
59,North,Gym,80,7575,332,5k-8k,250-400,6.69,69.5,moderately_fit
53,South,Walking,75,3734,129,<5k,<250,7.45,89.7,unfit
26,West,Gym,69,11823,608,11k-14k,550-700,6.52,63.7,moderately_fit
24,North,Running,92,13946,604,11k-14k,550-700,5.9,83.5,fit
30,West,Gym,82,6952,269,5k-8k,250-400,4.99,76.0,unfit
24,North,Running,89,16393,1042,>14k,>700,7.59,71.0,fit
55,North,Running,114,12724,648,11k-14k,550-700,7.6,99.4,fit
66,South,Gym,77,8842,349,8k-11k,250-400,7.2,101.4,moderately_fit
20,East,Sports,75,9615,566,8k-11k,550-700,6.3,68.3,moderately_fit
52,East,Walking,67,7660,267,5k-8k,250-400,7.31,75.0,moderately_fit
46,North,Gym,78,12599,733,11k-14k,>700,7.72,85.2,fit
26,North,Gym,79,9359,410,8k-11k,400-550,8.09,87.3,moderately_fit
75,South,Walking,45,4747,147,<5k,<250,6.35,88.9,unfit
48,North,Gym,83,4524,202,<5k,<250,7.35,73.1,unfit
31,South,Cycling,84,11165,568,11k-14k,550-700,7.18,59.8,moderately_fit
31,South,Gym,94,6575,350,5k-8k,250-400,5.8,74.3,moderately_fit
42,South,Sports,94,13838,592,11k-14k,550-700,7.49,84.2,moderately_fit
26,North,Walking,71,12426,483,11k-14k,400-550,6.23,68.9,moderately_fit
38,North,Cycling,89,16529,870,>14k,>700,6.49,72.6,fit
22,South,Sports,84,10513,625,8k-11k,550-700,8.97,75.5,moderately_fit
29,North,Gym,81,7422,294,5k-8k,250-400,5.31,64.1,moderately_fit
32,South,Running,101,15415,947,>14k,>700,7.26,67.6,fit
34,East,Cycling,95,10145,436,8k-11k,400-550,7.1,74.1,moderately_fit
36,North,Cycling,85,10595,550,8k-11k,400-550,7.49,71.3,moderately_fit
23,North,Running,95,21863,1154,>14k,>700,6.71,75.5,fit
26,North,Gym,77,6757,330,5k-8k,250-400,4.71,71.2,unfit
25,East,Cycling,82,12106,743,11k-14k,>700,6.58,56.6,fit
28,North,Running,91,15142,910,>14k,>700,6.72,48.3,fit
41,West,Gym,86,11091,600,11k-14k,550-700,8.37,84.9,moderately_fit
27,South,Sports,101,10063,538,8k-11k,400-550,7.7,69.0,moderately_fit
32,North,Running,103,18050,1000,>14k,>700,7.71,74.9,fit
54,North,Gym,95,8256,379,8k-11k,250-400,8.56,76.1,moderately_fit
22,South,Cycling,101,9608,459,8k-11k,400-550,8.11,78.9,moderately_fit
62,South,Gym,64,6615,276,5k-8k,250-400,8.98,69.8,unfit
20,South,Gym,69,12372,432,11k-14k,400-550,6.72,80.9,moderately_fit
30,North,Running,89,20047,778,>14k,>700,8.25,90.3,fit
25,South,Cycling,97,10561,515,8k-11k,400-550,7.03,96.3,moderately_fit
20,North,Running,94,21148,1156,>14k,>700,6.28,56.6,fit
22,South,Sports,78,15759,817,>14k,>700,6.54,80.7,fit
52,North,Walking,62,5165,195,5k-8k,<250,6.63,91.1,unfit
46,East,Gym,80,9639,438,8k-11k,400-550,7.89,66.0,moderately_fit
30,North,Running,104,16416,715,>14k,>700,8.59,63.0,fit
55,South,Gym,81,6934,310,5k-8k,250-400,5.77,67.7,unfit
28,South,Gym,82,7722,355,5k-8k,250-400,6.82,76.2,moderately_fit
47,North,Cycling,80,9346,378,8k-11k,250-400,6.79,89.9,moderately_fit
48,South,Gym,81,7031,315,5k-8k,250-400,9.44,49.6,moderately_fit
21,North,Walking,72,8392,335,8k-11k,250-400,6.36,60.8,moderately_fit
49,North,Sports,105,15769,794,>14k,>700,6.58,72.1,fit
57,West,Walking,72,6837,261,5k-8k,250-400,6.37,79.3,unfit
39,North,Sports,94,15702,987,>14k,>700,7.85,74.5,fit
65,South,Walking,71,6630,257,5k-8k,250-400,8.15,80.7,unfit
65,East,Walking,110,11280,430,11k-14k,400-550,4.48,67.0,moderately_fit
30,North,Cycling,74,9006,415,8k-11k,400-550,6.77,64.5,moderately_fit
33,West,Cycling,89,5635,300,5k-8k,250-400,6.99,72.7,unfit
24,North,Running,102,15219,789,>14k,>700,7.18,79.6,fit
21,South,Gym,90,10798,588,8k-11k,550-700,9.52,60.3,moderately_fit
34,East,Cycling,89,14660,764,>14k,>700,6.95,75.1,fit
67,West,Walking,86,9195,342,8k-11k,250-400,8.48,73.7,moderately_fit
27,South,Cycling,92,7382,363,5k-8k,250-400,6.56,58.7,moderately_fit
24,South,Gym,81,9169,327,8k-11k,250-400,5.61,69.2,moderately_fit
26,South,Cycling,89,11707,435,11k-14k,400-550,7.83,74.6,moderately_fit
52,North,Gym,78,4849,225,<5k,<250,6.8,70.3,unfit
27,East,Running,108,13680,664,11k-14k,550-700,5.92,72.7,fit
42,North,Cycling,93,12807,484,11k-14k,400-550,8.05,61.7,moderately_fit
60,South,Walking,70,8084,294,8k-11k,250-400,7.75,98.9,moderately_fit
48,East,Cycling,92,10536,492,8k-11k,400-550,7.61,75.2,moderately_fit
27,West,Gym,84,13640,667,11k-14k,550-700,7.33,80.0,fit
47,South,Gym,81,8937,444,8k-11k,400-550,7.24,74.4,moderately_fit
68,East,Gym,91,9864,356,8k-11k,250-400,7.68,83.1,moderately_fit
42,North,Sports,45,8824,388,8k-11k,250-400,8.2,78.2,moderately_fit
61,North,Walking,73,4162,146,<5k,<250,5.34,82.9,unfit
58,South,Gym,69,12526,486,11k-14k,400-550,6.58,78.2,moderately_fit
32,South,Cycling,130,9660,502,8k-11k,400-550,7.28,73.3,moderately_fit
43,East,Gym,86,10867,476,8k-11k,400-550,6.9,75.5,moderately_fit
25,East,Gym,94,8215,344,8k-11k,250-400,7.37,62.8,moderately_fit
29,North,Running,101,15070,527,>14k,400-550,7.55,77.6,moderately_fit
60,South,Walking,62,5488,203,5k-8k,<250,6.69,77.3,unfit
59,North,Gym,93,9057,401,8k-11k,400-550,6.38,83.2,moderately_fit
19,North,Cycling,94,13697,669,11k-14k,550-700,6.56,55.0,fit
30,North,Cycling,83,9386,417,8k-11k,400-550,8.81,76.9,moderately_fit
63,East,Walking,74,7099,296,5k-8k,250-400,6.14,82.6,moderately_fit
35,South,Cycling,81,7783,397,5k-8k,250-400,10.5,80.2,moderately_fit
32,North,Walking,82,10704,334,8k-11k,250-400,4.77,80.0,moderately_fit
34,South,Running,106,14477,738,>14k,>700,6.76,75.9,fit
29,South,Sports,85,4477,213,<5k,<250,7.72,66.0,unfit
24,East,Gym,70,6328,319,5k-8k,250-400,7.43,68.0,unfit
55,South,Gym,85,9244,373,8k-11k,250-400,6.01,68.1,moderately_fit
27,North,Cycling,82,13681,547,11k-14k,400-550,9.72,66.1,moderately_fit
51,West,Gym,67,6823,285,5k-8k,250-400,6.36,80.8,unfit
52,North,Gym,73,8125,307,8k-11k,250-400,6.2,61.0,moderately_fit
18,East,Gym,85,11814,445,11k-14k,400-550,6.91,73.7,moderately_fit
21,South,Running,89,18633,1042,>14k,>700,6.16,70.3,fit
25,North,Gym,93,11802,445,11k-14k,400-550,6.19,60.1,moderately_fit
18,East,Running,94,13318,520,11k-14k,400-550,6.61,67.4,moderately_fit
53,North,Gym,82,11077,494,11k-14k,400-550,5.55,73.2,moderately_fit
68,West,Cycling,110,2566,113,<5k,<250,7.45,86.3,unfit
54,North,Walking,71,5520,138,5k-8k,<250,5.37,80.3,unfit
57,South,Gym,83,8950,363,8k-11k,250-400,7.29,70.2,moderately_fit
24,East,Running,104,10781,656,8k-11k,550-700,6.26,65.7,moderately_fit
59,North,Walking,50,5923,224,5k-8k,<250,7.58,80.3,unfit
27,South,Running,106,15759,833,>14k,>700,8.02,85.6,fit
36,West,Gym,130,6860,287,5k-8k,250-400,7.64,71.5,unfit
48,East,Gym,88,8476,399,8k-11k,250-400,6.92,76.4,moderately_fit
55,South,Walking,73,3580,128,<5k,<250,7.88,64.8,unfit
32,East,Gym,82,11580,455,11k-14k,400-550,7.34,70.6,moderately_fit
24,West,Sports,88,13813,816,11k-14k,>700,6.7,61.7,fit
22,North,Walking,64,9264,335,8k-11k,250-400,5.35,84.1,moderately_fit
31,South,Sports,130,11699,535,11k-14k,400-550,7.69,58.8,moderately_fit
23,North,Gym,73,5501,276,5k-8k,250-400,6.07,57.1,unfit
23,West,Running,120,14101,846,>14k,>700,7.8,78.1,fit
60,East,Gym,84,11515,607,11k-14k,550-700,6.93,80.8,moderately_fit
24,East,Sports,114,15020,795,>14k,>700,7.21,75.5,fit
24,West,Cycling,78,15883,698,>14k,550-700,8.04,72.7,fit
61,North,Sports,82,9411,501,8k-11k,400-550,8.22,84.3,moderately_fit
28,North,Cycling,78,9470,410,8k-11k,400-550,6.87,75.0,moderately_fit
22,North,Gym,71,11199,453,11k-14k,400-550,7.11,75.0,moderately_fit
32,South,Sports,130,11306,514,11k-14k,400-550,8.35,80.9,moderately_fit
24,South,Sports,89,11085,722,11k-14k,>700,8.78,62.9,moderately_fit
31,East,Gym,84,4796,241,<5k,<250,7.63,61.2,unfit
55,North,Sports,86,10628,633,8k-11k,550-700,9.38,81.2,moderately_fit
64,South,Running,91,13211,547,11k-14k,400-550,6.16,76.7,moderately_fit
31,East,Sports,91,8961,361,8k-11k,250-400,6.47,65.1,moderately_fit
29,North,Sports,85,15769,646,>14k,550-700,4.99,86.1,fit
61,North,Cycling,89,9184,456,8k-11k,400-550,6.36,99.6,moderately_fit
44,South,Sports,82,11022,676,11k-14k,550-700,6.08,49.9,moderately_fit
30,South,Gym,76,6151,223,5k-8k,<250,7.92,49.9,unfit
52,West,Walking,65,7241,245,5k-8k,<250,6.62,81.0,moderately_fit
18,South,Gym,87,7118,277,5k-8k,250-400,8.92,45.0,moderately_fit
23,East,Gym,81,7279,251,5k-8k,250-400,7.5,82.7,moderately_fit
27,South,Gym,76,5218,235,5k-8k,<250,5.35,84.2,unfit
22,North,Running,111,22701,1137,>14k,>700,5.92,70.5,fit
33,North,Gym,80,8879,337,8k-11k,250-400,6.74,74.5,moderately_fit
34,North,Cycling,77,9195,353,8k-11k,250-400,6.83,69.4,moderately_fit
37,North,Cycling,91,10375,552,8k-11k,550-700,7.47,66.6,moderately_fit
34,North,Cycling,75,9464,432,8k-11k,400-550,5.8,65.6,moderately_fit
32,South,Running,103,13062,622,11k-14k,550-700,6.96,80.7,fit
58,South,Walking,78,6610,283,5k-8k,250-400,7.62,82.9,unfit
24,South,Gym,79,8584,315,8k-11k,250-400,7.15,76.3,moderately_fit
48,North,Running,108,12372,461,11k-14k,400-550,7.38,93.4,moderately_fit
32,South,Cycling,86,16712,755,>14k,>700,8.18,70.5,fit
26,South,Running,108,8699,477,8k-11k,400-550,6.68,78.0,moderately_fit
47,West,Cycling,76,6834,323,5k-8k,250-400,5.83,84.3,unfit
35,West,Gym,89,10100,460,8k-11k,400-550,5.88,64.3,moderately_fit
25,East,Gym,84,12954,559,11k-14k,550-700,8.0,66.2,moderately_fit
25,East,Cycling,88,18920,898,>14k,>700,6.72,70.1,fit
28,North,Gym,130,10369,498,8k-11k,400-550,6.26,63.2,moderately_fit
62,North,Gym,69,4019,177,<5k,<250,6.63,79.9,unfit
54,East,Cycling,92,12883,586,11k-14k,550-700,6.58,75.7,moderately_fit
27,South,Gym,77,9711,486,8k-11k,400-550,6.74,59.0,moderately_fit
58,South,Gym,78,7548,289,5k-8k,250-400,7.29,80.1,moderately_fit
40,East,Cycling,76,5382,326,5k-8k,250-400,6.18,76.5,unfit
22,South,Cycling,85,14601,544,>14k,400-550,5.05,68.3,moderately_fit
30,North,Gym,74,6896,365,5k-8k,250-400,6.36,76.9,moderately_fit
22,North,Cycling,80,13097,577,11k-14k,550-700,6.84,76.5,moderately_fit
24,North,Gym,67,9768,335,8k-11k,250-400,8.0,58.4,moderately_fit
48,East,Running,100,12598,533,11k-14k,400-550,7.69,68.2,moderately_fit
28,South,Running,105,14155,793,>14k,>700,6.56,48.7,fit
32,West,Gym,88,7181,337,5k-8k,250-400,7.32,95.4,moderately_fit
27,East,Gym,110,7297,345,5k-8k,250-400,8.62,54.9,moderately_fit
31,North,Gym,80,11502,545,11k-14k,400-550,8.24,89.8,moderately_fit
27,North,Running,103,14052,752,>14k,>700,6.85,75.2,fit
43,South,Walking,68,5356,162,5k-8k,<250,6.7,61.0,unfit
42,West,Sports,89,9639,392,8k-11k,250-400,8.04,83.7,moderately_fit
37,North,Gym,83,10453,470,8k-11k,400-550,8.58,74.6,moderately_fit
27,East,Cycling,68,9584,395,8k-11k,250-400,7.11,84.5,moderately_fit
26,North,Cycling,50,15349,612,>14k,550-700,7.3,78.0,fit
26,North,Running,107,13733,714,11k-14k,>700,7.05,84.1,fit
27,West,Running,102,13051,414,11k-14k,400-550,6.47,69.0,moderately_fit
45,North,Gym,83,9744,341,8k-11k,250-400,6.6,77.0,moderately_fit
49,East,Sports,86,9602,413,8k-11k,400-550,7.86,89.5,moderately_fit
69,North,Running,89,11045,546,11k-14k,400-550,9.38,73.5,moderately_fit
47,East,Sports,82,10347,568,8k-11k,550-700,6.14,79.8,moderately_fit
27,East,Running,100,8892,425,8k-11k,400-550,8.47,64.3,moderately_fit
26,West,Cycling,120,8691,459,8k-11k,400-550,8.93,77.9,moderately_fit
45,North,Running,89,13178,659,11k-14k,550-700,7.12,74.4,fit
61,North,Cycling,96,7432,357,5k-8k,250-400,7.34,80.4,moderately_fit
34,South,Gym,68,14080,602,>14k,550-700,7.03,86.7,fit
24,North,Running,89,12039,628,11k-14k,550-700,9.01,69.6,fit
18,South,Running,92,11072,661,11k-14k,550-700,6.24,72.9,moderately_fit
60,South,Running,115,10918,425,8k-11k,400-550,7.19,88.6,moderately_fit
47,North,Running,86,12852,582,11k-14k,550-700,7.84,72.5,moderately_fit
66,East,Running,121,12850,833,11k-14k,>700,6.62,76.5,fit
28,East,Gym,76,3070,125,<5k,<250,5.34,58.2,unfit
44,West,Running,108,16922,951,>14k,>700,6.4,73.4,fit
31,South,Running,96,9773,388,8k-11k,250-400,6.0,84.0,moderately_fit
18,North,Gym,101,12723,536,11k-14k,400-550,7.37,64.1,moderately_fit
47,North,Cycling,100,14573,788,>14k,>700,8.41,72.6,fit
28,North,Gym,86,11200,354,11k-14k,250-400,7.29,65.6,moderately_fit
57,North,Walking,74,3626,133,<5k,<250,5.36,64.1,unfit
30,West,Running,103,13221,543,11k-14k,400-550,7.83,67.2,moderately_fit
58,North,Cycling,90,10688,504,8k-11k,400-550,6.94,75.2,moderately_fit
18,North,Running,97,15099,759,>14k,>700,8.93,88.4,fit
25,North,Cycling,81,8817,303,8k-11k,250-400,6.87,69.9,moderately_fit
48,North,Running,50,12299,607,11k-14k,550-700,6.56,80.3,fit
25,North,Cycling,92,10148,380,8k-11k,250-400,7.82,72.6,moderately_fit
53,South,Walking,56,7337,265,5k-8k,250-400,6.03,84.6,moderately_fit
28,South,Cycling,102,8545,423,8k-11k,400-550,7.27,56.4,moderately_fit
56,North,Gym,92,2631,118,<5k,<250,5.45,79.9,unfit
25,North,Running,100,11250,755,11k-14k,>700,6.82,70.0,moderately_fit
34,South,Gym,82,4669,220,<5k,<250,7.16,76.6,unfit
32,South,Sports,95,10215,551,8k-11k,550-700,7.56,79.8,moderately_fit
43,North,Cycling,99,11677,532,11k-14k,400-550,6.75,75.7,moderately_fit
50,West,Cycling,72,8455,422,8k-11k,400-550,8.5,71.9,moderately_fit
27,South,Gym,77,9339,386,8k-11k,250-400,6.0,80.1,moderately_fit
20,South,Gym,83,7354,286,5k-8k,250-400,7.7,76.4,moderately_fit
30,West,Gym,59,9249,442,8k-11k,400-550,8.27,82.5,moderately_fit
51,South,Gym,77,5409,233,5k-8k,<250,6.84,76.5,unfit
36,East,Cycling,92,7588,316,5k-8k,250-400,9.89,68.3,moderately_fit
44,West,Gym,100,7702,514,5k-8k,400-550,5.93,93.5,moderately_fit
18,North,Gym,75,8308,337,8k-11k,250-400,6.67,61.1,moderately_fit
18,West,Gym,95,2964,115,<5k,<250,7.06,80.5,unfit
52,North,Cycling,102,9081,384,8k-11k,250-400,7.42,87.3,moderately_fit
33,North,Gym,88,6564,195,5k-8k,<250,7.46,79.5,unfit
49,East,Sports,87,7706,459,5k-8k,400-550,6.79,75.6,moderately_fit
58,West,Walking,74,8658,316,8k-11k,250-400,7.05,80.0,moderately_fit
57,East,Cycling,83,11014,460,11k-14k,400-550,7.9,71.9,moderately_fit
30,North,Running,99,14924,774,>14k,>700,6.37,57.3,fit
19,South,Gym,68,10083,518,8k-11k,400-550,7.66,66.8,moderately_fit
32,South,Cycling,72,12394,640,11k-14k,550-700,7.67,71.6,fit
23,North,Running,106,13322,580,11k-14k,550-700,8.23,59.9,moderately_fit
29,West,Running,107,14137,699,>14k,550-700,7.07,62.1,fit
49,North,Cycling,83,8510,428,8k-11k,400-550,4.86,69.2,moderately_fit
26,North,Gym,69,9747,506,8k-11k,400-550,4.62,72.3,moderately_fit
25,North,Cycling,75,12153,760,11k-14k,>700,7.25,78.9,fit
31,South,Cycling,84,11517,569,11k-14k,550-700,6.54,73.6,moderately_fit
22,East,Cycling,82,10761,470,8k-11k,400-550,7.68,92.6,moderately_fit
36,North,Running,115,15272,823,>14k,>700,7.21,71.4,fit
62,East,Walking,75,5248,186,5k-8k,<250,6.24,78.9,unfit
32,North,Gym,66,8496,303,8k-11k,250-400,7.7,86.0,moderately_fit
23,South,Sports,103,8013,405,8k-11k,400-550,7.29,67.2,moderately_fit
34,East,Sports,85,9484,500,8k-11k,400-550,7.03,71.4,moderately_fit
21,North,Running,83,17297,820,>14k,>700,6.23,69.7,fit
29,South,Gym,88,11225,489,11k-14k,400-550,6.13,80.6,moderately_fit
60,East,Cycling,85,8584,459,8k-11k,400-550,7.42,80.7,moderately_fit
25,South,Cycling,104,10044,469,8k-11k,400-550,7.62,70.3,moderately_fit
64,South,Cycling,84,8698,432,8k-11k,400-550,8.93,83.5,moderately_fit
49,East,Walking,77,1557,100,<5k,<250,7.21,68.3,unfit
32,West,Walking,79,7532,217,5k-8k,<250,5.86,79.3,moderately_fit
61,North,Walking,66,3212,146,<5k,<250,7.43,90.6,unfit
51,East,Walking,68,6058,261,5k-8k,250-400,7.96,88.6,unfit
49,North,Cycling,81,10051,460,8k-11k,400-550,7.89,71.9,moderately_fit
49,North,Running,103,10851,610,8k-11k,550-700,6.34,58.8,moderately_fit
25,North,Cycling,91,13306,660,11k-14k,550-700,9.13,89.3,fit
41,West,Gym,76,6886,325,5k-8k,250-400,9.29,64.8,unfit
26,South,Running,89,12014,573,11k-14k,550-700,5.05,72.2,moderately_fit
18,North,Running,100,16872,967,>14k,>700,7.19,73.8,fit
55,North,Walking,75,5306,220,5k-8k,<250,5.8,57.3,unfit
30,West,Running,102,17840,967,>14k,>700,8.91,77.9,fit
66,South,Gym,80,6833,277,5k-8k,250-400,7.26,88.5,unfit
31,North,Sports,109,13251,571,11k-14k,550-700,6.73,77.2,moderately_fit
29,West,Gym,85,11594,547,11k-14k,400-550,6.44,69.9,moderately_fit
57,South,Cycling,81,8700,442,8k-11k,400-550,6.24,74.2,moderately_fit
60,North,Sports,98,5542,317,5k-8k,250-400,10.18,70.6,unfit
28,South,Cycling,74,12768,622,11k-14k,550-700,7.23,73.7,fit
56,West,Cycling,89,11942,572,11k-14k,550-700,6.85,74.7,moderately_fit
53,West,Walking,79,5602,211,5k-8k,<250,4.66,55.5,unfit
53,North,Gym,78,10148,452,8k-11k,400-550,7.47,78.2,moderately_fit
28,North,Cycling,86,8279,380,8k-11k,250-400,6.05,85.9,moderately_fit
31,North,Cycling,82,11334,488,11k-14k,400-550,7.86,62.3,moderately_fit
56,South,Walking,63,5401,151,5k-8k,<250,5.95,74.1,unfit
25,East,Sports,92,8451,429,8k-11k,400-550,8.73,72.3,moderately_fit
47,North,Running,106,13294,738,11k-14k,>700,6.53,61.4,fit
23,East,Sports,86,10346,577,8k-11k,550-700,7.07,66.8,moderately_fit
48,East,Running,103,13129,849,11k-14k,>700,8.3,88.6,fit
32,East,Cycling,77,8385,436,8k-11k,400-550,8.11,67.0,moderately_fit
31,West,Cycling,90,6775,311,5k-8k,250-400,7.66,59.4,unfit
18,South,Running,91,12857,632,11k-14k,550-700,7.77,70.5,fit
57,North,Walking,69,7990,331,5k-8k,250-400,6.19,71.0,moderately_fit
65,East,Walking,87,5173,182,5k-8k,<250,5.51,87.2,unfit
59,East,Gym,89,7355,253,5k-8k,250-400,6.93,88.3,moderately_fit
35,North,Sports,96,11875,419,11k-14k,400-550,6.9,58.4,moderately_fit
30,East,Cycling,71,11294,606,11k-14k,550-700,7.64,92.2,moderately_fit
26,North,Gym,87,14152,564,>14k,550-700,7.58,62.7,moderately_fit
30,North,Gym,77,9096,469,8k-11k,400-550,6.83,66.1,moderately_fit
25,North,Running,97,8583,485,8k-11k,400-550,8.06,68.3,moderately_fit
33,West,Running,102,12384,557,11k-14k,550-700,7.41,81.6,moderately_fit
55,South,Sports,86,9964,527,8k-11k,400-550,7.56,95.0,moderately_fit
21,North,Running,82,10917,583,8k-11k,550-700,7.27,66.3,moderately_fit
26,West,Gym,68,8871,389,8k-11k,250-400,7.57,77.1,moderately_fit
30,East,Running,108,13124,616,11k-14k,550-700,7.18,85.0,fit
58,East,Cycling,89,13239,556,11k-14k,550-700,6.66,71.2,moderately_fit
36,North,Running,108,11167,479,11k-14k,400-550,7.89,72.3,moderately_fit
43,North,Gym,89,10707,494,8k-11k,400-550,6.8,85.7,moderately_fit
24,South,Gym,68,9235,427,8k-11k,400-550,7.26,74.7,moderately_fit
51,East,Cycling,76,11510,771,11k-14k,>700,7.56,75.3,moderately_fit
35,East,Walking,66,9884,393,8k-11k,250-400,5.02,69.3,moderately_fit
30,East,Gym,79,10153,489,8k-11k,400-550,6.57,75.0,moderately_fit
46,East,Gym,84,7989,355,5k-8k,250-400,5.79,59.4,moderately_fit
30,North,Sports,99,14831,763,>14k,>700,7.42,70.3,fit
26,East,Gym,98,5808,263,5k-8k,250-400,5.76,73.1,unfit
19,South,Cycling,79,12353,553,11k-14k,550-700,5.87,72.8,moderately_fit
50,North,Gym,89,4750,183,<5k,<250,7.53,80.2,unfit
30,North,Cycling,92,13039,500,11k-14k,400-550,8.22,68.0,moderately_fit
50,East,Cycling,85,9685,367,8k-11k,250-400,6.31,78.4,moderately_fit
28,West,Running,109,13782,655,11k-14k,550-700,7.2,64.4,fit
60,North,Gym,69,6274,232,5k-8k,<250,6.15,83.1,unfit
66,North,Walking,72,6793,228,5k-8k,<250,5.82,75.4,unfit
48,North,Running,95,6638,375,5k-8k,250-400,5.66,92.5,moderately_fit
27,West,Sports,50,16976,795,>14k,>700,7.51,73.9,fit
27,East,Sports,88,11864,485,11k-14k,400-550,6.95,61.1,moderately_fit
31,West,Cycling,95,7710,379,5k-8k,250-400,6.84,66.2,moderately_fit
30,West,Sports,84,5387,276,5k-8k,250-400,7.85,82.5,unfit
33,North,Sports,94,11279,479,11k-14k,400-550,8.4,63.8,moderately_fit
55,North,Cycling,80,9615,530,8k-11k,400-550,5.95,57.4,moderately_fit
27,South,Running,106,15016,734,>14k,>700,8.0,78.4,fit
53,North,Gym,85,4040,202,<5k,<250,6.73,87.5,unfit
27,North,Sports,92,9145,474,8k-11k,400-550,6.66,49.6,moderately_fit
51,North,Running,97,15768,989,>14k,>700,8.45,94.1,fit
30,East,Cycling,95,7158,345,5k-8k,250-400,6.66,69.3,moderately_fit
61,South,Walking,73,5929,195,5k-8k,<250,6.42,62.2,unfit
55,North,Walking,61,5256,215,5k-8k,<250,6.47,74.6,unfit
27,South,Gym,69,8060,350,8k-11k,250-400,7.52,86.7,moderately_fit
49,North,Gym,83,7248,387,5k-8k,250-400,6.58,55.3,moderately_fit
35,East,Sports,91,10177,558,8k-11k,550-700,6.73,76.5,moderately_fit
65,East,Walking,92,4347,171,<5k,<250,8.51,95.5,unfit
66,North,Gym,96,9296,257,8k-11k,250-400,6.69,78.7,moderately_fit
33,South,Walking,71,6392,236,5k-8k,<250,4.17,72.9,unfit
20,South,Gym,85,6820,313,5k-8k,250-400,6.23,78.6,unfit
48,North,Gym,73,7790,313,5k-8k,250-400,7.1,80.1,moderately_fit
33,North,Sports,103,9052,487,8k-11k,400-550,7.52,67.7,moderately_fit
27,West,Cycling,90,8562,419,8k-11k,400-550,8.87,79.5,moderately_fit
50,North,Running,101,16165,726,>14k,>700,6.49,87.7,fit
23,South,Sports,86,12108,515,11k-14k,400-550,6.65,53.5,moderately_fit
63,East,Sports,50,5906,361,5k-8k,250-400,8.41,87.1,moderately_fit
52,North,Gym,65,7475,321,5k-8k,250-400,9.2,64.4,moderately_fit
26,North,Gym,81,9626,529,8k-11k,400-550,6.61,70.5,moderately_fit
22,West,Gym,82,9215,420,8k-11k,400-550,5.91,63.4,moderately_fit
58,North,Walking,72,4889,185,<5k,<250,6.96,69.7,unfit
61,East,Walking,82,2932,100,<5k,<250,4.79,91.4,unfit
29,East,Gym,92,8227,318,8k-11k,250-400,6.98,78.7,moderately_fit
62,East,Walking,59,4065,159,<5k,<250,6.49,91.7,unfit
28,West,Cycling,87,10894,537,8k-11k,400-550,8.07,63.6,moderately_fit
49,East,Cycling,97,10576,697,8k-11k,550-700,6.12,85.5,moderately_fit
72,East,Walking,72,8622,361,8k-11k,250-400,6.13,94.3,moderately_fit
40,West,Cycling,86,12177,505,11k-14k,400-550,8.48,74.7,moderately_fit
33,West,Cycling,87,4013,202,<5k,<250,6.73,65.8,unfit
50,West,Walking,73,6738,220,5k-8k,<250,6.14,74.8,unfit
29,East,Running,97,18447,977,>14k,>700,6.61,62.0,fit
55,North,Walking,66,5741,233,5k-8k,<250,5.4,74.3,unfit
33,East,Walking,75,10311,407,8k-11k,400-550,7.1,70.1,moderately_fit
61,North,Gym,88,4371,186,<5k,<250,6.16,61.8,unfit
27,North,Running,93,11467,601,11k-14k,550-700,5.51,77.4,moderately_fit
32,North,Gym,94,8644,438,8k-11k,400-550,6.09,65.3,moderately_fit
24,West,Running,121,13961,750,11k-14k,>700,6.12,79.4,fit
61,North,Sports,91,11365,442,11k-14k,400-550,9.47,88.2,moderately_fit
30,East,Cycling,91,11044,502,11k-14k,400-550,7.12,55.1,moderately_fit
23,South,Cycling,89,11327,566,11k-14k,550-700,7.94,77.8,moderately_fit
53,North,Cycling,82,15390,590,>14k,550-700,6.26,83.2,moderately_fit
49,South,Cycling,89,7576,407,5k-8k,400-550,7.46,86.9,moderately_fit
28,East,Walking,72,10043,348,8k-11k,250-400,6.61,76.4,moderately_fit
18,West,Sports,99,14039,653,>14k,550-700,4.95,48.1,fit
37,North,Cycling,75,9563,522,8k-11k,400-550,6.43,62.1,moderately_fit
34,North,Gym,89,9580,453,8k-11k,400-550,5.64,67.9,moderately_fit
30,East,Running,101,11347,649,11k-14k,550-700,5.91,65.0,moderately_fit
34,North,Cycling,110,10935,472,8k-11k,400-550,7.04,64.4,moderately_fit
52,North,Walking,50,6178,218,5k-8k,<250,5.98,74.8,unfit
33,North,Gym,79,10190,450,8k-11k,400-550,7.62,79.0,moderately_fit
57,East,Walking,66,5686,193,5k-8k,<250,5.3,91.9,unfit
25,North,Cycling,76,15605,772,>14k,>700,7.48,83.1,fit
37,South,Walking,70,5222,170,5k-8k,<250,7.31,80.0,unfit
25,West,Gym,72,7811,299,5k-8k,250-400,5.52,76.7,moderately_fit
41,East,Walking,67,7251,295,5k-8k,250-400,6.2,74.7,moderately_fit
31,North,Cycling,87,8945,410,8k-11k,400-550,8.38,72.9,moderately_fit
44,South,Sports,130,12429,538,11k-14k,400-550,7.37,69.6,moderately_fit
31,North,Running,113,17643,812,>14k,>700,6.02,59.2,fit
60,North,Walking,62,4720,206,<5k,<250,5.19,73.3,unfit
33,North,Running,50,13764,639,11k-14k,550-700,7.24,69.9,fit
38,South,Cycling,78,12036,682,11k-14k,550-700,7.82,82.3,fit
33,South,Cycling,94,13008,635,11k-14k,550-700,7.81,83.6,fit
26,West,Cycling,74,20054,1030,>14k,>700,7.59,59.7,fit
39,West,Gym,76,5206,252,5k-8k,250-400,6.68,72.9,unfit
26,North,Gym,70,13202,552,11k-14k,550-700,6.48,65.5,moderately_fit
29,South,Gym,90,7660,344,5k-8k,250-400,5.1,69.9,moderately_fit
19,North,Sports,98,11412,543,11k-14k,400-550,7.22,45.0,moderately_fit
38,East,Cycling,88,10757,562,8k-11k,550-700,7.03,45.0,moderately_fit
55,North,Cycling,84,9195,439,8k-11k,400-550,7.1,76.8,moderately_fit
61,West,Cycling,108,11687,498,11k-14k,400-550,8.52,85.5,moderately_fit
23,West,Cycling,82,7923,399,5k-8k,250-400,6.86,78.4,moderately_fit
68,North,Walking,81,1000,100,<5k,<250,6.27,72.0,unfit
18,East,Gym,73,14834,752,>14k,>700,5.77,81.6,fit
25,East,Sports,108,8793,394,8k-11k,250-400,7.67,72.7,moderately_fit
59,South,Sports,105,11959,586,11k-14k,550-700,6.73,85.6,moderately_fit
25,South,Running,103,18484,833,>14k,>700,9.88,75.5,fit
31,East,Sports,92,14709,803,>14k,>700,7.95,81.6,fit
24,West,Gym,73,10878,424,8k-11k,400-550,9.2,64.0,moderately_fit
27,East,Gym,83,11264,590,11k-14k,550-700,6.6,66.0,moderately_fit
56,South,Gym,84,6160,227,5k-8k,<250,6.57,67.4,unfit
27,East,Cycling,88,6494,261,5k-8k,250-400,8.08,60.7,unfit
32,West,Cycling,76,10011,444,8k-11k,400-550,7.53,65.3,moderately_fit
57,North,Gym,94,6040,263,5k-8k,250-400,7.93,71.7,unfit
32,North,Walking,84,5364,176,5k-8k,<250,6.91,93.7,unfit
29,East,Gym,72,9390,392,8k-11k,250-400,6.79,88.6,moderately_fit
23,West,Sports,90,7693,356,5k-8k,250-400,7.33,77.4,moderately_fit
27,North,Gym,81,12536,461,11k-14k,400-550,6.37,66.3,moderately_fit
38,South,Cycling,85,10225,401,8k-11k,400-550,5.57,74.1,moderately_fit
28,North,Cycling,83,9964,529,8k-11k,400-550,7.6,88.2,moderately_fit
36,East,Cycling,77,9786,476,8k-11k,400-550,8.31,70.5,moderately_fit
21,West,Sports,45,12348,734,11k-14k,>700,6.84,57.2,fit
44,South,Running,108,9291,417,8k-11k,400-550,6.84,101.7,moderately_fit
29,South,Running,108,10780,409,8k-11k,400-550,7.37,74.1,moderately_fit
32,West,Gym,87,5797,314,5k-8k,250-400,7.11,95.3,unfit
23,North,Gym,87,6118,188,5k-8k,<250,8.08,72.4,unfit
29,West,Running,93,11331,690,11k-14k,550-700,7.93,74.3,moderately_fit
34,South,Gym,69,8564,401,8k-11k,400-550,6.11,84.7,moderately_fit
18,South,Sports,50,15752,708,>14k,>700,5.84,71.5,fit
58,South,Cycling,88,4859,187,<5k,<250,7.35,80.0,unfit
27,South,Gym,97,11688,603,11k-14k,550-700,8.29,83.4,moderately_fit
42,West,Gym,80,4378,192,<5k,<250,8.37,93.2,unfit
63,West,Walking,77,5792,207,5k-8k,<250,4.58,89.0,unfit
27,East,Running,92,9548,555,8k-11k,550-700,7.82,70.0,moderately_fit
66,North,Cycling,91,4998,310,<5k,250-400,7.25,76.4,unfit
29,North,Running,104,14848,915,>14k,>700,5.4,71.6,fit
23,South,Gym,86,10428,441,8k-11k,400-550,7.75,73.6,moderately_fit
56,West,Walking,61,7471,260,5k-8k,250-400,8.04,74.1,moderately_fit
23,South,Gym,80,7337,349,5k-8k,250-400,7.64,72.7,moderately_fit
45,West,Cycling,93,12331,490,11k-14k,400-550,8.88,87.0,moderately_fit
29,West,Gym,88,13174,694,11k-14k,550-700,7.44,67.7,fit
21,South,Gym,69,10382,401,8k-11k,400-550,6.78,77.6,moderately_fit
28,West,Gym,77,4866,256,<5k,250-400,7.41,63.5,unfit
64,West,Gym,88,2110,117,<5k,<250,6.07,74.5,unfit
19,East,Running,112,15359,739,>14k,>700,6.59,80.8,fit
49,East,Cycling,88,8089,399,8k-11k,250-400,7.45,89.3,moderately_fit
23,East,Running,92,11513,670,11k-14k,550-700,7.09,58.2,moderately_fit
29,North,Running,120,13398,773,11k-14k,>700,9.16,90.0,fit
27,East,Gym,72,8504,346,8k-11k,250-400,6.79,76.3,moderately_fit
31,North,Walking,65,6986,323,5k-8k,250-400,6.5,50.0,unfit
65,North,Gym,85,4665,205,<5k,<250,7.24,68.5,unfit
33,West,Walking,78,11159,380,11k-14k,250-400,7.35,82.1,moderately_fit
35,East,Gym,84,6148,281,5k-8k,250-400,5.41,81.0,unfit
52,North,Walking,71,5648,215,5k-8k,<250,8.0,84.2,unfit
27,South,Gym,89,4295,156,<5k,<250,7.86,45.1,unfit
29,West,Gym,83,6375,243,5k-8k,<250,7.52,72.5,unfit
67,West,Cycling,89,4826,248,<5k,<250,10.28,76.1,unfit
26,North,Gym,79,8121,486,8k-11k,400-550,6.66,71.6,moderately_fit
26,West,Gym,87,8844,432,8k-11k,400-550,6.41,64.1,moderately_fit
27,South,Gym,99,8345,387,8k-11k,250-400,5.83,50.3,moderately_fit
27,East,Running,99,12458,607,11k-14k,550-700,9.37,45.0,fit
31,East,Cycling,85,11495,456,11k-14k,400-550,6.79,78.6,moderately_fit
27,West,Gym,78,10127,326,8k-11k,250-400,9.35,64.6,moderately_fit
38,West,Cycling,94,4445,221,<5k,<250,7.81,66.2,unfit
26,North,Gym,45,12110,590,11k-14k,550-700,7.34,76.0,moderately_fit
71,East,Running,109,10483,514,8k-11k,400-550,7.62,81.4,moderately_fit
29,South,Running,97,8022,447,8k-11k,400-550,6.22,72.2,moderately_fit
24,South,Cycling,100,13766,590,11k-14k,550-700,7.77,85.8,moderately_fit
32,South,Cycling,65,13429,667,11k-14k,550-700,7.6,90.5,fit
28,South,Walking,71,3489,105,<5k,<250,7.92,89.7,unfit
33,South,Running,103,12563,747,11k-14k,>700,7.97,62.8,fit
37,North,Gym,98,9392,398,8k-11k,250-400,7.08,86.4,moderately_fit
20,South,Sports,94,15501,741,>14k,>700,6.58,58.9,fit
49,East,Gym,60,9161,455,8k-11k,400-550,7.54,84.5,moderately_fit
54,South,Gym,82,6192,255,5k-8k,250-400,6.94,69.7,unfit
32,West,Gym,84,6360,249,5k-8k,<250,7.4,73.9,unfit
37,North,Gym,79,5036,283,5k-8k,250-400,6.66,77.7,unfit
18,South,Running,99,12215,524,11k-14k,400-550,7.28,71.9,moderately_fit
23,South,Running,96,16113,657,>14k,550-700,6.06,79.1,fit
34,North,Gym,87,11235,416,11k-14k,400-550,6.2,74.4,moderately_fit
59,North,Walking,73,5058,211,5k-8k,<250,4.81,71.4,unfit
22,West,Cycling,93,14421,1006,>14k,>700,6.83,66.4,fit
27,South,Walking,71,8335,357,8k-11k,250-400,5.35,66.8,moderately_fit
28,South,Running,109,21584,990,>14k,>700,7.13,71.8,fit
35,South,Cycling,94,6058,297,5k-8k,250-400,7.33,75.1,unfit
28,West,Running,103,13344,586,11k-14k,550-700,7.67,64.7,moderately_fit
28,South,Gym,93,9863,432,8k-11k,400-550,5.07,64.5,moderately_fit
56,West,Cycling,50,13579,723,11k-14k,>700,6.41,81.8,fit
28,North,Gym,92,5696,242,5k-8k,<250,7.44,82.8,unfit
62,South,Walking,65,3721,129,<5k,<250,6.87,73.2,unfit
24,North,Running,110,14565,839,>14k,>700,7.7,73.2,fit
63,East,Walking,72,3153,129,<5k,<250,7.58,77.4,unfit
58,East,Walking,85,5369,198,5k-8k,<250,5.45,98.4,unfit
38,South,Cycling,45,6311,232,5k-8k,<250,6.24,87.5,unfit
25,North,Sports,69,15381,738,>14k,>700,6.66,63.9,fit
58,South,Gym,77,11531,462,11k-14k,400-550,6.59,75.5,moderately_fit
51,North,Walking,77,9670,357,8k-11k,250-400,7.54,75.6,moderately_fit
65,South,Walking,110,5799,214,5k-8k,<250,6.19,72.1,unfit
18,West,Running,98,15525,1018,>14k,>700,7.76,61.8,fit
31,East,Running,101,13663,715,11k-14k,>700,6.39,82.3,fit
27,North,Gym,86,11552,547,11k-14k,400-550,7.95,49.2,moderately_fit
24,West,Cycling,84,14673,915,>14k,>700,6.22,70.8,fit
31,West,Gym,74,10916,442,8k-11k,400-550,6.38,80.4,moderately_fit
29,South,Gym,71,9873,363,8k-11k,250-400,6.51,87.4,moderately_fit
22,South,Gym,92,11496,535,11k-14k,400-550,8.43,80.7,moderately_fit
28,West,Cycling,100,11173,560,11k-14k,550-700,8.24,57.6,moderately_fit
32,East,Gym,74,5713,223,5k-8k,<250,7.05,79.0,unfit
60,South,Walking,77,4576,206,<5k,<250,5.14,98.3,unfit
39,East,Gym,90,9132,399,8k-11k,250-400,7.36,65.4,moderately_fit
60,North,Cycling,85,6464,270,5k-8k,250-400,7.94,72.1,unfit
64,West,Gym,86,4584,213,<5k,<250,8.18,79.0,unfit
26,South,Gym,79,11012,353,11k-14k,250-400,7.93,77.5,moderately_fit
54,South,Cycling,92,10821,522,8k-11k,400-550,6.05,89.1,moderately_fit
21,North,Gym,85,10539,489,8k-11k,400-550,6.41,69.2,moderately_fit
23,North,Running,88,13006,618,11k-14k,550-700,8.1,83.1,fit
44,South,Running,112,11387,482,11k-14k,400-550,7.9,70.5,moderately_fit
32,South,Running,105,15700,1155,>14k,>700,7.43,58.7,fit
33,East,Walking,74,5396,264,5k-8k,250-400,6.68,76.3,unfit
32,North,Cycling,60,7242,299,5k-8k,250-400,6.75,72.4,moderately_fit
47,North,Running,109,13621,968,11k-14k,>700,5.2,75.7,fit
24,South,Sports,99,12181,642,11k-14k,550-700,7.4,78.2,fit
68,South,Cycling,82,11268,512,11k-14k,400-550,8.7,79.0,moderately_fit
48,North,Sports,86,7736,368,5k-8k,250-400,7.87,87.1,moderately_fit
23,North,Running,97,17724,891,>14k,>700,7.39,89.7,fit
52,West,Walking,81,5019,170,5k-8k,<250,5.89,83.3,unfit
23,North,Cycling,75,13555,806,11k-14k,>700,8.0,80.7,fit
30,West,Cycling,70,7819,372,5k-8k,250-400,6.61,49.2,moderately_fit
55,South,Cycling,91,5027,264,5k-8k,250-400,9.7,83.4,unfit
25,East,Gym,85,10410,517,8k-11k,400-550,7.39,72.4,moderately_fit
53,North,Gym,87,6978,333,5k-8k,250-400,6.82,73.0,unfit
21,East,Cycling,85,12158,495,11k-14k,400-550,8.33,53.6,moderately_fit
31,North,Sports,113,9434,418,8k-11k,400-550,7.69,78.1,moderately_fit
20,South,Walking,66,8549,265,8k-11k,250-400,5.15,61.9,moderately_fit
26,North,Running,89,18021,840,>14k,>700,7.12,58.2,fit
25,East,Running,89,17589,906,>14k,>700,7.6,87.6,fit
52,West,Walking,69,4837,123,<5k,<250,6.9,72.3,unfit
33,South,Sports,89,8559,444,8k-11k,400-550,6.43,61.1,moderately_fit
33,North,Running,97,13490,869,11k-14k,>700,7.98,73.4,fit
58,East,Running,101,13542,526,11k-14k,400-550,5.29,77.5,moderately_fit
50,West,Cycling,96,5219,260,5k-8k,250-400,7.45,86.3,unfit
54,South,Walking,82,7298,213,5k-8k,<250,7.17,79.6,moderately_fit
27,West,Cycling,103,16305,668,>14k,550-700,9.51,80.2,fit
56,South,Cycling,91,10559,575,8k-11k,550-700,7.64,58.9,moderately_fit
57,North,Cycling,89,4991,256,<5k,250-400,6.06,85.6,unfit
60,North,Gym,75,4368,156,<5k,<250,7.31,90.5,unfit
22,East,Walking,64,6406,283,5k-8k,250-400,5.23,65.1,unfit
62,South,Running,101,10164,623,8k-11k,550-700,8.06,86.0,moderately_fit
53,North,Walking,77,6831,286,5k-8k,250-400,7.2,62.4,unfit
30,North,Running,79,15961,914,>14k,>700,6.54,82.5,fit
24,South,Running,100,13504,850,11k-14k,>700,5.83,60.8,fit
24,North,Running,99,15168,1107,>14k,>700,10.38,80.4,fit
47,North,Cycling,96,6976,331,5k-8k,250-400,6.86,68.9,unfit
49,West,Cycling,87,7755,349,5k-8k,250-400,7.36,73.4,moderately_fit
26,North,Cycling,83,13572,588,11k-14k,550-700,7.52,63.1,moderately_fit
29,North,Running,100,15256,574,>14k,550-700,7.15,79.9,moderately_fit
28,East,Cycling,84,12642,553,11k-14k,550-700,7.49,71.1,moderately_fit
34,West,Gym,80,6335,280,5k-8k,250-400,7.68,58.3,unfit
71,East,Cycling,87,7665,383,5k-8k,250-400,8.75,81.4,moderately_fit
38,North,Gym,81,8880,473,8k-11k,400-550,6.04,75.7,moderately_fit
20,West,Running,101,15768,822,>14k,>700,6.62,58.5,fit
69,South,Gym,78,9143,400,8k-11k,250-400,7.24,82.2,moderately_fit
30,South,Running,91,13935,740,11k-14k,>700,8.83,77.8,fit
28,South,Gym,75,13309,550,11k-14k,400-550,5.22,53.3,moderately_fit
30,East,Gym,102,4286,182,<5k,<250,7.37,59.8,unfit
31,South,Gym,72,8362,427,8k-11k,400-550,8.0,75.0,moderately_fit
73,West,Gym,78,8914,373,8k-11k,250-400,8.74,84.3,moderately_fit
61,South,Walking,76,4213,134,<5k,<250,7.74,77.1,unfit
67,West,Walking,70,7054,284,5k-8k,250-400,6.05,90.7,moderately_fit
31,South,Gym,86,9378,403,8k-11k,400-550,8.09,64.8,moderately_fit
26,North,Gym,76,14212,675,>14k,550-700,5.35,76.7,fit
23,South,Cycling,91,11222,633,11k-14k,550-700,8.57,64.2,moderately_fit
21,North,Running,95,14282,893,>14k,>700,8.44,94.2,fit
62,North,Sports,85,13689,627,11k-14k,550-700,6.86,84.5,fit
56,East,Gym,82,6563,215,5k-8k,<250,7.36,62.5,unfit
65,East,Cycling,99,10880,459,8k-11k,400-550,6.96,98.5,moderately_fit
55,North,Gym,81,8302,383,8k-11k,250-400,6.67,58.9,moderately_fit
19,South,Running,119,18161,924,>14k,>700,8.13,80.5,fit
31,North,Running,90,12652,605,11k-14k,550-700,8.06,63.1,fit
23,West,Gym,62,9400,481,8k-11k,400-550,6.99,83.9,moderately_fit
26,North,Running,117,13097,698,11k-14k,550-700,7.69,68.6,fit
28,East,Cycling,86,6265,310,5k-8k,250-400,9.49,57.9,unfit
30,South,Cycling,92,10377,485,8k-11k,400-550,7.93,78.3,moderately_fit
49,South,Running,119,21506,1193,>14k,>700,6.65,63.5,fit
45,North,Sports,105,8829,306,8k-11k,250-400,7.41,65.9,moderately_fit
21,South,Sports,82,13104,837,11k-14k,>700,4.37,59.9,fit
64,East,Gym,73,9911,461,8k-11k,400-550,7.64,74.6,moderately_fit
54,East,Cycling,88,10423,467,8k-11k,400-550,6.77,70.8,moderately_fit
39,East,Walking,80,6724,282,5k-8k,250-400,4.84,73.9,unfit
28,East,Gym,70,7097,287,5k-8k,250-400,7.84,63.0,moderately_fit
19,North,Walking,80,10831,440,8k-11k,400-550,6.99,51.4,moderately_fit
28,North,Cycling,88,13971,466,11k-14k,400-550,7.61,77.3,moderately_fit
66,West,Walking,72,8277,356,8k-11k,250-400,7.88,83.5,moderately_fit
27,East,Walking,71,10157,431,8k-11k,400-550,6.81,71.2,moderately_fit
23,East,Gym,80,6097,244,5k-8k,<250,7.63,71.4,unfit
24,South,Gym,88,8720,406,8k-11k,400-550,6.66,80.4,moderately_fit
49,South,Running,105,12832,657,11k-14k,550-700,8.43,80.4,fit
30,North,Walking,70,5457,223,5k-8k,<250,6.04,79.8,unfit
27,East,Running,94,12209,621,11k-14k,550-700,7.51,72.3,fit
30,West,Gym,73,10801,394,8k-11k,250-400,7.12,83.4,moderately_fit
39,South,Gym,83,10098,342,8k-11k,250-400,7.44,82.3,moderately_fit
21,North,Cycling,93,16162,769,>14k,>700,7.15,52.9,fit
28,North,Sports,97,10330,458,8k-11k,400-550,8.36,60.5,moderately_fit
34,North,Running,115,10609,597,8k-11k,550-700,7.29,63.1,moderately_fit
22,South,Gym,72,14978,590,>14k,550-700,6.5,74.0,moderately_fit
49,West,Sports,120,9699,486,8k-11k,400-550,6.95,88.6,moderately_fit
30,East,Running,84,8099,438,8k-11k,400-550,7.43,74.0,moderately_fit
34,West,Cycling,89,11719,552,11k-14k,550-700,7.48,79.6,moderately_fit
24,South,Running,81,11174,530,11k-14k,400-550,6.38,45.0,moderately_fit
30,South,Gym,68,8234,464,8k-11k,400-550,6.92,77.5,moderately_fit
58,West,Running,102,6747,353,5k-8k,250-400,8.37,70.8,moderately_fit
51,South,Running,120,15034,776,>14k,>700,6.89,93.9,fit
50,West,Gym,79,8887,443,8k-11k,400-550,8.25,97.1,moderately_fit
26,East,Gym,81,6242,261,5k-8k,250-400,6.84,72.2,unfit
45,North,Cycling,76,10335,555,8k-11k,550-700,7.37,75.0,moderately_fit
41,South,Gym,82,10144,392,8k-11k,250-400,7.72,77.7,moderately_fit
22,South,Running,91,13965,642,11k-14k,550-700,9.94,69.8,fit
22,North,Gym,90,13871,490,11k-14k,400-550,6.75,78.0,moderately_fit
52,South,Gym,85,10337,473,8k-11k,400-550,6.63,74.0,moderately_fit
28,West,Gym,45,8128,390,8k-11k,250-400,8.56,64.9,moderately_fit
21,East,Running,100,14019,864,>14k,>700,7.21,71.6,fit
42,North,Gym,73,5308,196,5k-8k,<250,7.26,73.6,unfit
49,South,Running,103,6810,309,5k-8k,250-400,7.74,79.6,unfit
18,South,Gym,81,7824,352,5k-8k,250-400,6.41,72.7,moderately_fit
54,South,Sports,104,8123,456,8k-11k,400-550,6.89,90.2,moderately_fit
31,South,Sports,93,15189,916,>14k,>700,5.08,66.8,fit
60,East,Cycling,130,5203,231,5k-8k,<250,7.54,74.3,unfit
27,South,Sports,96,12463,547,11k-14k,400-550,5.17,74.4,moderately_fit
27,North,Gym,76,9936,422,8k-11k,400-550,8.26,56.3,moderately_fit
48,South,Sports,99,8632,494,8k-11k,400-550,7.95,58.4,moderately_fit
21,South,Gym,72,12348,491,11k-14k,400-550,6.78,71.2,moderately_fit
28,North,Running,93,13062,818,11k-14k,>700,8.52,67.7,fit
57,North,Walking,73,4734,187,<5k,<250,7.71,67.9,unfit
28,South,Sports,89,16239,1016,>14k,>700,6.9,72.2,fit
32,West,Cycling,74,8775,519,8k-11k,400-550,6.21,60.4,moderately_fit
30,East,Running,104,16135,781,>14k,>700,7.69,56.1,fit
22,East,Sports,87,11233,671,11k-14k,550-700,8.72,49.6,moderately_fit
18,South,Running,99,11354,519,11k-14k,400-550,7.76,65.8,moderately_fit
30,North,Cycling,103,10213,500,8k-11k,400-550,7.16,69.9,moderately_fit
62,North,Walking,68,10364,304,8k-11k,250-400,6.4,82.6,moderately_fit
64,East,Cycling,95,4710,258,<5k,250-400,7.09,79.9,unfit
19,South,Sports,81,11162,420,11k-14k,400-550,5.18,77.7,moderately_fit
24,South,Sports,87,15552,776,>14k,>700,8.55,74.5,fit
62,North,Walking,75,3773,145,<5k,<250,9.29,76.2,unfit
22,West,Gym,73,8228,428,8k-11k,400-550,5.87,86.3,moderately_fit
27,West,Gym,95,9736,329,8k-11k,250-400,6.62,71.0,moderately_fit
25,North,Gym,88,8971,381,8k-11k,250-400,6.38,84.4,moderately_fit
20,East,Gym,88,11138,348,11k-14k,250-400,5.62,69.5,moderately_fit
32,North,Cycling,84,10223,538,8k-11k,400-550,7.37,65.0,moderately_fit
25,South,Cycling,84,11454,795,11k-14k,>700,7.65,73.5,moderately_fit
56,North,Sports,99,9379,482,8k-11k,400-550,7.74,98.4,moderately_fit
29,North,Gym,84,7222,364,5k-8k,250-400,6.79,75.5,moderately_fit
28,North,Gym,82,4707,161,<5k,<250,9.81,92.7,unfit
26,West,Gym,58,14271,637,>14k,550-700,7.06,95.2,fit
59,East,Walking,78,4156,137,<5k,<250,6.6,72.9,unfit
58,North,Gym,79,5411,240,5k-8k,<250,5.95,58.9,unfit
30,South,Gym,63,9695,445,8k-11k,400-550,6.78,68.9,moderately_fit
53,North,Sports,90,7380,351,5k-8k,250-400,6.82,64.8,moderately_fit
63,North,Gym,82,9289,448,8k-11k,400-550,6.05,74.6,moderately_fit
43,West,Running,88,13263,801,11k-14k,>700,8.18,82.1,fit
58,North,Cycling,96,8121,342,8k-11k,250-400,6.52,84.0,moderately_fit
50,South,Cycling,89,8190,421,8k-11k,400-550,6.86,73.7,moderately_fit
26,South,Running,97,10598,630,8k-11k,550-700,8.22,88.7,moderately_fit
28,North,Cycling,100,11983,578,11k-14k,550-700,7.04,79.2,moderately_fit
32,South,Cycling,86,11220,539,11k-14k,400-550,8.09,79.9,moderately_fit
50,West,Cycling,81,7824,400,5k-8k,250-400,6.48,62.0,moderately_fit
25,East,Gym,83,10843,626,8k-11k,550-700,5.38,79.6,moderately_fit
29,North,Gym,80,13217,649,11k-14k,550-700,7.24,60.8,fit
27,East,Cycling,81,11316,485,11k-14k,400-550,8.46,76.2,moderately_fit
28,West,Gym,76,8715,375,8k-11k,250-400,8.2,83.4,moderately_fit
48,North,Cycling,88,7198,318,5k-8k,250-400,7.6,71.5,moderately_fit
28,North,Cycling,87,10802,454,8k-11k,400-550,7.47,61.9,moderately_fit
65,North,Walking,75,4654,192,<5k,<250,6.8,70.3,unfit
29,North,Running,112,10760,597,8k-11k,550-700,4.95,73.9,moderately_fit
18,East,Cycling,88,13128,507,11k-14k,400-550,7.46,88.1,moderately_fit
54,North,Cycling,79,9803,421,8k-11k,400-550,6.77,66.7,moderately_fit
32,North,Cycling,78,11070,482,11k-14k,400-550,8.75,74.6,moderately_fit
57,North,Cycling,100,7974,340,5k-8k,250-400,7.13,69.2,moderately_fit
31,South,Sports,106,14176,787,>14k,>700,7.48,58.4,fit
74,South,Cycling,96,3144,150,<5k,<250,6.05,89.5,unfit
63,East,Walking,70,2193,100,<5k,<250,7.53,73.7,unfit
29,North,Gym,80,9830,429,8k-11k,400-550,7.18,85.8,moderately_fit
50,South,Gym,101,11027,439,11k-14k,400-550,7.17,63.3,moderately_fit
50,North,Walking,61,6534,214,5k-8k,<250,9.35,93.6,unfit
18,West,Gym,76,10317,536,8k-11k,400-550,7.42,77.8,moderately_fit
32,South,Sports,86,9168,552,8k-11k,550-700,9.44,67.3,moderately_fit
36,North,Cycling,82,5198,215,5k-8k,<250,4.95,82.5,unfit
30,North,Sports,88,9523,334,8k-11k,250-400,7.75,79.5,moderately_fit
53,North,Gym,85,9277,474,8k-11k,400-550,7.62,95.6,moderately_fit
27,North,Running,105,9382,487,8k-11k,400-550,6.2,58.2,moderately_fit
27,East,Walking,83,5816,209,5k-8k,<250,6.83,65.9,unfit
44,East,Sports,90,6831,352,5k-8k,250-400,6.38,66.3,moderately_fit
67,North,Walking,80,3576,140,<5k,<250,6.31,75.9,unfit
61,South,Gym,80,9983,510,8k-11k,400-550,6.57,63.6,moderately_fit
29,East,Gym,82,7751,323,5k-8k,250-400,6.46,57.6,moderately_fit
55,South,Walking,81,7855,215,5k-8k,<250,5.81,78.3,moderately_fit
32,North,Gym,74,7614,337,5k-8k,250-400,5.08,62.1,moderately_fit
61,North,Gym,84,10736,490,8k-11k,400-550,6.92,77.6,moderately_fit
30,West,Sports,85,12832,733,11k-14k,>700,7.69,71.1,fit
24,East,Running,105,13017,606,11k-14k,550-700,7.84,61.7,fit
33,North,Cycling,78,10395,666,8k-11k,550-700,4.75,83.8,moderately_fit
33,North,Sports,80,8096,370,8k-11k,250-400,5.96,61.2,moderately_fit
28,East,Cycling,81,9922,376,8k-11k,250-400,8.12,77.9,moderately_fit
26,South,Cycling,93,14911,701,>14k,>700,5.89,62.1,fit
28,East,Running,96,15077,792,>14k,>700,8.36,72.7,fit
26,North,Cycling,76,6140,340,5k-8k,250-400,8.44,72.2,unfit
26,West,Running,110,13686,615,11k-14k,550-700,8.61,65.8,fit
32,East,Gym,110,9486,431,8k-11k,400-550,4.84,80.0,moderately_fit
52,North,Walking,71,7687,235,5k-8k,<250,7.45,86.6,moderately_fit
19,South,Gym,78,8996,438,8k-11k,400-550,7.27,69.3,moderately_fit
38,North,Gym,85,8366,432,8k-11k,400-550,6.39,89.5,moderately_fit
50,South,Cycling,89,12021,536,11k-14k,400-550,7.55,71.3,moderately_fit
23,East,Cycling,90,10991,605,8k-11k,550-700,7.09,73.4,moderately_fit
57,North,Sports,45,7798,448,5k-8k,400-550,4.96,73.1,moderately_fit
29,East,Running,89,16407,704,>14k,>700,5.61,82.0,fit
24,North,Cycling,76,13656,893,11k-14k,>700,6.18,73.3,fit
54,East,Walking,75,1758,100,<5k,<250,7.44,87.4,unfit
19,South,Running,94,15676,669,>14k,550-700,8.07,68.4,fit
63,East,Cycling,97,5881,281,5k-8k,250-400,7.29,70.2,unfit
26,North,Cycling,83,12359,631,11k-14k,550-700,6.01,65.5,fit
53,South,Gym,89,10048,393,8k-11k,250-400,5.86,84.3,moderately_fit
53,South,Gym,85,9214,372,8k-11k,250-400,6.57,67.2,moderately_fit
27,South,Gym,71,11194,494,11k-14k,400-550,8.71,86.7,moderately_fit
30,South,Cycling,81,9389,428,8k-11k,400-550,6.26,76.1,moderately_fit
32,South,Cycling,85,9736,514,8k-11k,400-550,6.09,60.9,moderately_fit
55,West,Gym,100,9015,391,8k-11k,250-400,7.46,81.8,moderately_fit
25,North,Gym,50,9710,352,8k-11k,250-400,8.03,64.4,moderately_fit
63,East,Walking,84,2513,100,<5k,<250,6.1,63.9,unfit
54,South,Gym,78,9828,414,8k-11k,400-550,8.35,82.2,moderately_fit
22,South,Running,110,10209,450,8k-11k,400-550,7.2,72.4,moderately_fit
25,East,Gym,74,10345,458,8k-11k,400-550,6.65,81.8,moderately_fit
54,West,Cycling,109,9638,518,8k-11k,400-550,5.96,81.1,moderately_fit
51,South,Walking,68,8603,300,8k-11k,250-400,7.19,69.9,moderately_fit
55,West,Walking,62,5555,134,5k-8k,<250,5.2,88.0,unfit
57,North,Cycling,91,3807,198,<5k,<250,5.38,70.6,unfit
64,East,Gym,76,7291,289,5k-8k,250-400,6.94,72.0,moderately_fit
67,North,Cycling,76,8911,346,8k-11k,250-400,6.21,78.1,moderately_fit
33,South,Gym,79,11684,488,11k-14k,400-550,6.27,58.5,moderately_fit
29,South,Walking,74,6357,287,5k-8k,250-400,7.5,82.2,unfit
63,South,Walking,74,7006,263,5k-8k,250-400,6.98,77.3,moderately_fit
28,South,Gym,81,11575,532,11k-14k,400-550,8.04,71.5,moderately_fit
34,North,Cycling,82,8889,518,8k-11k,400-550,7.35,94.4,moderately_fit
21,South,Gym,76,10592,449,8k-11k,400-550,4.34,76.1,moderately_fit
30,South,Sports,105,8280,582,8k-11k,550-700,6.95,61.4,moderately_fit
52,North,Cycling,98,10690,569,8k-11k,550-700,8.05,90.1,moderately_fit
60,North,Gym,84,7755,406,5k-8k,400-550,8.19,80.2,moderately_fit
25,East,Sports,82,9296,526,8k-11k,400-550,7.92,60.3,moderately_fit
39,East,Gym,89,7607,357,5k-8k,250-400,7.55,76.3,moderately_fit
65,North,Walking,87,7663,346,5k-8k,250-400,7.3,79.3,moderately_fit
34,North,Cycling,93,11219,630,11k-14k,550-700,9.13,60.5,moderately_fit
26,North,Gym,79,7759,411,5k-8k,400-550,7.01,74.6,moderately_fit
18,West,Sports,91,11080,564,11k-14k,550-700,7.16,74.9,moderately_fit
30,East,Sports,86,14467,772,>14k,>700,7.86,50.5,fit
31,North,Sports,93,10645,514,8k-11k,400-550,6.23,71.9,moderately_fit
49,East,Sports,94,10864,653,8k-11k,550-700,8.25,88.7,moderately_fit
31,North,Cycling,92,9927,493,8k-11k,400-550,6.48,68.1,moderately_fit
58,North,Running,99,4363,194,<5k,<250,7.45,81.9,unfit
21,West,Gym,96,8166,413,8k-11k,400-550,4.54,74.4,moderately_fit
51,West,Cycling,77,12204,691,11k-14k,550-700,6.69,53.0,fit
34,East,Gym,84,14293,804,>14k,>700,6.35,68.2,fit
38,South,Cycling,94,8466,410,8k-11k,400-550,6.73,83.4,moderately_fit
48,North,Sports,86,11233,613,11k-14k,550-700,7.72,80.8,moderately_fit
27,West,Gym,84,15221,730,>14k,>700,6.81,82.0,fit
62,East,Walking,80,8055,271,8k-11k,250-400,5.07,77.9,moderately_fit
63,North,Gym,87,3969,156,<5k,<250,7.07,90.9,unfit
31,South,Cycling,98,10298,480,8k-11k,400-550,6.69,83.4,moderately_fit
54,West,Cycling,95,9764,475,8k-11k,400-550,7.95,95.7,moderately_fit
18,West,Running,90,18818,862,>14k,>700,7.37,85.7,fit
32,East,Cycling,88,7871,432,5k-8k,400-550,8.0,73.3,moderately_fit
52,East,Walking,71,7735,284,5k-8k,250-400,5.74,58.6,moderately_fit
38,North,Cycling,94,12158,677,11k-14k,550-700,8.28,68.1,fit
24,South,Running,104,13488,569,11k-14k,550-700,7.77,65.8,moderately_fit
29,East,Gym,81,14627,692,>14k,550-700,7.85,67.9,fit
52,North,Gym,76,5454,254,5k-8k,250-400,6.52,69.8,unfit
23,East,Cycling,81,12510,699,11k-14k,550-700,7.05,83.5,fit
44,West,Sports,84,11245,669,11k-14k,550-700,7.08,75.6,moderately_fit
41,North,Cycling,90,11100,581,11k-14k,550-700,6.74,76.7,moderately_fit
21,East,Sports,84,15628,726,>14k,>700,6.52,68.0,fit
24,East,Gym,79,6243,218,5k-8k,<250,5.78,63.4,unfit
52,South,Sports,116,10449,619,8k-11k,550-700,6.42,82.3,moderately_fit
32,East,Walking,81,11192,328,11k-14k,250-400,6.32,73.8,moderately_fit
51,North,Gym,91,9795,384,8k-11k,250-400,5.37,88.5,moderately_fit
60,East,Walking,83,4438,174,<5k,<250,7.64,91.4,unfit
64,North,Cycling,80,6319,226,5k-8k,<250,8.61,81.9,unfit
31,East,Gym,69,10427,472,8k-11k,400-550,6.31,74.8,moderately_fit
23,South,Walking,94,6754,219,5k-8k,<250,7.41,67.1,unfit
60,North,Gym,84,6842,314,5k-8k,250-400,6.4,91.4,unfit
34,South,Walking,68,5659,220,5k-8k,<250,5.38,82.6,unfit
20,North,Gym,75,15051,541,>14k,400-550,7.81,76.0,moderately_fit
27,North,Running,95,15139,849,>14k,>700,8.68,70.3,fit
27,North,Gym,88,9531,387,8k-11k,250-400,6.82,75.9,moderately_fit
19,East,Gym,75,5852,189,5k-8k,<250,7.74,76.8,unfit
53,West,Walking,66,4482,163,<5k,<250,3.52,69.5,unfit
27,West,Gym,84,9247,379,8k-11k,250-400,6.14,73.2,moderately_fit
55,West,Gym,77,7383,291,5k-8k,250-400,7.58,68.5,moderately_fit
46,East,Cycling,85,13912,681,11k-14k,550-700,8.36,71.8,fit
24,North,Running,80,14771,586,>14k,550-700,7.39,76.1,moderately_fit
37,East,Gym,90,11329,366,11k-14k,250-400,6.57,85.4,moderately_fit
18,East,Running,105,15537,859,>14k,>700,7.81,66.0,fit
24,North,Running,103,16983,652,>14k,550-700,7.47,57.9,fit
30,East,Gym,87,5030,237,5k-8k,<250,6.41,72.5,unfit
24,South,Gym,78,6458,287,5k-8k,250-400,5.29,72.3,unfit
34,West,Gym,84,11242,565,11k-14k,550-700,6.54,64.9,moderately_fit
55,East,Walking,80,9019,371,8k-11k,250-400,6.87,72.3,moderately_fit
75,West,Walking,71,1547,100,<5k,<250,6.34,80.4,unfit
27,North,Walking,80,7544,230,5k-8k,<250,8.02,81.0,moderately_fit
29,North,Running,111,9401,606,8k-11k,550-700,8.14,59.7,moderately_fit
31,West,Cycling,82,9299,460,8k-11k,400-550,5.97,70.9,moderately_fit
60,North,Sports,112,4607,266,<5k,250-400,6.47,92.3,unfit
31,South,Cycling,87,10663,517,8k-11k,400-550,5.23,66.4,moderately_fit
25,East,Running,106,13746,748,11k-14k,>700,6.62,76.5,fit
32,West,Gym,84,8575,401,8k-11k,400-550,5.12,72.8,moderately_fit
70,North,Walking,85,4641,166,<5k,<250,7.35,86.4,unfit
22,North,Running,104,16504,774,>14k,>700,7.15,71.0,fit
24,South,Running,104,19543,992,>14k,>700,9.08,74.6,fit
44,South,Cycling,94,6898,310,5k-8k,250-400,5.7,84.4,unfit
54,North,Cycling,85,7018,259,5k-8k,250-400,6.08,83.6,moderately_fit
20,West,Gym,88,10190,443,8k-11k,400-550,6.88,77.2,moderately_fit
31,East,Gym,85,8463,404,8k-11k,400-550,6.2,80.9,moderately_fit
60,West,Gym,87,6408,275,5k-8k,250-400,6.25,75.8,unfit
51,North,Gym,66,4518,194,<5k,<250,6.24,66.2,unfit
34,East,Gym,81,7794,229,5k-8k,<250,7.29,91.3,moderately_fit
30,West,Running,99,12462,540,11k-14k,400-550,7.17,76.0,moderately_fit
47,South,Gym,74,8613,444,8k-11k,400-550,6.66,87.3,moderately_fit
29,North,Running,104,11177,541,11k-14k,400-550,5.76,51.2,moderately_fit
19,West,Gym,87,12164,422,11k-14k,400-550,6.28,87.0,moderately_fit
29,South,Running,96,10105,493,8k-11k,400-550,5.78,66.2,moderately_fit
61,East,Cycling,80,12445,643,11k-14k,550-700,7.46,80.8,fit
57,North,Sports,88,7575,374,5k-8k,250-400,8.43,73.5,moderately_fit
25,East,Sports,110,15999,641,>14k,550-700,6.74,55.0,fit
18,West,Running,102,12750,724,11k-14k,>700,4.65,72.3,fit
25,South,Running,96,16791,896,>14k,>700,6.42,87.2,fit
65,North,Gym,92,5954,238,5k-8k,<250,6.32,75.0,unfit
31,North,Walking,73,7467,306,5k-8k,250-400,7.12,67.7,moderately_fit
62,North,Walking,80,6857,238,5k-8k,<250,5.9,92.6,unfit
30,South,Walking,67,6692,271,5k-8k,250-400,8.1,74.5,unfit
58,East,Running,99,5290,285,5k-8k,250-400,4.88,70.1,unfit
49,North,Running,110,9992,483,8k-11k,400-550,5.74,70.2,moderately_fit
30,North,Walking,66,6348,169,5k-8k,<250,7.39,68.9,unfit
51,South,Running,83,16885,838,>14k,>700,7.54,84.2,fit
33,South,Cycling,79,10681,468,8k-11k,400-550,8.06,55.5,moderately_fit
63,South,Cycling,92,8826,436,8k-11k,400-550,7.22,78.2,moderately_fit
55,East,Gym,83,7244,349,5k-8k,250-400,7.95,78.5,moderately_fit
25,West,Gym,89,10078,482,8k-11k,400-550,7.84,76.7,moderately_fit
38,North,Walking,130,4457,116,<5k,<250,6.03,77.9,unfit
56,South,Cycling,92,7242,410,5k-8k,400-550,7.08,74.5,moderately_fit
47,South,Gym,75,9722,446,8k-11k,400-550,5.26,64.3,moderately_fit
47,North,Running,101,11430,632,11k-14k,550-700,7.94,80.6,moderately_fit
24,South,Running,104,14096,773,>14k,>700,6.53,81.7,fit
32,East,Sports,83,11736,594,11k-14k,550-700,7.88,66.6,moderately_fit
54,North,Gym,92,9320,418,8k-11k,400-550,7.29,69.3,moderately_fit
37,North,Running,107,11177,652,11k-14k,550-700,7.16,72.6,moderately_fit
44,East,Gym,99,8516,333,8k-11k,250-400,8.03,80.9,moderately_fit
67,East,Sports,96,3370,118,<5k,<250,6.97,79.0,unfit
29,South,Running,102,9064,503,8k-11k,400-550,8.38,82.9,moderately_fit
26,East,Walking,72,7075,188,5k-8k,<250,5.91,76.2,moderately_fit
18,West,Running,92,11684,719,11k-14k,>700,8.5,71.7,moderately_fit
44,North,Gym,71,10724,561,8k-11k,550-700,7.86,56.9,moderately_fit
55,North,Walking,92,3890,116,<5k,<250,5.61,87.9,unfit
27,North,Running,114,13716,830,11k-14k,>700,7.49,48.0,fit
36,East,Cycling,120,12566,652,11k-14k,550-700,4.44,52.9,fit
53,South,Gym,79,8899,407,8k-11k,400-550,6.74,71.1,moderately_fit
46,West,Cycling,90,8398,450,8k-11k,400-550,5.87,86.4,moderately_fit
25,East,Running,108,13130,797,11k-14k,>700,7.43,72.5,fit
24,South,Running,82,15824,816,>14k,>700,8.87,68.4,fit
28,North,Gym,72,11350,567,11k-14k,550-700,10.2,72.0,moderately_fit
25,South,Gym,77,13275,546,11k-14k,400-550,7.77,83.1,moderately_fit
53,North,Walking,83,7743,265,5k-8k,250-400,6.87,56.2,moderately_fit
31,West,Gym,70,10846,501,8k-11k,400-550,6.56,73.0,moderately_fit
45,South,Sports,95,11516,545,11k-14k,400-550,5.71,67.5,moderately_fit
20,North,Cycling,84,12142,625,11k-14k,550-700,6.4,65.0,fit
57,South,Walking,65,5178,184,5k-8k,<250,5.85,88.5,unfit
67,North,Gym,96,7979,314,5k-8k,250-400,8.0,69.9,moderately_fit
24,South,Sports,99,11888,474,11k-14k,400-550,4.46,63.6,moderately_fit
64,North,Walking,68,6939,207,5k-8k,<250,6.54,81.0,unfit
25,South,Running,97,16467,613,>14k,550-700,7.75,64.1,fit
28,South,Walking,66,8407,333,8k-11k,250-400,8.01,84.7,moderately_fit
45,South,Cycling,92,8284,483,8k-11k,400-550,6.21,81.4,moderately_fit
65,East,Sports,99,8705,391,8k-11k,250-400,6.92,74.0,moderately_fit
52,North,Cycling,92,11989,573,11k-14k,550-700,7.71,90.6,moderately_fit
25,South,Running,95,9179,464,8k-11k,400-550,6.52,79.8,moderately_fit
59,South,Gym,88,7741,383,5k-8k,250-400,6.94,88.9,moderately_fit
60,South,Gym,94,9092,391,8k-11k,250-400,6.51,70.1,moderately_fit
65,West,Walking,83,6362,188,5k-8k,<250,5.7,88.7,unfit
60,North,Walking,82,9898,341,8k-11k,250-400,7.87,66.8,moderately_fit
25,East,Sports,88,8363,507,8k-11k,400-550,8.41,77.3,moderately_fit
25,South,Gym,83,6574,346,5k-8k,250-400,7.68,59.0,unfit
20,South,Gym,90,10322,466,8k-11k,400-550,6.71,58.4,moderately_fit
31,East,Running,113,16495,769,>14k,>700,7.71,71.1,fit
56,North,Sports,104,9850,448,8k-11k,400-550,7.71,76.2,moderately_fit
47,East,Cycling,76,12974,544,11k-14k,400-550,8.98,76.1,moderately_fit
71,North,Gym,87,5023,205,5k-8k,<250,4.67,83.9,unfit
37,South,Running,107,12281,607,11k-14k,550-700,6.13,75.2,fit
32,East,Cycling,111,12786,751,11k-14k,>700,7.03,85.2,fit
63,North,Running,95,9438,485,8k-11k,400-550,7.49,76.7,moderately_fit
21,East,Sports,86,15082,615,>14k,550-700,5.99,68.6,fit
56,North,Gym,86,9203,402,8k-11k,400-550,7.17,65.6,moderately_fit
33,East,Running,91,12250,696,11k-14k,550-700,6.06,71.3,fit
27,South,Cycling,80,12028,583,11k-14k,550-700,4.34,59.5,moderately_fit
62,East,Cycling,89,7284,344,5k-8k,250-400,6.35,71.4,moderately_fit
31,West,Gym,77,6902,319,5k-8k,250-400,7.68,65.7,unfit
23,South,Gym,93,8688,355,8k-11k,250-400,7.01,71.4,moderately_fit
27,North,Sports,85,11771,713,11k-14k,>700,5.31,80.1,moderately_fit
31,West,Running,110,14035,439,>14k,400-550,7.58,63.0,moderately_fit
40,North,Running,92,12473,625,11k-14k,550-700,8.89,90.9,fit
32,East,Gym,70,4679,238,<5k,<250,7.6,78.0,unfit
32,West,Running,107,16572,841,>14k,>700,8.43,64.7,fit
36,East,Cycling,86,6304,296,5k-8k,250-400,7.44,85.6,unfit
31,North,Running,77,14266,753,>14k,>700,7.89,70.6,fit
35,North,Gym,80,7014,334,5k-8k,250-400,6.26,71.4,moderately_fit
20,North,Gym,90,10231,497,8k-11k,400-550,6.72,63.2,moderately_fit
52,South,Sports,96,9492,547,8k-11k,400-550,6.08,81.7,moderately_fit
23,North,Cycling,95,12469,585,11k-14k,550-700,7.16,62.4,moderately_fit
32,East,Cycling,92,12181,446,11k-14k,400-550,6.35,63.6,moderately_fit
54,South,Running,102,14513,893,>14k,>700,5.59,59.4,fit
56,West,Gym,90,9399,425,8k-11k,400-550,6.6,87.5,moderately_fit
60,East,Cycling,97,8743,485,8k-11k,400-550,6.34,74.0,moderately_fit
22,West,Cycling,76,14038,756,>14k,>700,6.58,88.2,fit
58,North,Cycling,93,7527,306,5k-8k,250-400,8.22,83.3,moderately_fit
45,South,Gym,83,12402,581,11k-14k,550-700,7.13,84.2,moderately_fit
24,North,Running,110,12616,546,11k-14k,400-550,7.12,81.4,moderately_fit
40,North,Cycling,88,9065,408,8k-11k,400-550,8.04,76.0,moderately_fit
54,South,Walking,74,2446,100,<5k,<250,6.28,81.9,unfit
35,East,Running,105,11296,600,11k-14k,550-700,8.1,84.4,moderately_fit
28,North,Running,103,13198,697,11k-14k,550-700,7.44,77.3,fit
37,North,Running,94,12283,570,11k-14k,550-700,7.17,66.6,moderately_fit
71,North,Cycling,87,11967,368,11k-14k,250-400,6.92,74.9,moderately_fit
28,East,Gym,83,10795,458,8k-11k,400-550,7.01,73.8,moderately_fit
63,West,Cycling,84,10747,464,8k-11k,400-550,8.23,67.2,moderately_fit
30,North,Gym,67,9200,365,8k-11k,250-400,6.57,68.2,moderately_fit
28,South,Sports,94,10380,647,8k-11k,550-700,7.15,68.0,moderately_fit
29,West,Gym,80,14713,510,>14k,400-550,7.16,59.5,moderately_fit
45,North,Cycling,93,9587,501,8k-11k,400-550,7.61,78.3,moderately_fit
36,East,Running,107,15133,944,>14k,>700,6.31,82.4,fit
29,North,Gym,89,6897,289,5k-8k,250-400,7.2,76.3,unfit
33,South,Running,99,9988,384,8k-11k,250-400,7.01,53.5,moderately_fit
40,South,Sports,97,14832,766,>14k,>700,6.7,66.1,fit
54,East,Walking,75,6945,303,5k-8k,250-400,7.77,87.0,unfit
24,North,Gym,89,9043,314,8k-11k,250-400,5.46,77.3,moderately_fit
54,North,Gym,69,7128,289,5k-8k,250-400,7.52,86.5,moderately_fit
42,North,Gym,93,5812,215,5k-8k,<250,6.11,68.9,unfit
29,South,Sports,130,10644,521,8k-11k,400-550,6.16,71.2,moderately_fit
26,West,Gym,83,10530,468,8k-11k,400-550,6.79,87.4,moderately_fit
20,East,Running,79,14936,738,>14k,>700,8.92,60.9,fit
51,North,Walking,79,7745,283,5k-8k,250-400,6.56,75.6,moderately_fit
41,West,Gym,90,1614,100,<5k,<250,7.88,76.6,unfit
29,North,Gym,85,9702,420,8k-11k,400-550,5.79,68.8,moderately_fit
53,South,Gym,80,9616,505,8k-11k,400-550,7.04,73.6,moderately_fit
53,East,Gym,83,2151,100,<5k,<250,6.98,103.3,unfit
62,North,Walking,72,3585,141,<5k,<250,4.31,81.1,unfit
63,North,Cycling,97,4784,312,<5k,250-400,7.95,85.0,unfit
38,North,Running,98,16889,836,>14k,>700,6.42,89.3,fit
47,East,Gym,72,8246,360,8k-11k,250-400,8.12,67.1,moderately_fit
27,South,Gym,78,9752,402,8k-11k,400-550,6.02,66.1,moderately_fit
26,South,Gym,71,12302,529,11k-14k,400-550,8.13,56.4,moderately_fit
38,East,Gym,81,8389,394,8k-11k,250-400,7.5,69.1,moderately_fit
54,East,Gym,73,5975,276,5k-8k,250-400,9.06,76.8,unfit
32,East,Sports,95,12214,524,11k-14k,400-550,7.97,73.7,moderately_fit
28,South,Sports,87,13208,644,11k-14k,550-700,7.13,74.7,fit
52,North,Cycling,90,6452,298,5k-8k,250-400,8.53,75.8,unfit
33,North,Gym,69,12916,608,11k-14k,550-700,6.73,77.9,fit
49,East,Gym,96,3200,121,<5k,<250,5.51,80.2,unfit
23,East,Sports,88,13382,647,11k-14k,550-700,6.44,62.5,fit
20,West,Running,99,19821,870,>14k,>700,6.96,77.4,fit
39,North,Gym,81,8902,346,8k-11k,250-400,7.78,86.5,moderately_fit
72,North,Walking,70,1010,100,<5k,<250,6.43,94.1,unfit
36,North,Running,107,17659,749,>14k,>700,7.71,75.3,fit
34,North,Cycling,87,9516,512,8k-11k,400-550,7.35,82.9,moderately_fit
52,South,Cycling,91,11232,545,11k-14k,400-550,7.63,92.1,moderately_fit
26,West,Gym,73,10513,426,8k-11k,400-550,6.53,79.1,moderately_fit
29,South,Gym,75,9226,477,8k-11k,400-550,6.16,68.5,moderately_fit
64,South,Gym,87,1786,100,<5k,<250,6.89,85.5,unfit
55,East,Walking,62,6840,179,5k-8k,<250,7.16,80.4,unfit
31,North,Running,88,15914,813,>14k,>700,7.14,85.3,fit
57,East,Running,108,6297,333,5k-8k,250-400,6.85,82.3,unfit
23,East,Gym,69,13853,466,11k-14k,400-550,6.97,72.1,moderately_fit
41,North,Cycling,95,9194,420,8k-11k,400-550,6.71,84.7,moderately_fit
56,East,Walking,64,9606,345,8k-11k,250-400,7.13,83.5,moderately_fit
19,South,Running,92,16901,893,>14k,>700,7.13,86.9,fit
36,North,Cycling,82,10619,501,8k-11k,400-550,8.07,75.5,moderately_fit
40,North,Gym,69,8795,454,8k-11k,400-550,7.25,92.3,moderately_fit
34,South,Cycling,101,13182,626,11k-14k,550-700,6.55,78.8,fit
32,North,Gym,88,12886,543,11k-14k,400-550,6.17,78.2,moderately_fit
46,North,Gym,82,5703,235,5k-8k,<250,5.4,69.7,unfit
31,South,Gym,76,7636,319,5k-8k,250-400,7.22,62.4,moderately_fit
25,South,Gym,86,13678,565,11k-14k,550-700,6.7,88.6,moderately_fit
33,East,Cycling,82,8594,355,8k-11k,250-400,6.92,71.3,moderately_fit
23,West,Gym,68,9722,437,8k-11k,400-550,6.42,81.1,moderately_fit
57,East,Running,98,9038,450,8k-11k,400-550,7.22,64.5,moderately_fit
18,South,Sports,80,14848,619,>14k,550-700,6.07,68.4,fit
55,East,Walking,66,1099,100,<5k,<250,7.31,88.5,unfit
32,East,Walking,69,8722,405,8k-11k,400-550,6.33,82.3,moderately_fit
42,North,Walking,71,9040,305,8k-11k,250-400,5.76,79.1,moderately_fit
62,North,Walking,82,6968,213,5k-8k,<250,7.04,73.5,unfit
28,East,Gym,120,7254,336,5k-8k,250-400,6.63,75.0,moderately_fit
49,East,Cycling,95,1000,100,<5k,<250,4.69,72.9,unfit
27,West,Gym,88,7706,299,5k-8k,250-400,9.2,72.6,moderately_fit
24,South,Running,45,16355,890,>14k,>700,7.95,67.5,fit
25,West,Walking,79,7577,303,5k-8k,250-400,7.68,45.0,moderately_fit
49,North,Gym,71,10130,294,8k-11k,250-400,6.16,63.7,moderately_fit
27,South,Gym,82,8846,359,8k-11k,250-400,7.55,78.8,moderately_fit
18,West,Gym,80,9320,397,8k-11k,250-400,6.62,70.1,moderately_fit
30,North,Gym,80,13200,568,11k-14k,550-700,7.45,83.5,moderately_fit
57,North,Gym,82,5673,276,5k-8k,250-400,6.54,67.2,unfit
20,South,Running,98,16739,685,>14k,550-700,8.68,83.5,fit
23,East,Gym,82,11626,496,11k-14k,400-550,7.25,76.7,moderately_fit
28,North,Cycling,80,17128,906,>14k,>700,7.15,56.2,fit
20,South,Gym,79,14005,479,>14k,400-550,7.06,73.5,moderately_fit
25,North,Gym,87,10905,360,8k-11k,250-400,6.57,77.0,moderately_fit
64,South,Cycling,45,10094,375,8k-11k,250-400,6.72,78.6,moderately_fit
30,West,Sports,97,15114,586,>14k,550-700,8.8,91.6,moderately_fit
33,North,Cycling,79,9196,386,8k-11k,250-400,5.91,71.4,moderately_fit
31,North,Gym,82,13536,593,11k-14k,550-700,8.06,56.5,moderately_fit
54,South,Sports,91,9802,414,8k-11k,400-550,6.27,82.3,moderately_fit
18,South,Running,102,17045,858,>14k,>700,6.68,65.0,fit
27,North,Running,92,15184,744,>14k,>700,7.82,72.6,fit
22,South,Sports,83,10760,450,8k-11k,400-550,6.72,68.4,moderately_fit
52,West,Cycling,80,8327,360,8k-11k,250-400,7.2,84.5,moderately_fit
46,North,Cycling,91,7766,350,5k-8k,250-400,6.45,63.1,moderately_fit
30,North,Cycling,95,11588,590,11k-14k,550-700,7.75,82.3,moderately_fit
72,South,Walking,66,2056,100,<5k,<250,5.39,84.6,unfit
18,South,Running,110,12033,683,11k-14k,550-700,7.58,77.3,fit
50,North,Walking,83,5406,199,5k-8k,<250,7.88,52.2,unfit
26,South,Sports,93,11912,667,11k-14k,550-700,8.73,87.3,moderately_fit
31,West,Running,97,18067,844,>14k,>700,8.72,61.0,fit
44,North,Cycling,50,12407,610,11k-14k,550-700,5.77,85.5,fit
19,East,Running,97,14548,684,>14k,550-700,7.67,56.3,fit
48,North,Cycling,82,14136,663,>14k,550-700,8.39,70.6,fit
53,South,Walking,53,6804,260,5k-8k,250-400,7.17,80.7,unfit
26,South,Running,95,16222,812,>14k,>700,5.65,67.7,fit
47,South,Cycling,104,4952,252,<5k,250-400,5.91,74.8,unfit
23,South,Gym,74,7312,349,5k-8k,250-400,7.22,55.1,moderately_fit
24,North,Gym,110,12219,585,11k-14k,550-700,7.59,82.3,moderately_fit
22,East,Running,103,16564,1087,>14k,>700,7.87,71.3,fit
54,South,Walking,120,9670,447,8k-11k,400-550,6.47,92.8,moderately_fit
23,North,Gym,80,13960,895,11k-14k,>700,6.58,84.6,fit
56,West,Walking,69,4911,173,<5k,<250,5.47,69.3,unfit
30,North,Gym,81,12077,493,11k-14k,400-550,7.18,73.4,moderately_fit
45,East,Cycling,70,7383,411,5k-8k,400-550,9.52,80.4,moderately_fit
52,South,Sports,101,6083,342,5k-8k,250-400,8.65,78.4,unfit
27,South,Cycling,92,12077,591,11k-14k,550-700,7.7,66.8,moderately_fit
30,North,Walking,60,8890,306,8k-11k,250-400,7.54,72.5,moderately_fit
58,North,Cycling,96,9636,420,8k-11k,400-550,8.49,68.3,moderately_fit
26,North,Running,112,17068,962,>14k,>700,8.23,77.6,fit
50,East,Cycling,89,7985,424,5k-8k,400-550,7.91,81.5,moderately_fit
30,East,Running,100,16856,991,>14k,>700,7.96,59.0,fit
38,East,Walking,79,5893,225,5k-8k,<250,5.48,98.4,unfit
60,West,Running,103,17966,777,>14k,>700,8.55,81.1,fit
31,West,Running,45,16268,963,>14k,>700,8.3,66.4,fit
18,South,Cycling,82,15943,858,>14k,>700,6.38,63.6,fit
25,East,Cycling,82,8328,409,8k-11k,400-550,6.24,85.8,moderately_fit
62,North,Walking,91,4811,197,<5k,<250,5.91,62.3,unfit
52,East,Cycling,82,9065,428,8k-11k,400-550,8.52,79.4,moderately_fit
33,East,Running,106,10014,601,8k-11k,550-700,6.87,87.3,moderately_fit
48,North,Gym,89,12036,606,11k-14k,550-700,6.55,59.1,fit
59,South,Gym,74,7408,381,5k-8k,250-400,7.54,70.4,moderately_fit
60,West,Walking,71,2740,100,<5k,<250,6.21,78.3,unfit
18,North,Walking,71,7006,283,5k-8k,250-400,5.81,72.7,moderately_fit
32,South,Gym,95,6258,252,5k-8k,250-400,4.78,80.4,unfit
56,North,Walking,77,7463,279,5k-8k,250-400,7.81,71.7,moderately_fit
27,South,Walking,50,8734,355,8k-11k,250-400,6.17,71.5,moderately_fit
57,North,Cycling,84,10499,414,8k-11k,400-550,8.3,100.3,moderately_fit
27,North,Gym,77,11851,569,11k-14k,550-700,6.59,76.7,moderately_fit
23,North,Running,108,21091,1202,>14k,>700,5.67,54.2,fit
26,West,Running,110,19643,995,>14k,>700,7.19,65.3,fit
26,South,Gym,67,8346,398,8k-11k,250-400,5.04,50.0,moderately_fit
26,South,Sports,77,17630,754,>14k,>700,5.89,74.4,fit
26,South,Running,104,13599,776,11k-14k,>700,6.81,62.8,fit
24,North,Cycling,92,11782,611,11k-14k,550-700,6.86,58.0,moderately_fit
24,West,Running,115,14613,582,>14k,550-700,7.36,57.7,moderately_fit
55,East,Cycling,87,10701,434,8k-11k,400-550,8.43,95.1,moderately_fit
67,South,Sports,94,4086,204,<5k,<250,6.76,84.3,unfit
26,South,Gym,98,9528,414,8k-11k,400-550,5.48,60.2,moderately_fit
49,East,Running,113,12786,763,11k-14k,>700,8.83,71.8,fit
60,North,Gym,71,2987,145,<5k,<250,7.74,82.8,unfit
26,North,Sports,85,8048,339,8k-11k,250-400,5.86,66.7,moderately_fit
32,South,Gym,79,7002,353,5k-8k,250-400,7.6,77.3,moderately_fit
56,West,Running,102,8978,517,8k-11k,400-550,7.0,76.9,moderately_fit
61,North,Walking,72,5792,293,5k-8k,250-400,5.73,84.7,unfit
51,South,Sports,96,9807,408,8k-11k,400-550,7.25,77.9,moderately_fit
51,North,Gym,82,10735,403,8k-11k,400-550,6.99,72.4,moderately_fit
62,North,Cycling,92,7530,376,5k-8k,250-400,7.25,81.9,moderately_fit
22,South,Cycling,81,10776,475,8k-11k,400-550,7.01,63.1,moderately_fit
49,North,Running,101,14911,823,>14k,>700,6.13,73.0,fit
32,West,Cycling,89,6123,302,5k-8k,250-400,7.24,74.1,unfit
22,South,Running,97,19920,1270,>14k,>700,6.58,68.0,fit
49,North,Running,96,7332,332,5k-8k,250-400,6.34,85.5,moderately_fit
23,South,Running,109,17562,814,>14k,>700,6.67,82.4,fit
33,East,Gym,86,11110,489,11k-14k,400-550,6.02,60.0,moderately_fit
53,North,Walking,79,9263,320,8k-11k,250-400,5.75,82.0,moderately_fit
27,South,Sports,81,10433,607,8k-11k,550-700,6.36,78.0,moderately_fit
58,East,Walking,70,5950,251,5k-8k,250-400,4.4,97.3,unfit
20,North,Cycling,89,8960,437,8k-11k,400-550,7.41,92.3,moderately_fit
48,West,Walking,74,6277,247,5k-8k,<250,6.0,77.8,unfit
55,North,Gym,87,7277,278,5k-8k,250-400,6.99,77.8,moderately_fit
22,North,Gym,84,13617,450,11k-14k,400-550,7.23,70.5,moderately_fit
26,South,Running,90,15812,708,>14k,>700,7.43,66.4,fit
59,North,Walking,84,5745,191,5k-8k,<250,6.81,83.0,unfit
35,East,Cycling,98,10522,588,8k-11k,550-700,7.12,60.3,moderately_fit
27,South,Running,95,12722,738,11k-14k,>700,7.5,78.6,fit
61,North,Cycling,85,7962,291,5k-8k,250-400,5.74,79.9,moderately_fit
27,West,Running,115,14346,784,>14k,>700,7.22,83.6,fit
69,East,Sports,101,13427,667,11k-14k,550-700,7.1,73.7,fit
25,South,Cycling,97,12444,610,11k-14k,550-700,6.87,66.9,fit
55,South,Walking,66,3955,153,<5k,<250,6.47,94.3,unfit
50,North,Walking,67,11509,435,11k-14k,400-550,5.31,51.2,moderately_fit
26,East,Walking,70,9642,377,8k-11k,250-400,6.26,89.3,moderately_fit
23,East,Gym,86,12096,614,11k-14k,550-700,6.95,53.7,fit
62,North,Gym,83,6526,301,5k-8k,250-400,8.19,92.5,unfit
66,South,Sports,50,10833,697,8k-11k,550-700,7.13,77.4,moderately_fit
24,South,Running,108,15312,951,>14k,>700,6.53,67.7,fit
38,North,Cycling,96,7001,320,5k-8k,250-400,5.3,88.1,moderately_fit
31,East,Gym,78,10267,370,8k-11k,250-400,6.81,79.1,moderately_fit
23,North,Gym,92,6529,231,5k-8k,<250,7.29,92.3,unfit
31,North,Cycling,76,11705,538,11k-14k,400-550,7.12,104.0,moderately_fit
26,North,Gym,90,10444,466,8k-11k,400-550,7.8,61.9,moderately_fit
18,South,Cycling,84,9719,404,8k-11k,400-550,6.06,74.0,moderately_fit
24,North,Gym,110,9893,486,8k-11k,400-550,6.12,71.0,moderately_fit
35,West,Sports,82,13012,512,11k-14k,400-550,9.03,73.5,moderately_fit
55,East,Cycling,100,7758,292,5k-8k,250-400,7.19,69.8,moderately_fit
58,North,Gym,93,8476,318,8k-11k,250-400,6.59,56.5,moderately_fit
56,East,Cycling,87,12140,582,11k-14k,550-700,6.86,75.8,moderately_fit
23,East,Gym,100,11772,447,11k-14k,400-550,6.38,75.8,moderately_fit
29,North,Gym,82,8491,420,8k-11k,400-550,7.78,65.7,moderately_fit
62,North,Walking,80,8559,337,8k-11k,250-400,5.7,92.4,moderately_fit
20,North,Gym,80,11748,490,11k-14k,400-550,6.76,83.2,moderately_fit
28,North,Running,106,13492,829,11k-14k,>700,6.29,69.9,fit
26,East,Cycling,80,9818,456,8k-11k,400-550,4.41,66.1,moderately_fit
43,South,Walking,110,7904,252,5k-8k,250-400,6.06,91.7,moderately_fit
29,West,Sports,90,14760,708,>14k,>700,7.05,76.4,fit
30,East,Sports,99,14795,883,>14k,>700,6.97,63.2,fit
35,North,Cycling,77,12180,578,11k-14k,550-700,8.62,73.8,moderately_fit
19,East,Sports,82,12060,516,11k-14k,400-550,7.3,80.2,moderately_fit
58,North,Cycling,101,10220,399,8k-11k,250-400,7.65,89.8,moderately_fit
37,North,Running,84,10517,403,8k-11k,400-550,9.2,75.8,moderately_fit
50,South,Gym,78,8591,374,8k-11k,250-400,7.7,77.0,moderately_fit
23,North,Running,105,19894,872,>14k,>700,6.39,77.7,fit
49,North,Gym,92,5414,179,5k-8k,<250,6.12,71.1,unfit
52,East,Walking,81,5079,222,5k-8k,<250,5.17,98.9,unfit
31,West,Running,120,16540,998,>14k,>700,8.38,67.3,fit
24,North,Gym,83,7409,335,5k-8k,250-400,9.29,70.2,moderately_fit
54,North,Sports,95,13716,658,11k-14k,550-700,7.6,74.0,fit
26,South,Running,85,17128,768,>14k,>700,7.01,81.0,fit
30,East,Gym,66,11744,533,11k-14k,400-550,8.47,100.5,moderately_fit
54,North,Walking,66,8355,302,8k-11k,250-400,7.51,91.2,moderately_fit
60,West,Gym,92,3968,206,<5k,<250,6.14,74.3,unfit
52,East,Walking,50,4023,152,<5k,<250,6.45,81.4,unfit
60,South,Walking,71,8400,344,8k-11k,250-400,6.68,84.4,moderately_fit
58,West,Sports,102,8766,333,8k-11k,250-400,6.85,77.7,moderately_fit
23,West,Gym,103,9485,460,8k-11k,400-550,6.51,63.4,moderately_fit
29,North,Running,103,16023,866,>14k,>700,8.07,87.9,fit
24,North,Gym,99,9978,485,8k-11k,400-550,8.31,83.1,moderately_fit
30,East,Sports,97,14661,791,>14k,>700,8.29,90.2,fit
48,West,Running,95,13735,722,11k-14k,>700,8.0,93.9,fit
29,East,Running,110,13306,620,11k-14k,550-700,9.02,95.6,fit
29,South,Cycling,98,10882,482,8k-11k,400-550,6.71,78.4,moderately_fit
27,East,Running,99,14875,875,>14k,>700,6.89,75.4,fit
30,North,Walking,78,8139,274,8k-11k,250-400,7.05,76.0,moderately_fit
55,West,Gym,81,9545,453,8k-11k,400-550,7.44,76.7,moderately_fit
28,South,Gym,80,9747,415,8k-11k,400-550,6.36,88.7,moderately_fit
29,West,Running,120,13646,761,11k-14k,>700,7.04,63.0,fit
58,South,Gym,78,6883,251,5k-8k,250-400,6.64,87.2,unfit
68,West,Cycling,91,6919,343,5k-8k,250-400,6.97,71.5,unfit
27,North,Gym,78,13412,562,11k-14k,550-700,7.54,56.4,moderately_fit
28,East,Gym,83,7150,361,5k-8k,250-400,6.98,57.4,moderately_fit
44,West,Sports,92,7595,334,5k-8k,250-400,5.16,86.3,moderately_fit
30,East,Sports,110,14188,640,>14k,550-700,7.4,55.6,fit
28,East,Sports,85,13336,698,11k-14k,550-700,7.42,64.8,fit
46,North,Running,101,18393,997,>14k,>700,8.09,69.7,fit
31,South,Gym,74,8924,454,8k-11k,400-550,7.17,55.8,moderately_fit
24,West,Cycling,88,11447,517,11k-14k,400-550,7.6,58.4,moderately_fit
53,North,Walking,79,4486,201,<5k,<250,4.64,79.6,unfit
38,East,Gym,86,8918,356,8k-11k,250-400,7.02,75.8,moderately_fit
49,East,Gym,86,3598,121,<5k,<250,7.07,81.1,unfit
33,North,Cycling,109,6080,336,5k-8k,250-400,7.89,88.2,unfit
31,North,Gym,67,7774,388,5k-8k,250-400,7.93,57.4,moderately_fit
26,South,Cycling,83,11525,689,11k-14k,550-700,6.9,95.4,moderately_fit
48,North,Walking,86,5226,247,5k-8k,<250,8.17,69.3,unfit
48,West,Gym,63,6553,201,5k-8k,<250,7.24,75.3,unfit
30,East,Running,107,9275,329,8k-11k,250-400,7.59,67.7,moderately_fit
21,South,Gym,73,11378,538,11k-14k,400-550,6.99,66.8,moderately_fit
23,North,Sports,90,10785,377,8k-11k,250-400,6.37,52.7,moderately_fit
43,East,Sports,97,14982,727,>14k,>700,6.99,72.3,fit
57,South,Walking,74,5781,204,5k-8k,<250,6.91,81.0,unfit
27,North,Sports,99,9591,400,8k-11k,250-400,7.78,71.0,moderately_fit
63,South,Running,111,3582,211,<5k,<250,7.31,73.6,unfit
34,West,Running,115,9715,572,8k-11k,550-700,6.22,77.2,moderately_fit
27,North,Cycling,84,11121,729,11k-14k,>700,6.34,69.3,moderately_fit
31,South,Sports,78,5932,378,5k-8k,250-400,8.91,86.0,moderately_fit
68,West,Walking,80,3748,117,<5k,<250,6.59,84.3,unfit
33,North,Gym,89,7669,326,5k-8k,250-400,8.09,78.8,moderately_fit
26,West,Running,120,11979,470,11k-14k,400-550,9.55,89.6,moderately_fit
27,South,Gym,84,7938,324,5k-8k,250-400,5.77,73.3,moderately_fit
33,North,Gym,79,7836,311,5k-8k,250-400,6.06,73.6,moderately_fit
29,North,Running,101,11544,594,11k-14k,550-700,7.34,79.4,moderately_fit
26,North,Cycling,82,15034,805,>14k,>700,6.48,73.8,fit
18,North,Gym,84,8458,321,8k-11k,250-400,6.98,58.6,moderately_fit
51,North,Walking,78,1000,100,<5k,<250,5.73,76.0,unfit
56,North,Cycling,81,4869,211,<5k,<250,6.84,71.5,unfit
29,North,Gym,70,10771,476,8k-11k,400-550,7.04,78.6,moderately_fit
51,East,Cycling,76,10486,408,8k-11k,400-550,6.37,64.5,moderately_fit
26,East,Sports,99,10993,591,8k-11k,550-700,7.38,75.2,moderately_fit
28,West,Sports,94,8605,430,8k-11k,400-550,6.61,47.0,moderately_fit
47,South,Cycling,89,11458,529,11k-14k,400-550,6.82,74.8,moderately_fit
35,West,Gym,103,4898,215,<5k,<250,7.56,83.1,unfit
59,North,Walking,64,6560,305,5k-8k,250-400,6.71,74.5,unfit
39,North,Cycling,50,9247,508,8k-11k,400-550,7.8,83.9,moderately_fit
29,North,Sports,83,13295,576,11k-14k,550-700,7.64,72.1,moderately_fit
30,East,Walking,60,6346,271,5k-8k,250-400,5.48,86.9,unfit
38,West,Walking,69,9853,422,8k-11k,400-550,6.29,100.0,moderately_fit
49,South,Cycling,91,4907,202,<5k,<250,6.61,94.4,unfit
33,South,Gym,75,10438,515,8k-11k,400-550,6.96,72.0,moderately_fit
53,East,Walking,82,5441,200,5k-8k,<250,6.18,77.3,unfit
